similarity_result,diagnosed_name,diagnosed_given,diagnosed_then,candidate_name,candidate_given,candidate_then,elapsed_time,config
0.9141414141414143,scen_G1_T1,h < 100,delta_dt >= 10,cand_low_speed_flying,h < 100 AND vibration >= 50 AND wind_speed > 60,delta_dt >= 10 AND h >= 90,0.0563378999941051,"{'parameter_weights': {'parameter_1': 1.0, 'parameter_n': 1.0}, 'tversky_weights': {'alpha': 0.9, 'beta': 0.1}, 'conditional_weights': {'given': 1.0, 'when': 1.0, 'then': 1.0}}"
0.8585847474747474,scen_G1_T2,h < 100,h >= 100,cand_low_speed_flying,h < 100 AND vibration >= 50 AND wind_speed > 60,delta_dt >= 10 AND h >= 90,0.0629276999970898,"{'parameter_weights': {'parameter_1': 1.0, 'parameter_n': 1.0}, 'tversky_weights': {'alpha': 0.9, 'beta': 0.1}, 'conditional_weights': {'given': 1.0, 'when': 1.0, 'then': 1.0}}"
0.9166661111111112,scen_G1_T3,h < 100,delta_dt >= 10 AND h >= 100,cand_low_speed_flying,h < 100 AND vibration >= 50 AND wind_speed > 60,delta_dt >= 10 AND h >= 90,0.06637270003557205,"{'parameter_weights': {'parameter_1': 1.0, 'parameter_n': 1.0}, 'tversky_weights': {'alpha': 0.9, 'beta': 0.1}, 'conditional_weights': {'given': 1.0, 'when': 1.0, 'then': 1.0}}"
0.7777777777777778,scen_G1_T5,h < 100,delta_dt >= 10 AND p6 > 10,cand_low_speed_flying,h < 100 AND vibration >= 50 AND wind_speed > 60,delta_dt >= 10 AND h >= 90,0.05817219999153167,"{'parameter_weights': {'parameter_1': 1.0, 'parameter_n': 1.0}, 'tversky_weights': {'alpha': 0.9, 'beta': 0.1}, 'conditional_weights': {'given': 1.0, 'when': 1.0, 'then': 1.0}}"
0.7222211111111112,scen_G1_T6,h < 100,h >= 100 AND p6 > 10,cand_low_speed_flying,h < 100 AND vibration >= 50 AND wind_speed > 60,delta_dt >= 10 AND h >= 90,0.05553710006643087,"{'parameter_weights': {'parameter_1': 1.0, 'parameter_n': 1.0}, 'tversky_weights': {'alpha': 0.9, 'beta': 0.1}, 'conditional_weights': {'given': 1.0, 'when': 1.0, 'then': 1.0}}"
0.8132178352490422,scen_G1_T7,h < 100,delta_dt >= 10 AND h >= 100 AND p6 > 10,cand_low_speed_flying,h < 100 AND vibration >= 50 AND wind_speed > 60,delta_dt >= 10 AND h >= 90,0.07847289997152984,"{'parameter_weights': {'parameter_1': 1.0, 'parameter_n': 1.0}, 'tversky_weights': {'alpha': 0.9, 'beta': 0.1}, 'conditional_weights': {'given': 1.0, 'when': 1.0, 'then': 1.0}}"
0.7777777777777778,scen_G1_T9,h < 100,delta_dt >= 10 AND p7 > 10,cand_low_speed_flying,h < 100 AND vibration >= 50 AND wind_speed > 60,delta_dt >= 10 AND h >= 90,0.06361020007170737,"{'parameter_weights': {'parameter_1': 1.0, 'parameter_n': 1.0}, 'tversky_weights': {'alpha': 0.9, 'beta': 0.1}, 'conditional_weights': {'given': 1.0, 'when': 1.0, 'then': 1.0}}"
0.7222211111111112,scen_G1_T10,h < 100,h >= 100 AND p7 > 10,cand_low_speed_flying,h < 100 AND vibration >= 50 AND wind_speed > 60,delta_dt >= 10 AND h >= 90,0.07651080004870892,"{'parameter_weights': {'parameter_1': 1.0, 'parameter_n': 1.0}, 'tversky_weights': {'alpha': 0.9, 'beta': 0.1}, 'conditional_weights': {'given': 1.0, 'when': 1.0, 'then': 1.0}}"
0.8132178352490422,scen_G1_T11,h < 100,delta_dt >= 10 AND h >= 100 AND p7 > 10,cand_low_speed_flying,h < 100 AND vibration >= 50 AND wind_speed > 60,delta_dt >= 10 AND h >= 90,0.09295429999474436,"{'parameter_weights': {'parameter_1': 1.0, 'parameter_n': 1.0}, 'tversky_weights': {'alpha': 0.9, 'beta': 0.1}, 'conditional_weights': {'given': 1.0, 'when': 1.0, 'then': 1.0}}"
0.7260536398467433,scen_G1_T13,h < 100,delta_dt >= 10 AND p6 > 10 AND p7 > 10,cand_low_speed_flying,h < 100 AND vibration >= 50 AND wind_speed > 60,delta_dt >= 10 AND h >= 90,0.0632750999648124,"{'parameter_weights': {'parameter_1': 1.0, 'parameter_n': 1.0}, 'tversky_weights': {'alpha': 0.9, 'beta': 0.1}, 'conditional_weights': {'given': 1.0, 'when': 1.0, 'then': 1.0}}"
0.6704969731800766,scen_G1_T14,h < 100,h >= 100 AND p6 > 10 AND p7 > 10,cand_low_speed_flying,h < 100 AND vibration >= 50 AND wind_speed > 60,delta_dt >= 10 AND h >= 90,0.05228319996967912,"{'parameter_weights': {'parameter_1': 1.0, 'parameter_n': 1.0}, 'tversky_weights': {'alpha': 0.9, 'beta': 0.1}, 'conditional_weights': {'given': 1.0, 'when': 1.0, 'then': 1.0}}"
0.7587713742690059,scen_G1_T15,h < 100,delta_dt >= 10 AND h >= 100 AND p6 > 10 AND p7 > 10,cand_low_speed_flying,h < 100 AND vibration >= 50 AND wind_speed > 60,delta_dt >= 10 AND h >= 90,0.05916449998039752,"{'parameter_weights': {'parameter_1': 1.0, 'parameter_n': 1.0}, 'tversky_weights': {'alpha': 0.9, 'beta': 0.1}, 'conditional_weights': {'given': 1.0, 'when': 1.0, 'then': 1.0}}"
0.7777777777777778,scen_G1_T17,h < 100,delta_dt >= 10 AND p8 > 10,cand_low_speed_flying,h < 100 AND vibration >= 50 AND wind_speed > 60,delta_dt >= 10 AND h >= 90,0.05469799996353686,"{'parameter_weights': {'parameter_1': 1.0, 'parameter_n': 1.0}, 'tversky_weights': {'alpha': 0.9, 'beta': 0.1}, 'conditional_weights': {'given': 1.0, 'when': 1.0, 'then': 1.0}}"
0.7222211111111112,scen_G1_T18,h < 100,h >= 100 AND p8 > 10,cand_low_speed_flying,h < 100 AND vibration >= 50 AND wind_speed > 60,delta_dt >= 10 AND h >= 90,0.07448939990717918,"{'parameter_weights': {'parameter_1': 1.0, 'parameter_n': 1.0}, 'tversky_weights': {'alpha': 0.9, 'beta': 0.1}, 'conditional_weights': {'given': 1.0, 'when': 1.0, 'then': 1.0}}"
0.8132178352490422,scen_G1_T19,h < 100,delta_dt >= 10 AND h >= 100 AND p8 > 10,cand_low_speed_flying,h < 100 AND vibration >= 50 AND wind_speed > 60,delta_dt >= 10 AND h >= 90,0.08724019990768284,"{'parameter_weights': {'parameter_1': 1.0, 'parameter_n': 1.0}, 'tversky_weights': {'alpha': 0.9, 'beta': 0.1}, 'conditional_weights': {'given': 1.0, 'when': 1.0, 'then': 1.0}}"
0.7260536398467433,scen_G1_T21,h < 100,delta_dt >= 10 AND p6 > 10 AND p8 > 10,cand_low_speed_flying,h < 100 AND vibration >= 50 AND wind_speed > 60,delta_dt >= 10 AND h >= 90,0.056368299992755055,"{'parameter_weights': {'parameter_1': 1.0, 'parameter_n': 1.0}, 'tversky_weights': {'alpha': 0.9, 'beta': 0.1}, 'conditional_weights': {'given': 1.0, 'when': 1.0, 'then': 1.0}}"
0.6704969731800766,scen_G1_T22,h < 100,h >= 100 AND p6 > 10 AND p8 > 10,cand_low_speed_flying,h < 100 AND vibration >= 50 AND wind_speed > 60,delta_dt >= 10 AND h >= 90,0.08683530008420348,"{'parameter_weights': {'parameter_1': 1.0, 'parameter_n': 1.0}, 'tversky_weights': {'alpha': 0.9, 'beta': 0.1}, 'conditional_weights': {'given': 1.0, 'when': 1.0, 'then': 1.0}}"
0.7587713742690059,scen_G1_T23,h < 100,delta_dt >= 10 AND h >= 100 AND p6 > 10 AND p8 > 10,cand_low_speed_flying,h < 100 AND vibration >= 50 AND wind_speed > 60,delta_dt >= 10 AND h >= 90,0.06349530001170933,"{'parameter_weights': {'parameter_1': 1.0, 'parameter_n': 1.0}, 'tversky_weights': {'alpha': 0.9, 'beta': 0.1}, 'conditional_weights': {'given': 1.0, 'when': 1.0, 'then': 1.0}}"
0.7260536398467433,scen_G1_T25,h < 100,delta_dt >= 10 AND p7 > 10 AND p8 > 10,cand_low_speed_flying,h < 100 AND vibration >= 50 AND wind_speed > 60,delta_dt >= 10 AND h >= 90,0.06605290004517883,"{'parameter_weights': {'parameter_1': 1.0, 'parameter_n': 1.0}, 'tversky_weights': {'alpha': 0.9, 'beta': 0.1}, 'conditional_weights': {'given': 1.0, 'when': 1.0, 'then': 1.0}}"
0.6704969731800766,scen_G1_T26,h < 100,h >= 100 AND p7 > 10 AND p8 > 10,cand_low_speed_flying,h < 100 AND vibration >= 50 AND wind_speed > 60,delta_dt >= 10 AND h >= 90,0.06195610004942864,"{'parameter_weights': {'parameter_1': 1.0, 'parameter_n': 1.0}, 'tversky_weights': {'alpha': 0.9, 'beta': 0.1}, 'conditional_weights': {'given': 1.0, 'when': 1.0, 'then': 1.0}}"
0.7587713742690059,scen_G1_T27,h < 100,delta_dt >= 10 AND h >= 100 AND p7 > 10 AND p8 > 10,cand_low_speed_flying,h < 100 AND vibration >= 50 AND wind_speed > 60,delta_dt >= 10 AND h >= 90,0.06032469996716827,"{'parameter_weights': {'parameter_1': 1.0, 'parameter_n': 1.0}, 'tversky_weights': {'alpha': 0.9, 'beta': 0.1}, 'conditional_weights': {'given': 1.0, 'when': 1.0, 'then': 1.0}}"
0.6988304093567251,scen_G1_T29,h < 100,delta_dt >= 10 AND p6 > 10 AND p7 > 10 AND p8 > 10,cand_low_speed_flying,h < 100 AND vibration >= 50 AND wind_speed > 60,delta_dt >= 10 AND h >= 90,0.057158099953085184,"{'parameter_weights': {'parameter_1': 1.0, 'parameter_n': 1.0}, 'tversky_weights': {'alpha': 0.9, 'beta': 0.1}, 'conditional_weights': {'given': 1.0, 'when': 1.0, 'then': 1.0}}"
0.6432737426900585,scen_G1_T30,h < 100,h >= 100 AND p6 > 10 AND p7 > 10 AND p8 > 10,cand_low_speed_flying,h < 100 AND vibration >= 50 AND wind_speed > 60,delta_dt >= 10 AND h >= 90,0.06144640001002699,"{'parameter_weights': {'parameter_1': 1.0, 'parameter_n': 1.0}, 'tversky_weights': {'alpha': 0.9, 'beta': 0.1}, 'conditional_weights': {'given': 1.0, 'when': 1.0, 'then': 1.0}}"
0.7251767494089835,scen_G1_T31,h < 100,delta_dt >= 10 AND h >= 100 AND p6 > 10 AND p7 > 10 AND p8 > 10,cand_low_speed_flying,h < 100 AND vibration >= 50 AND wind_speed > 60,delta_dt >= 10 AND h >= 90,0.07036259991582483,"{'parameter_weights': {'parameter_1': 1.0, 'parameter_n': 1.0}, 'tversky_weights': {'alpha': 0.9, 'beta': 0.1}, 'conditional_weights': {'given': 1.0, 'when': 1.0, 'then': 1.0}}"
0.8274747474747475,scen_G2_T1,vibration >= 63,delta_dt >= 10,cand_low_speed_flying,h < 100 AND vibration >= 50 AND wind_speed > 60,delta_dt >= 10 AND h >= 90,0.04836550005711615,"{'parameter_weights': {'parameter_1': 1.0, 'parameter_n': 1.0}, 'tversky_weights': {'alpha': 0.9, 'beta': 0.1}, 'conditional_weights': {'given': 1.0, 'when': 1.0, 'then': 1.0}}"
0.7719180808080809,scen_G2_T2,vibration >= 63,h >= 100,cand_low_speed_flying,h < 100 AND vibration >= 50 AND wind_speed > 60,delta_dt >= 10 AND h >= 90,0.05185680009890348,"{'parameter_weights': {'parameter_1': 1.0, 'parameter_n': 1.0}, 'tversky_weights': {'alpha': 0.9, 'beta': 0.1}, 'conditional_weights': {'given': 1.0, 'when': 1.0, 'then': 1.0}}"
0.8299994444444444,scen_G2_T3,vibration >= 63,delta_dt >= 10 AND h >= 100,cand_low_speed_flying,h < 100 AND vibration >= 50 AND wind_speed > 60,delta_dt >= 10 AND h >= 90,0.08249709999654442,"{'parameter_weights': {'parameter_1': 1.0, 'parameter_n': 1.0}, 'tversky_weights': {'alpha': 0.9, 'beta': 0.1}, 'conditional_weights': {'given': 1.0, 'when': 1.0, 'then': 1.0}}"
0.6911111111111111,scen_G2_T5,vibration >= 63,delta_dt >= 10 AND p6 > 10,cand_low_speed_flying,h < 100 AND vibration >= 50 AND wind_speed > 60,delta_dt >= 10 AND h >= 90,0.05285159999039024,"{'parameter_weights': {'parameter_1': 1.0, 'parameter_n': 1.0}, 'tversky_weights': {'alpha': 0.9, 'beta': 0.1}, 'conditional_weights': {'given': 1.0, 'when': 1.0, 'then': 1.0}}"
0.6355544444444444,scen_G2_T6,vibration >= 63,h >= 100 AND p6 > 10,cand_low_speed_flying,h < 100 AND vibration >= 50 AND wind_speed > 60,delta_dt >= 10 AND h >= 90,0.05458560003899038,"{'parameter_weights': {'parameter_1': 1.0, 'parameter_n': 1.0}, 'tversky_weights': {'alpha': 0.9, 'beta': 0.1}, 'conditional_weights': {'given': 1.0, 'when': 1.0, 'then': 1.0}}"
0.7265511685823755,scen_G2_T7,vibration >= 63,delta_dt >= 10 AND h >= 100 AND p6 > 10,cand_low_speed_flying,h < 100 AND vibration >= 50 AND wind_speed > 60,delta_dt >= 10 AND h >= 90,0.07618259999435395,"{'parameter_weights': {'parameter_1': 1.0, 'parameter_n': 1.0}, 'tversky_weights': {'alpha': 0.9, 'beta': 0.1}, 'conditional_weights': {'given': 1.0, 'when': 1.0, 'then': 1.0}}"
0.6911111111111111,scen_G2_T9,vibration >= 63,delta_dt >= 10 AND p7 > 10,cand_low_speed_flying,h < 100 AND vibration >= 50 AND wind_speed > 60,delta_dt >= 10 AND h >= 90,0.048682000022381544,"{'parameter_weights': {'parameter_1': 1.0, 'parameter_n': 1.0}, 'tversky_weights': {'alpha': 0.9, 'beta': 0.1}, 'conditional_weights': {'given': 1.0, 'when': 1.0, 'then': 1.0}}"
0.6355544444444444,scen_G2_T10,vibration >= 63,h >= 100 AND p7 > 10,cand_low_speed_flying,h < 100 AND vibration >= 50 AND wind_speed > 60,delta_dt >= 10 AND h >= 90,0.057241100003011525,"{'parameter_weights': {'parameter_1': 1.0, 'parameter_n': 1.0}, 'tversky_weights': {'alpha': 0.9, 'beta': 0.1}, 'conditional_weights': {'given': 1.0, 'when': 1.0, 'then': 1.0}}"
0.7265511685823755,scen_G2_T11,vibration >= 63,delta_dt >= 10 AND h >= 100 AND p7 > 10,cand_low_speed_flying,h < 100 AND vibration >= 50 AND wind_speed > 60,delta_dt >= 10 AND h >= 90,0.0667381000239402,"{'parameter_weights': {'parameter_1': 1.0, 'parameter_n': 1.0}, 'tversky_weights': {'alpha': 0.9, 'beta': 0.1}, 'conditional_weights': {'given': 1.0, 'when': 1.0, 'then': 1.0}}"
0.6393869731800766,scen_G2_T13,vibration >= 63,delta_dt >= 10 AND p6 > 10 AND p7 > 10,cand_low_speed_flying,h < 100 AND vibration >= 50 AND wind_speed > 60,delta_dt >= 10 AND h >= 90,0.05386400001589209,"{'parameter_weights': {'parameter_1': 1.0, 'parameter_n': 1.0}, 'tversky_weights': {'alpha': 0.9, 'beta': 0.1}, 'conditional_weights': {'given': 1.0, 'when': 1.0, 'then': 1.0}}"
0.58383030651341,scen_G2_T14,vibration >= 63,h >= 100 AND p6 > 10 AND p7 > 10,cand_low_speed_flying,h < 100 AND vibration >= 50 AND wind_speed > 60,delta_dt >= 10 AND h >= 90,0.07008740003220737,"{'parameter_weights': {'parameter_1': 1.0, 'parameter_n': 1.0}, 'tversky_weights': {'alpha': 0.9, 'beta': 0.1}, 'conditional_weights': {'given': 1.0, 'when': 1.0, 'then': 1.0}}"
0.6721047076023391,scen_G2_T15,vibration >= 63,delta_dt >= 10 AND h >= 100 AND p6 > 10 AND p7 > 10,cand_low_speed_flying,h < 100 AND vibration >= 50 AND wind_speed > 60,delta_dt >= 10 AND h >= 90,0.0670298000331968,"{'parameter_weights': {'parameter_1': 1.0, 'parameter_n': 1.0}, 'tversky_weights': {'alpha': 0.9, 'beta': 0.1}, 'conditional_weights': {'given': 1.0, 'when': 1.0, 'then': 1.0}}"
0.6911111111111111,scen_G2_T17,vibration >= 63,delta_dt >= 10 AND p8 > 10,cand_low_speed_flying,h < 100 AND vibration >= 50 AND wind_speed > 60,delta_dt >= 10 AND h >= 90,0.05672610003966838,"{'parameter_weights': {'parameter_1': 1.0, 'parameter_n': 1.0}, 'tversky_weights': {'alpha': 0.9, 'beta': 0.1}, 'conditional_weights': {'given': 1.0, 'when': 1.0, 'then': 1.0}}"
0.6355544444444444,scen_G2_T18,vibration >= 63,h >= 100 AND p8 > 10,cand_low_speed_flying,h < 100 AND vibration >= 50 AND wind_speed > 60,delta_dt >= 10 AND h >= 90,0.0677048999350518,"{'parameter_weights': {'parameter_1': 1.0, 'parameter_n': 1.0}, 'tversky_weights': {'alpha': 0.9, 'beta': 0.1}, 'conditional_weights': {'given': 1.0, 'when': 1.0, 'then': 1.0}}"
0.7265511685823755,scen_G2_T19,vibration >= 63,delta_dt >= 10 AND h >= 100 AND p8 > 10,cand_low_speed_flying,h < 100 AND vibration >= 50 AND wind_speed > 60,delta_dt >= 10 AND h >= 90,0.06321310007479042,"{'parameter_weights': {'parameter_1': 1.0, 'parameter_n': 1.0}, 'tversky_weights': {'alpha': 0.9, 'beta': 0.1}, 'conditional_weights': {'given': 1.0, 'when': 1.0, 'then': 1.0}}"
0.6393869731800766,scen_G2_T21,vibration >= 63,delta_dt >= 10 AND p6 > 10 AND p8 > 10,cand_low_speed_flying,h < 100 AND vibration >= 50 AND wind_speed > 60,delta_dt >= 10 AND h >= 90,0.06492319994140416,"{'parameter_weights': {'parameter_1': 1.0, 'parameter_n': 1.0}, 'tversky_weights': {'alpha': 0.9, 'beta': 0.1}, 'conditional_weights': {'given': 1.0, 'when': 1.0, 'then': 1.0}}"
0.58383030651341,scen_G2_T22,vibration >= 63,h >= 100 AND p6 > 10 AND p8 > 10,cand_low_speed_flying,h < 100 AND vibration >= 50 AND wind_speed > 60,delta_dt >= 10 AND h >= 90,0.060883100028149784,"{'parameter_weights': {'parameter_1': 1.0, 'parameter_n': 1.0}, 'tversky_weights': {'alpha': 0.9, 'beta': 0.1}, 'conditional_weights': {'given': 1.0, 'when': 1.0, 'then': 1.0}}"
0.6721047076023391,scen_G2_T23,vibration >= 63,delta_dt >= 10 AND h >= 100 AND p6 > 10 AND p8 > 10,cand_low_speed_flying,h < 100 AND vibration >= 50 AND wind_speed > 60,delta_dt >= 10 AND h >= 90,0.058875099988654256,"{'parameter_weights': {'parameter_1': 1.0, 'parameter_n': 1.0}, 'tversky_weights': {'alpha': 0.9, 'beta': 0.1}, 'conditional_weights': {'given': 1.0, 'when': 1.0, 'then': 1.0}}"
0.6393869731800766,scen_G2_T25,vibration >= 63,delta_dt >= 10 AND p7 > 10 AND p8 > 10,cand_low_speed_flying,h < 100 AND vibration >= 50 AND wind_speed > 60,delta_dt >= 10 AND h >= 90,0.07599329994991422,"{'parameter_weights': {'parameter_1': 1.0, 'parameter_n': 1.0}, 'tversky_weights': {'alpha': 0.9, 'beta': 0.1}, 'conditional_weights': {'given': 1.0, 'when': 1.0, 'then': 1.0}}"
0.58383030651341,scen_G2_T26,vibration >= 63,h >= 100 AND p7 > 10 AND p8 > 10,cand_low_speed_flying,h < 100 AND vibration >= 50 AND wind_speed > 60,delta_dt >= 10 AND h >= 90,0.0565133000491187,"{'parameter_weights': {'parameter_1': 1.0, 'parameter_n': 1.0}, 'tversky_weights': {'alpha': 0.9, 'beta': 0.1}, 'conditional_weights': {'given': 1.0, 'when': 1.0, 'then': 1.0}}"
0.6721047076023391,scen_G2_T27,vibration >= 63,delta_dt >= 10 AND h >= 100 AND p7 > 10 AND p8 > 10,cand_low_speed_flying,h < 100 AND vibration >= 50 AND wind_speed > 60,delta_dt >= 10 AND h >= 90,0.05977050005458295,"{'parameter_weights': {'parameter_1': 1.0, 'parameter_n': 1.0}, 'tversky_weights': {'alpha': 0.9, 'beta': 0.1}, 'conditional_weights': {'given': 1.0, 'when': 1.0, 'then': 1.0}}"
0.6121637426900585,scen_G2_T29,vibration >= 63,delta_dt >= 10 AND p6 > 10 AND p7 > 10 AND p8 > 10,cand_low_speed_flying,h < 100 AND vibration >= 50 AND wind_speed > 60,delta_dt >= 10 AND h >= 90,0.06283179996535182,"{'parameter_weights': {'parameter_1': 1.0, 'parameter_n': 1.0}, 'tversky_weights': {'alpha': 0.9, 'beta': 0.1}, 'conditional_weights': {'given': 1.0, 'when': 1.0, 'then': 1.0}}"
0.5566070760233918,scen_G2_T30,vibration >= 63,h >= 100 AND p6 > 10 AND p7 > 10 AND p8 > 10,cand_low_speed_flying,h < 100 AND vibration >= 50 AND wind_speed > 60,delta_dt >= 10 AND h >= 90,0.05814229999668896,"{'parameter_weights': {'parameter_1': 1.0, 'parameter_n': 1.0}, 'tversky_weights': {'alpha': 0.9, 'beta': 0.1}, 'conditional_weights': {'given': 1.0, 'when': 1.0, 'then': 1.0}}"
0.6385100827423168,scen_G2_T31,vibration >= 63,delta_dt >= 10 AND h >= 100 AND p6 > 10 AND p7 > 10 AND p8 > 10,cand_low_speed_flying,h < 100 AND vibration >= 50 AND wind_speed > 60,delta_dt >= 10 AND h >= 90,0.059995500021614134,"{'parameter_weights': {'parameter_1': 1.0, 'parameter_n': 1.0}, 'tversky_weights': {'alpha': 0.9, 'beta': 0.1}, 'conditional_weights': {'given': 1.0, 'when': 1.0, 'then': 1.0}}"
0.9104906204906205,scen_G3_T1,h < 100 AND vibration >= 63,delta_dt >= 10,cand_low_speed_flying,h < 100 AND vibration >= 50 AND wind_speed > 60,delta_dt >= 10 AND h >= 90,0.0542907000053674,"{'parameter_weights': {'parameter_1': 1.0, 'parameter_n': 1.0}, 'tversky_weights': {'alpha': 0.9, 'beta': 0.1}, 'conditional_weights': {'given': 1.0, 'when': 1.0, 'then': 1.0}}"
0.8549339538239537,scen_G3_T2,h < 100 AND vibration >= 63,h >= 100,cand_low_speed_flying,h < 100 AND vibration >= 50 AND wind_speed > 60,delta_dt >= 10 AND h >= 90,0.05662799999117851,"{'parameter_weights': {'parameter_1': 1.0, 'parameter_n': 1.0}, 'tversky_weights': {'alpha': 0.9, 'beta': 0.1}, 'conditional_weights': {'given': 1.0, 'when': 1.0, 'then': 1.0}}"
0.9130153174603174,scen_G3_T3,h < 100 AND vibration >= 63,delta_dt >= 10 AND h >= 100,cand_low_speed_flying,h < 100 AND vibration >= 50 AND wind_speed > 60,delta_dt >= 10 AND h >= 90,0.05967320001218468,"{'parameter_weights': {'parameter_1': 1.0, 'parameter_n': 1.0}, 'tversky_weights': {'alpha': 0.9, 'beta': 0.1}, 'conditional_weights': {'given': 1.0, 'when': 1.0, 'then': 1.0}}"
0.7741269841269841,scen_G3_T5,h < 100 AND vibration >= 63,delta_dt >= 10 AND p6 > 10,cand_low_speed_flying,h < 100 AND vibration >= 50 AND wind_speed > 60,delta_dt >= 10 AND h >= 90,0.05774830002337694,"{'parameter_weights': {'parameter_1': 1.0, 'parameter_n': 1.0}, 'tversky_weights': {'alpha': 0.9, 'beta': 0.1}, 'conditional_weights': {'given': 1.0, 'when': 1.0, 'then': 1.0}}"
0.7185703174603174,scen_G3_T6,h < 100 AND vibration >= 63,h >= 100 AND p6 > 10,cand_low_speed_flying,h < 100 AND vibration >= 50 AND wind_speed > 60,delta_dt >= 10 AND h >= 90,0.05693630001042038,"{'parameter_weights': {'parameter_1': 1.0, 'parameter_n': 1.0}, 'tversky_weights': {'alpha': 0.9, 'beta': 0.1}, 'conditional_weights': {'given': 1.0, 'when': 1.0, 'then': 1.0}}"
0.8095670415982484,scen_G3_T7,h < 100 AND vibration >= 63,delta_dt >= 10 AND h >= 100 AND p6 > 10,cand_low_speed_flying,h < 100 AND vibration >= 50 AND wind_speed > 60,delta_dt >= 10 AND h >= 90,0.05666359991300851,"{'parameter_weights': {'parameter_1': 1.0, 'parameter_n': 1.0}, 'tversky_weights': {'alpha': 0.9, 'beta': 0.1}, 'conditional_weights': {'given': 1.0, 'when': 1.0, 'then': 1.0}}"
0.7741269841269841,scen_G3_T9,h < 100 AND vibration >= 63,delta_dt >= 10 AND p7 > 10,cand_low_speed_flying,h < 100 AND vibration >= 50 AND wind_speed > 60,delta_dt >= 10 AND h >= 90,0.05501639994326979,"{'parameter_weights': {'parameter_1': 1.0, 'parameter_n': 1.0}, 'tversky_weights': {'alpha': 0.9, 'beta': 0.1}, 'conditional_weights': {'given': 1.0, 'when': 1.0, 'then': 1.0}}"
0.7185703174603174,scen_G3_T10,h < 100 AND vibration >= 63,h >= 100 AND p7 > 10,cand_low_speed_flying,h < 100 AND vibration >= 50 AND wind_speed > 60,delta_dt >= 10 AND h >= 90,0.066521400003694,"{'parameter_weights': {'parameter_1': 1.0, 'parameter_n': 1.0}, 'tversky_weights': {'alpha': 0.9, 'beta': 0.1}, 'conditional_weights': {'given': 1.0, 'when': 1.0, 'then': 1.0}}"
0.8095670415982484,scen_G3_T11,h < 100 AND vibration >= 63,delta_dt >= 10 AND h >= 100 AND p7 > 10,cand_low_speed_flying,h < 100 AND vibration >= 50 AND wind_speed > 60,delta_dt >= 10 AND h >= 90,0.06431100005283952,"{'parameter_weights': {'parameter_1': 1.0, 'parameter_n': 1.0}, 'tversky_weights': {'alpha': 0.9, 'beta': 0.1}, 'conditional_weights': {'given': 1.0, 'when': 1.0, 'then': 1.0}}"
0.7224028461959495,scen_G3_T13,h < 100 AND vibration >= 63,delta_dt >= 10 AND p6 > 10 AND p7 > 10,cand_low_speed_flying,h < 100 AND vibration >= 50 AND wind_speed > 60,delta_dt >= 10 AND h >= 90,0.06526019994635135,"{'parameter_weights': {'parameter_1': 1.0, 'parameter_n': 1.0}, 'tversky_weights': {'alpha': 0.9, 'beta': 0.1}, 'conditional_weights': {'given': 1.0, 'when': 1.0, 'then': 1.0}}"
0.6668461795292829,scen_G3_T14,h < 100 AND vibration >= 63,h >= 100 AND p6 > 10 AND p7 > 10,cand_low_speed_flying,h < 100 AND vibration >= 50 AND wind_speed > 60,delta_dt >= 10 AND h >= 90,0.06153359997551888,"{'parameter_weights': {'parameter_1': 1.0, 'parameter_n': 1.0}, 'tversky_weights': {'alpha': 0.9, 'beta': 0.1}, 'conditional_weights': {'given': 1.0, 'when': 1.0, 'then': 1.0}}"
0.7551205806182121,scen_G3_T15,h < 100 AND vibration >= 63,delta_dt >= 10 AND h >= 100 AND p6 > 10 AND p7 > 10,cand_low_speed_flying,h < 100 AND vibration >= 50 AND wind_speed > 60,delta_dt >= 10 AND h >= 90,0.060454600024968386,"{'parameter_weights': {'parameter_1': 1.0, 'parameter_n': 1.0}, 'tversky_weights': {'alpha': 0.9, 'beta': 0.1}, 'conditional_weights': {'given': 1.0, 'when': 1.0, 'then': 1.0}}"
0.7741269841269841,scen_G3_T17,h < 100 AND vibration >= 63,delta_dt >= 10 AND p8 > 10,cand_low_speed_flying,h < 100 AND vibration >= 50 AND wind_speed > 60,delta_dt >= 10 AND h >= 90,0.0695457000983879,"{'parameter_weights': {'parameter_1': 1.0, 'parameter_n': 1.0}, 'tversky_weights': {'alpha': 0.9, 'beta': 0.1}, 'conditional_weights': {'given': 1.0, 'when': 1.0, 'then': 1.0}}"
0.7185703174603174,scen_G3_T18,h < 100 AND vibration >= 63,h >= 100 AND p8 > 10,cand_low_speed_flying,h < 100 AND vibration >= 50 AND wind_speed > 60,delta_dt >= 10 AND h >= 90,0.052646399941295385,"{'parameter_weights': {'parameter_1': 1.0, 'parameter_n': 1.0}, 'tversky_weights': {'alpha': 0.9, 'beta': 0.1}, 'conditional_weights': {'given': 1.0, 'when': 1.0, 'then': 1.0}}"
0.8095670415982484,scen_G3_T19,h < 100 AND vibration >= 63,delta_dt >= 10 AND h >= 100 AND p8 > 10,cand_low_speed_flying,h < 100 AND vibration >= 50 AND wind_speed > 60,delta_dt >= 10 AND h >= 90,0.07767080003395677,"{'parameter_weights': {'parameter_1': 1.0, 'parameter_n': 1.0}, 'tversky_weights': {'alpha': 0.9, 'beta': 0.1}, 'conditional_weights': {'given': 1.0, 'when': 1.0, 'then': 1.0}}"
0.7224028461959495,scen_G3_T21,h < 100 AND vibration >= 63,delta_dt >= 10 AND p6 > 10 AND p8 > 10,cand_low_speed_flying,h < 100 AND vibration >= 50 AND wind_speed > 60,delta_dt >= 10 AND h >= 90,0.07302280003204942,"{'parameter_weights': {'parameter_1': 1.0, 'parameter_n': 1.0}, 'tversky_weights': {'alpha': 0.9, 'beta': 0.1}, 'conditional_weights': {'given': 1.0, 'when': 1.0, 'then': 1.0}}"
0.6668461795292829,scen_G3_T22,h < 100 AND vibration >= 63,h >= 100 AND p6 > 10 AND p8 > 10,cand_low_speed_flying,h < 100 AND vibration >= 50 AND wind_speed > 60,delta_dt >= 10 AND h >= 90,0.0558900999603793,"{'parameter_weights': {'parameter_1': 1.0, 'parameter_n': 1.0}, 'tversky_weights': {'alpha': 0.9, 'beta': 0.1}, 'conditional_weights': {'given': 1.0, 'when': 1.0, 'then': 1.0}}"
0.7551205806182121,scen_G3_T23,h < 100 AND vibration >= 63,delta_dt >= 10 AND h >= 100 AND p6 > 10 AND p8 > 10,cand_low_speed_flying,h < 100 AND vibration >= 50 AND wind_speed > 60,delta_dt >= 10 AND h >= 90,0.0679453999036923,"{'parameter_weights': {'parameter_1': 1.0, 'parameter_n': 1.0}, 'tversky_weights': {'alpha': 0.9, 'beta': 0.1}, 'conditional_weights': {'given': 1.0, 'when': 1.0, 'then': 1.0}}"
0.7224028461959495,scen_G3_T25,h < 100 AND vibration >= 63,delta_dt >= 10 AND p7 > 10 AND p8 > 10,cand_low_speed_flying,h < 100 AND vibration >= 50 AND wind_speed > 60,delta_dt >= 10 AND h >= 90,0.0603473000228405,"{'parameter_weights': {'parameter_1': 1.0, 'parameter_n': 1.0}, 'tversky_weights': {'alpha': 0.9, 'beta': 0.1}, 'conditional_weights': {'given': 1.0, 'when': 1.0, 'then': 1.0}}"
0.6668461795292829,scen_G3_T26,h < 100 AND vibration >= 63,h >= 100 AND p7 > 10 AND p8 > 10,cand_low_speed_flying,h < 100 AND vibration >= 50 AND wind_speed > 60,delta_dt >= 10 AND h >= 90,0.09871930000372231,"{'parameter_weights': {'parameter_1': 1.0, 'parameter_n': 1.0}, 'tversky_weights': {'alpha': 0.9, 'beta': 0.1}, 'conditional_weights': {'given': 1.0, 'when': 1.0, 'then': 1.0}}"
0.7551205806182121,scen_G3_T27,h < 100 AND vibration >= 63,delta_dt >= 10 AND h >= 100 AND p7 > 10 AND p8 > 10,cand_low_speed_flying,h < 100 AND vibration >= 50 AND wind_speed > 60,delta_dt >= 10 AND h >= 90,0.10217709990683943,"{'parameter_weights': {'parameter_1': 1.0, 'parameter_n': 1.0}, 'tversky_weights': {'alpha': 0.9, 'beta': 0.1}, 'conditional_weights': {'given': 1.0, 'when': 1.0, 'then': 1.0}}"
0.6951796157059315,scen_G3_T29,h < 100 AND vibration >= 63,delta_dt >= 10 AND p6 > 10 AND p7 > 10 AND p8 > 10,cand_low_speed_flying,h < 100 AND vibration >= 50 AND wind_speed > 60,delta_dt >= 10 AND h >= 90,0.05923409992828965,"{'parameter_weights': {'parameter_1': 1.0, 'parameter_n': 1.0}, 'tversky_weights': {'alpha': 0.9, 'beta': 0.1}, 'conditional_weights': {'given': 1.0, 'when': 1.0, 'then': 1.0}}"
0.6396229490392648,scen_G3_T30,h < 100 AND vibration >= 63,h >= 100 AND p6 > 10 AND p7 > 10 AND p8 > 10,cand_low_speed_flying,h < 100 AND vibration >= 50 AND wind_speed > 60,delta_dt >= 10 AND h >= 90,0.07741799997165799,"{'parameter_weights': {'parameter_1': 1.0, 'parameter_n': 1.0}, 'tversky_weights': {'alpha': 0.9, 'beta': 0.1}, 'conditional_weights': {'given': 1.0, 'when': 1.0, 'then': 1.0}}"
0.7215259557581897,scen_G3_T31,h < 100 AND vibration >= 63,delta_dt >= 10 AND h >= 100 AND p6 > 10 AND p7 > 10 AND p8 > 10,cand_low_speed_flying,h < 100 AND vibration >= 50 AND wind_speed > 60,delta_dt >= 10 AND h >= 90,0.086664600064978,"{'parameter_weights': {'parameter_1': 1.0, 'parameter_n': 1.0}, 'tversky_weights': {'alpha': 0.9, 'beta': 0.1}, 'conditional_weights': {'given': 1.0, 'when': 1.0, 'then': 1.0}}"
0.7950937950937952,scen_G5_T1,h < 100 AND p1 > 10,delta_dt >= 10,cand_low_speed_flying,h < 100 AND vibration >= 50 AND wind_speed > 60,delta_dt >= 10 AND h >= 90,0.050522200064733624,"{'parameter_weights': {'parameter_1': 1.0, 'parameter_n': 1.0}, 'tversky_weights': {'alpha': 0.9, 'beta': 0.1}, 'conditional_weights': {'given': 1.0, 'when': 1.0, 'then': 1.0}}"
0.7395371284271285,scen_G5_T2,h < 100 AND p1 > 10,h >= 100,cand_low_speed_flying,h < 100 AND vibration >= 50 AND wind_speed > 60,delta_dt >= 10 AND h >= 90,0.061175799928605556,"{'parameter_weights': {'parameter_1': 1.0, 'parameter_n': 1.0}, 'tversky_weights': {'alpha': 0.9, 'beta': 0.1}, 'conditional_weights': {'given': 1.0, 'when': 1.0, 'then': 1.0}}"
0.7976184920634921,scen_G5_T3,h < 100 AND p1 > 10,delta_dt >= 10 AND h >= 100,cand_low_speed_flying,h < 100 AND vibration >= 50 AND wind_speed > 60,delta_dt >= 10 AND h >= 90,0.05712140002287924,"{'parameter_weights': {'parameter_1': 1.0, 'parameter_n': 1.0}, 'tversky_weights': {'alpha': 0.9, 'beta': 0.1}, 'conditional_weights': {'given': 1.0, 'when': 1.0, 'then': 1.0}}"
0.6587301587301587,scen_G5_T5,h < 100 AND p1 > 10,delta_dt >= 10 AND p6 > 10,cand_low_speed_flying,h < 100 AND vibration >= 50 AND wind_speed > 60,delta_dt >= 10 AND h >= 90,0.09972960001323372,"{'parameter_weights': {'parameter_1': 1.0, 'parameter_n': 1.0}, 'tversky_weights': {'alpha': 0.9, 'beta': 0.1}, 'conditional_weights': {'given': 1.0, 'when': 1.0, 'then': 1.0}}"
0.6031734920634921,scen_G5_T6,h < 100 AND p1 > 10,h >= 100 AND p6 > 10,cand_low_speed_flying,h < 100 AND vibration >= 50 AND wind_speed > 60,delta_dt >= 10 AND h >= 90,0.05746139993425459,"{'parameter_weights': {'parameter_1': 1.0, 'parameter_n': 1.0}, 'tversky_weights': {'alpha': 0.9, 'beta': 0.1}, 'conditional_weights': {'given': 1.0, 'when': 1.0, 'then': 1.0}}"
0.6941702162014232,scen_G5_T7,h < 100 AND p1 > 10,delta_dt >= 10 AND h >= 100 AND p6 > 10,cand_low_speed_flying,h < 100 AND vibration >= 50 AND wind_speed > 60,delta_dt >= 10 AND h >= 90,0.09043850004673004,"{'parameter_weights': {'parameter_1': 1.0, 'parameter_n': 1.0}, 'tversky_weights': {'alpha': 0.9, 'beta': 0.1}, 'conditional_weights': {'given': 1.0, 'when': 1.0, 'then': 1.0}}"
0.6587301587301587,scen_G5_T9,h < 100 AND p1 > 10,delta_dt >= 10 AND p7 > 10,cand_low_speed_flying,h < 100 AND vibration >= 50 AND wind_speed > 60,delta_dt >= 10 AND h >= 90,0.048963300068862736,"{'parameter_weights': {'parameter_1': 1.0, 'parameter_n': 1.0}, 'tversky_weights': {'alpha': 0.9, 'beta': 0.1}, 'conditional_weights': {'given': 1.0, 'when': 1.0, 'then': 1.0}}"
0.6031734920634921,scen_G5_T10,h < 100 AND p1 > 10,h >= 100 AND p7 > 10,cand_low_speed_flying,h < 100 AND vibration >= 50 AND wind_speed > 60,delta_dt >= 10 AND h >= 90,0.05660790007095784,"{'parameter_weights': {'parameter_1': 1.0, 'parameter_n': 1.0}, 'tversky_weights': {'alpha': 0.9, 'beta': 0.1}, 'conditional_weights': {'given': 1.0, 'when': 1.0, 'then': 1.0}}"
0.6941702162014232,scen_G5_T11,h < 100 AND p1 > 10,delta_dt >= 10 AND h >= 100 AND p7 > 10,cand_low_speed_flying,h < 100 AND vibration >= 50 AND wind_speed > 60,delta_dt >= 10 AND h >= 90,0.06151740008499473,"{'parameter_weights': {'parameter_1': 1.0, 'parameter_n': 1.0}, 'tversky_weights': {'alpha': 0.9, 'beta': 0.1}, 'conditional_weights': {'given': 1.0, 'when': 1.0, 'then': 1.0}}"
0.6070060207991242,scen_G5_T13,h < 100 AND p1 > 10,delta_dt >= 10 AND p6 > 10 AND p7 > 10,cand_low_speed_flying,h < 100 AND vibration >= 50 AND wind_speed > 60,delta_dt >= 10 AND h >= 90,0.05244270002003759,"{'parameter_weights': {'parameter_1': 1.0, 'parameter_n': 1.0}, 'tversky_weights': {'alpha': 0.9, 'beta': 0.1}, 'conditional_weights': {'given': 1.0, 'when': 1.0, 'then': 1.0}}"
0.5514493541324575,scen_G5_T14,h < 100 AND p1 > 10,h >= 100 AND p6 > 10 AND p7 > 10,cand_low_speed_flying,h < 100 AND vibration >= 50 AND wind_speed > 60,delta_dt >= 10 AND h >= 90,0.08637589996214956,"{'parameter_weights': {'parameter_1': 1.0, 'parameter_n': 1.0}, 'tversky_weights': {'alpha': 0.9, 'beta': 0.1}, 'conditional_weights': {'given': 1.0, 'when': 1.0, 'then': 1.0}}"
0.6397237552213868,scen_G5_T15,h < 100 AND p1 > 10,delta_dt >= 10 AND h >= 100 AND p6 > 10 AND p7 > 10,cand_low_speed_flying,h < 100 AND vibration >= 50 AND wind_speed > 60,delta_dt >= 10 AND h >= 90,0.05888369993772358,"{'parameter_weights': {'parameter_1': 1.0, 'parameter_n': 1.0}, 'tversky_weights': {'alpha': 0.9, 'beta': 0.1}, 'conditional_weights': {'given': 1.0, 'when': 1.0, 'then': 1.0}}"
0.6587301587301587,scen_G5_T17,h < 100 AND p1 > 10,delta_dt >= 10 AND p8 > 10,cand_low_speed_flying,h < 100 AND vibration >= 50 AND wind_speed > 60,delta_dt >= 10 AND h >= 90,0.06775519996881485,"{'parameter_weights': {'parameter_1': 1.0, 'parameter_n': 1.0}, 'tversky_weights': {'alpha': 0.9, 'beta': 0.1}, 'conditional_weights': {'given': 1.0, 'when': 1.0, 'then': 1.0}}"
0.6031734920634921,scen_G5_T18,h < 100 AND p1 > 10,h >= 100 AND p8 > 10,cand_low_speed_flying,h < 100 AND vibration >= 50 AND wind_speed > 60,delta_dt >= 10 AND h >= 90,0.06185830000322312,"{'parameter_weights': {'parameter_1': 1.0, 'parameter_n': 1.0}, 'tversky_weights': {'alpha': 0.9, 'beta': 0.1}, 'conditional_weights': {'given': 1.0, 'when': 1.0, 'then': 1.0}}"
0.6941702162014232,scen_G5_T19,h < 100 AND p1 > 10,delta_dt >= 10 AND h >= 100 AND p8 > 10,cand_low_speed_flying,h < 100 AND vibration >= 50 AND wind_speed > 60,delta_dt >= 10 AND h >= 90,0.06536830007098615,"{'parameter_weights': {'parameter_1': 1.0, 'parameter_n': 1.0}, 'tversky_weights': {'alpha': 0.9, 'beta': 0.1}, 'conditional_weights': {'given': 1.0, 'when': 1.0, 'then': 1.0}}"
0.6070060207991242,scen_G5_T21,h < 100 AND p1 > 10,delta_dt >= 10 AND p6 > 10 AND p8 > 10,cand_low_speed_flying,h < 100 AND vibration >= 50 AND wind_speed > 60,delta_dt >= 10 AND h >= 90,0.05878099997062236,"{'parameter_weights': {'parameter_1': 1.0, 'parameter_n': 1.0}, 'tversky_weights': {'alpha': 0.9, 'beta': 0.1}, 'conditional_weights': {'given': 1.0, 'when': 1.0, 'then': 1.0}}"
0.5514493541324575,scen_G5_T22,h < 100 AND p1 > 10,h >= 100 AND p6 > 10 AND p8 > 10,cand_low_speed_flying,h < 100 AND vibration >= 50 AND wind_speed > 60,delta_dt >= 10 AND h >= 90,0.07762660004664212,"{'parameter_weights': {'parameter_1': 1.0, 'parameter_n': 1.0}, 'tversky_weights': {'alpha': 0.9, 'beta': 0.1}, 'conditional_weights': {'given': 1.0, 'when': 1.0, 'then': 1.0}}"
0.6397237552213868,scen_G5_T23,h < 100 AND p1 > 10,delta_dt >= 10 AND h >= 100 AND p6 > 10 AND p8 > 10,cand_low_speed_flying,h < 100 AND vibration >= 50 AND wind_speed > 60,delta_dt >= 10 AND h >= 90,0.08791529992595315,"{'parameter_weights': {'parameter_1': 1.0, 'parameter_n': 1.0}, 'tversky_weights': {'alpha': 0.9, 'beta': 0.1}, 'conditional_weights': {'given': 1.0, 'when': 1.0, 'then': 1.0}}"
0.6070060207991242,scen_G5_T25,h < 100 AND p1 > 10,delta_dt >= 10 AND p7 > 10 AND p8 > 10,cand_low_speed_flying,h < 100 AND vibration >= 50 AND wind_speed > 60,delta_dt >= 10 AND h >= 90,0.07096720009576529,"{'parameter_weights': {'parameter_1': 1.0, 'parameter_n': 1.0}, 'tversky_weights': {'alpha': 0.9, 'beta': 0.1}, 'conditional_weights': {'given': 1.0, 'when': 1.0, 'then': 1.0}}"
0.5514493541324575,scen_G5_T26,h < 100 AND p1 > 10,h >= 100 AND p7 > 10 AND p8 > 10,cand_low_speed_flying,h < 100 AND vibration >= 50 AND wind_speed > 60,delta_dt >= 10 AND h >= 90,0.0669064000248909,"{'parameter_weights': {'parameter_1': 1.0, 'parameter_n': 1.0}, 'tversky_weights': {'alpha': 0.9, 'beta': 0.1}, 'conditional_weights': {'given': 1.0, 'when': 1.0, 'then': 1.0}}"
0.6397237552213868,scen_G5_T27,h < 100 AND p1 > 10,delta_dt >= 10 AND h >= 100 AND p7 > 10 AND p8 > 10,cand_low_speed_flying,h < 100 AND vibration >= 50 AND wind_speed > 60,delta_dt >= 10 AND h >= 90,0.0742160000372678,"{'parameter_weights': {'parameter_1': 1.0, 'parameter_n': 1.0}, 'tversky_weights': {'alpha': 0.9, 'beta': 0.1}, 'conditional_weights': {'given': 1.0, 'when': 1.0, 'then': 1.0}}"
0.5797827903091061,scen_G5_T29,h < 100 AND p1 > 10,delta_dt >= 10 AND p6 > 10 AND p7 > 10 AND p8 > 10,cand_low_speed_flying,h < 100 AND vibration >= 50 AND wind_speed > 60,delta_dt >= 10 AND h >= 90,0.07972480007447302,"{'parameter_weights': {'parameter_1': 1.0, 'parameter_n': 1.0}, 'tversky_weights': {'alpha': 0.9, 'beta': 0.1}, 'conditional_weights': {'given': 1.0, 'when': 1.0, 'then': 1.0}}"
0.5242261236424395,scen_G5_T30,h < 100 AND p1 > 10,h >= 100 AND p6 > 10 AND p7 > 10 AND p8 > 10,cand_low_speed_flying,h < 100 AND vibration >= 50 AND wind_speed > 60,delta_dt >= 10 AND h >= 90,0.06157220003660768,"{'parameter_weights': {'parameter_1': 1.0, 'parameter_n': 1.0}, 'tversky_weights': {'alpha': 0.9, 'beta': 0.1}, 'conditional_weights': {'given': 1.0, 'when': 1.0, 'then': 1.0}}"
0.6061291303613644,scen_G5_T31,h < 100 AND p1 > 10,delta_dt >= 10 AND h >= 100 AND p6 > 10 AND p7 > 10 AND p8 > 10,cand_low_speed_flying,h < 100 AND vibration >= 50 AND wind_speed > 60,delta_dt >= 10 AND h >= 90,0.06462000007741153,"{'parameter_weights': {'parameter_1': 1.0, 'parameter_n': 1.0}, 'tversky_weights': {'alpha': 0.9, 'beta': 0.1}, 'conditional_weights': {'given': 1.0, 'when': 1.0, 'then': 1.0}}"
0.7084271284271284,scen_G6_T1,vibration >= 63 AND p1 > 10,delta_dt >= 10,cand_low_speed_flying,h < 100 AND vibration >= 50 AND wind_speed > 60,delta_dt >= 10 AND h >= 90,0.05876919999718666,"{'parameter_weights': {'parameter_1': 1.0, 'parameter_n': 1.0}, 'tversky_weights': {'alpha': 0.9, 'beta': 0.1}, 'conditional_weights': {'given': 1.0, 'when': 1.0, 'then': 1.0}}"
0.6528704617604617,scen_G6_T2,vibration >= 63 AND p1 > 10,h >= 100,cand_low_speed_flying,h < 100 AND vibration >= 50 AND wind_speed > 60,delta_dt >= 10 AND h >= 90,0.050608000019565225,"{'parameter_weights': {'parameter_1': 1.0, 'parameter_n': 1.0}, 'tversky_weights': {'alpha': 0.9, 'beta': 0.1}, 'conditional_weights': {'given': 1.0, 'when': 1.0, 'then': 1.0}}"
0.7109518253968253,scen_G6_T3,vibration >= 63 AND p1 > 10,delta_dt >= 10 AND h >= 100,cand_low_speed_flying,h < 100 AND vibration >= 50 AND wind_speed > 60,delta_dt >= 10 AND h >= 90,0.07804359996225685,"{'parameter_weights': {'parameter_1': 1.0, 'parameter_n': 1.0}, 'tversky_weights': {'alpha': 0.9, 'beta': 0.1}, 'conditional_weights': {'given': 1.0, 'when': 1.0, 'then': 1.0}}"
0.572063492063492,scen_G6_T5,vibration >= 63 AND p1 > 10,delta_dt >= 10 AND p6 > 10,cand_low_speed_flying,h < 100 AND vibration >= 50 AND wind_speed > 60,delta_dt >= 10 AND h >= 90,0.056070800055749714,"{'parameter_weights': {'parameter_1': 1.0, 'parameter_n': 1.0}, 'tversky_weights': {'alpha': 0.9, 'beta': 0.1}, 'conditional_weights': {'given': 1.0, 'when': 1.0, 'then': 1.0}}"
0.5165068253968254,scen_G6_T6,vibration >= 63 AND p1 > 10,h >= 100 AND p6 > 10,cand_low_speed_flying,h < 100 AND vibration >= 50 AND wind_speed > 60,delta_dt >= 10 AND h >= 90,0.06123160000424832,"{'parameter_weights': {'parameter_1': 1.0, 'parameter_n': 1.0}, 'tversky_weights': {'alpha': 0.9, 'beta': 0.1}, 'conditional_weights': {'given': 1.0, 'when': 1.0, 'then': 1.0}}"
0.6075035495347564,scen_G6_T7,vibration >= 63 AND p1 > 10,delta_dt >= 10 AND h >= 100 AND p6 > 10,cand_low_speed_flying,h < 100 AND vibration >= 50 AND wind_speed > 60,delta_dt >= 10 AND h >= 90,0.057795300032012165,"{'parameter_weights': {'parameter_1': 1.0, 'parameter_n': 1.0}, 'tversky_weights': {'alpha': 0.9, 'beta': 0.1}, 'conditional_weights': {'given': 1.0, 'when': 1.0, 'then': 1.0}}"
0.572063492063492,scen_G6_T9,vibration >= 63 AND p1 > 10,delta_dt >= 10 AND p7 > 10,cand_low_speed_flying,h < 100 AND vibration >= 50 AND wind_speed > 60,delta_dt >= 10 AND h >= 90,0.06041670008562505,"{'parameter_weights': {'parameter_1': 1.0, 'parameter_n': 1.0}, 'tversky_weights': {'alpha': 0.9, 'beta': 0.1}, 'conditional_weights': {'given': 1.0, 'when': 1.0, 'then': 1.0}}"
0.5165068253968254,scen_G6_T10,vibration >= 63 AND p1 > 10,h >= 100 AND p7 > 10,cand_low_speed_flying,h < 100 AND vibration >= 50 AND wind_speed > 60,delta_dt >= 10 AND h >= 90,0.0681285000173375,"{'parameter_weights': {'parameter_1': 1.0, 'parameter_n': 1.0}, 'tversky_weights': {'alpha': 0.9, 'beta': 0.1}, 'conditional_weights': {'given': 1.0, 'when': 1.0, 'then': 1.0}}"
0.6075035495347564,scen_G6_T11,vibration >= 63 AND p1 > 10,delta_dt >= 10 AND h >= 100 AND p7 > 10,cand_low_speed_flying,h < 100 AND vibration >= 50 AND wind_speed > 60,delta_dt >= 10 AND h >= 90,0.05688220006413758,"{'parameter_weights': {'parameter_1': 1.0, 'parameter_n': 1.0}, 'tversky_weights': {'alpha': 0.9, 'beta': 0.1}, 'conditional_weights': {'given': 1.0, 'when': 1.0, 'then': 1.0}}"
0.5203393541324576,scen_G6_T13,vibration >= 63 AND p1 > 10,delta_dt >= 10 AND p6 > 10 AND p7 > 10,cand_low_speed_flying,h < 100 AND vibration >= 50 AND wind_speed > 60,delta_dt >= 10 AND h >= 90,0.06545150000602007,"{'parameter_weights': {'parameter_1': 1.0, 'parameter_n': 1.0}, 'tversky_weights': {'alpha': 0.9, 'beta': 0.1}, 'conditional_weights': {'given': 1.0, 'when': 1.0, 'then': 1.0}}"
0.4647826874657908,scen_G6_T14,vibration >= 63 AND p1 > 10,h >= 100 AND p6 > 10 AND p7 > 10,cand_low_speed_flying,h < 100 AND vibration >= 50 AND wind_speed > 60,delta_dt >= 10 AND h >= 90,0.06172680004965514,"{'parameter_weights': {'parameter_1': 1.0, 'parameter_n': 1.0}, 'tversky_weights': {'alpha': 0.9, 'beta': 0.1}, 'conditional_weights': {'given': 1.0, 'when': 1.0, 'then': 1.0}}"
0.55305708855472,scen_G6_T15,vibration >= 63 AND p1 > 10,delta_dt >= 10 AND h >= 100 AND p6 > 10 AND p7 > 10,cand_low_speed_flying,h < 100 AND vibration >= 50 AND wind_speed > 60,delta_dt >= 10 AND h >= 90,0.06854659994132817,"{'parameter_weights': {'parameter_1': 1.0, 'parameter_n': 1.0}, 'tversky_weights': {'alpha': 0.9, 'beta': 0.1}, 'conditional_weights': {'given': 1.0, 'when': 1.0, 'then': 1.0}}"
0.572063492063492,scen_G6_T17,vibration >= 63 AND p1 > 10,delta_dt >= 10 AND p8 > 10,cand_low_speed_flying,h < 100 AND vibration >= 50 AND wind_speed > 60,delta_dt >= 10 AND h >= 90,0.06551129999570549,"{'parameter_weights': {'parameter_1': 1.0, 'parameter_n': 1.0}, 'tversky_weights': {'alpha': 0.9, 'beta': 0.1}, 'conditional_weights': {'given': 1.0, 'when': 1.0, 'then': 1.0}}"
0.5165068253968254,scen_G6_T18,vibration >= 63 AND p1 > 10,h >= 100 AND p8 > 10,cand_low_speed_flying,h < 100 AND vibration >= 50 AND wind_speed > 60,delta_dt >= 10 AND h >= 90,0.054076200001873076,"{'parameter_weights': {'parameter_1': 1.0, 'parameter_n': 1.0}, 'tversky_weights': {'alpha': 0.9, 'beta': 0.1}, 'conditional_weights': {'given': 1.0, 'when': 1.0, 'then': 1.0}}"
0.6075035495347564,scen_G6_T19,vibration >= 63 AND p1 > 10,delta_dt >= 10 AND h >= 100 AND p8 > 10,cand_low_speed_flying,h < 100 AND vibration >= 50 AND wind_speed > 60,delta_dt >= 10 AND h >= 90,0.07727640005759895,"{'parameter_weights': {'parameter_1': 1.0, 'parameter_n': 1.0}, 'tversky_weights': {'alpha': 0.9, 'beta': 0.1}, 'conditional_weights': {'given': 1.0, 'when': 1.0, 'then': 1.0}}"
0.5203393541324576,scen_G6_T21,vibration >= 63 AND p1 > 10,delta_dt >= 10 AND p6 > 10 AND p8 > 10,cand_low_speed_flying,h < 100 AND vibration >= 50 AND wind_speed > 60,delta_dt >= 10 AND h >= 90,0.09157489996869117,"{'parameter_weights': {'parameter_1': 1.0, 'parameter_n': 1.0}, 'tversky_weights': {'alpha': 0.9, 'beta': 0.1}, 'conditional_weights': {'given': 1.0, 'when': 1.0, 'then': 1.0}}"
0.4647826874657908,scen_G6_T22,vibration >= 63 AND p1 > 10,h >= 100 AND p6 > 10 AND p8 > 10,cand_low_speed_flying,h < 100 AND vibration >= 50 AND wind_speed > 60,delta_dt >= 10 AND h >= 90,0.08200910000596195,"{'parameter_weights': {'parameter_1': 1.0, 'parameter_n': 1.0}, 'tversky_weights': {'alpha': 0.9, 'beta': 0.1}, 'conditional_weights': {'given': 1.0, 'when': 1.0, 'then': 1.0}}"
0.55305708855472,scen_G6_T23,vibration >= 63 AND p1 > 10,delta_dt >= 10 AND h >= 100 AND p6 > 10 AND p8 > 10,cand_low_speed_flying,h < 100 AND vibration >= 50 AND wind_speed > 60,delta_dt >= 10 AND h >= 90,0.06308740004897118,"{'parameter_weights': {'parameter_1': 1.0, 'parameter_n': 1.0}, 'tversky_weights': {'alpha': 0.9, 'beta': 0.1}, 'conditional_weights': {'given': 1.0, 'when': 1.0, 'then': 1.0}}"
0.5203393541324576,scen_G6_T25,vibration >= 63 AND p1 > 10,delta_dt >= 10 AND p7 > 10 AND p8 > 10,cand_low_speed_flying,h < 100 AND vibration >= 50 AND wind_speed > 60,delta_dt >= 10 AND h >= 90,0.057097199955023825,"{'parameter_weights': {'parameter_1': 1.0, 'parameter_n': 1.0}, 'tversky_weights': {'alpha': 0.9, 'beta': 0.1}, 'conditional_weights': {'given': 1.0, 'when': 1.0, 'then': 1.0}}"
0.4647826874657908,scen_G6_T26,vibration >= 63 AND p1 > 10,h >= 100 AND p7 > 10 AND p8 > 10,cand_low_speed_flying,h < 100 AND vibration >= 50 AND wind_speed > 60,delta_dt >= 10 AND h >= 90,0.05555009993258864,"{'parameter_weights': {'parameter_1': 1.0, 'parameter_n': 1.0}, 'tversky_weights': {'alpha': 0.9, 'beta': 0.1}, 'conditional_weights': {'given': 1.0, 'when': 1.0, 'then': 1.0}}"
0.55305708855472,scen_G6_T27,vibration >= 63 AND p1 > 10,delta_dt >= 10 AND h >= 100 AND p7 > 10 AND p8 > 10,cand_low_speed_flying,h < 100 AND vibration >= 50 AND wind_speed > 60,delta_dt >= 10 AND h >= 90,0.06443250004667789,"{'parameter_weights': {'parameter_1': 1.0, 'parameter_n': 1.0}, 'tversky_weights': {'alpha': 0.9, 'beta': 0.1}, 'conditional_weights': {'given': 1.0, 'when': 1.0, 'then': 1.0}}"
0.49311612364243934,scen_G6_T29,vibration >= 63 AND p1 > 10,delta_dt >= 10 AND p6 > 10 AND p7 > 10 AND p8 > 10,cand_low_speed_flying,h < 100 AND vibration >= 50 AND wind_speed > 60,delta_dt >= 10 AND h >= 90,0.06333949998952448,"{'parameter_weights': {'parameter_1': 1.0, 'parameter_n': 1.0}, 'tversky_weights': {'alpha': 0.9, 'beta': 0.1}, 'conditional_weights': {'given': 1.0, 'when': 1.0, 'then': 1.0}}"
0.43755945697577275,scen_G6_T30,vibration >= 63 AND p1 > 10,h >= 100 AND p6 > 10 AND p7 > 10 AND p8 > 10,cand_low_speed_flying,h < 100 AND vibration >= 50 AND wind_speed > 60,delta_dt >= 10 AND h >= 90,0.06239929993171245,"{'parameter_weights': {'parameter_1': 1.0, 'parameter_n': 1.0}, 'tversky_weights': {'alpha': 0.9, 'beta': 0.1}, 'conditional_weights': {'given': 1.0, 'when': 1.0, 'then': 1.0}}"
0.5194624636946977,scen_G6_T31,vibration >= 63 AND p1 > 10,delta_dt >= 10 AND h >= 100 AND p6 > 10 AND p7 > 10 AND p8 > 10,cand_low_speed_flying,h < 100 AND vibration >= 50 AND wind_speed > 60,delta_dt >= 10 AND h >= 90,0.07068789994809777,"{'parameter_weights': {'parameter_1': 1.0, 'parameter_n': 1.0}, 'tversky_weights': {'alpha': 0.9, 'beta': 0.1}, 'conditional_weights': {'given': 1.0, 'when': 1.0, 'then': 1.0}}"
0.8152525252525252,scen_G7_T1,h < 100 AND vibration >= 63 AND p1 > 10,delta_dt >= 10,cand_low_speed_flying,h < 100 AND vibration >= 50 AND wind_speed > 60,delta_dt >= 10 AND h >= 90,0.07656519999727607,"{'parameter_weights': {'parameter_1': 1.0, 'parameter_n': 1.0}, 'tversky_weights': {'alpha': 0.9, 'beta': 0.1}, 'conditional_weights': {'given': 1.0, 'when': 1.0, 'then': 1.0}}"
0.7596958585858585,scen_G7_T2,h < 100 AND vibration >= 63 AND p1 > 10,h >= 100,cand_low_speed_flying,h < 100 AND vibration >= 50 AND wind_speed > 60,delta_dt >= 10 AND h >= 90,0.06156529998406768,"{'parameter_weights': {'parameter_1': 1.0, 'parameter_n': 1.0}, 'tversky_weights': {'alpha': 0.9, 'beta': 0.1}, 'conditional_weights': {'given': 1.0, 'when': 1.0, 'then': 1.0}}"
0.8177772222222223,scen_G7_T3,h < 100 AND vibration >= 63 AND p1 > 10,delta_dt >= 10 AND h >= 100,cand_low_speed_flying,h < 100 AND vibration >= 50 AND wind_speed > 60,delta_dt >= 10 AND h >= 90,0.06919980002567172,"{'parameter_weights': {'parameter_1': 1.0, 'parameter_n': 1.0}, 'tversky_weights': {'alpha': 0.9, 'beta': 0.1}, 'conditional_weights': {'given': 1.0, 'when': 1.0, 'then': 1.0}}"
0.6788888888888889,scen_G7_T5,h < 100 AND vibration >= 63 AND p1 > 10,delta_dt >= 10 AND p6 > 10,cand_low_speed_flying,h < 100 AND vibration >= 50 AND wind_speed > 60,delta_dt >= 10 AND h >= 90,0.0734025000128895,"{'parameter_weights': {'parameter_1': 1.0, 'parameter_n': 1.0}, 'tversky_weights': {'alpha': 0.9, 'beta': 0.1}, 'conditional_weights': {'given': 1.0, 'when': 1.0, 'then': 1.0}}"
0.6233322222222223,scen_G7_T6,h < 100 AND vibration >= 63 AND p1 > 10,h >= 100 AND p6 > 10,cand_low_speed_flying,h < 100 AND vibration >= 50 AND wind_speed > 60,delta_dt >= 10 AND h >= 90,0.0690973000600934,"{'parameter_weights': {'parameter_1': 1.0, 'parameter_n': 1.0}, 'tversky_weights': {'alpha': 0.9, 'beta': 0.1}, 'conditional_weights': {'given': 1.0, 'when': 1.0, 'then': 1.0}}"
0.7143289463601533,scen_G7_T7,h < 100 AND vibration >= 63 AND p1 > 10,delta_dt >= 10 AND h >= 100 AND p6 > 10,cand_low_speed_flying,h < 100 AND vibration >= 50 AND wind_speed > 60,delta_dt >= 10 AND h >= 90,0.05697220005095005,"{'parameter_weights': {'parameter_1': 1.0, 'parameter_n': 1.0}, 'tversky_weights': {'alpha': 0.9, 'beta': 0.1}, 'conditional_weights': {'given': 1.0, 'when': 1.0, 'then': 1.0}}"
0.6788888888888889,scen_G7_T9,h < 100 AND vibration >= 63 AND p1 > 10,delta_dt >= 10 AND p7 > 10,cand_low_speed_flying,h < 100 AND vibration >= 50 AND wind_speed > 60,delta_dt >= 10 AND h >= 90,0.0622511999681592,"{'parameter_weights': {'parameter_1': 1.0, 'parameter_n': 1.0}, 'tversky_weights': {'alpha': 0.9, 'beta': 0.1}, 'conditional_weights': {'given': 1.0, 'when': 1.0, 'then': 1.0}}"
0.6233322222222223,scen_G7_T10,h < 100 AND vibration >= 63 AND p1 > 10,h >= 100 AND p7 > 10,cand_low_speed_flying,h < 100 AND vibration >= 50 AND wind_speed > 60,delta_dt >= 10 AND h >= 90,0.09523169999010861,"{'parameter_weights': {'parameter_1': 1.0, 'parameter_n': 1.0}, 'tversky_weights': {'alpha': 0.9, 'beta': 0.1}, 'conditional_weights': {'given': 1.0, 'when': 1.0, 'then': 1.0}}"
0.7143289463601533,scen_G7_T11,h < 100 AND vibration >= 63 AND p1 > 10,delta_dt >= 10 AND h >= 100 AND p7 > 10,cand_low_speed_flying,h < 100 AND vibration >= 50 AND wind_speed > 60,delta_dt >= 10 AND h >= 90,0.07981739996466786,"{'parameter_weights': {'parameter_1': 1.0, 'parameter_n': 1.0}, 'tversky_weights': {'alpha': 0.9, 'beta': 0.1}, 'conditional_weights': {'given': 1.0, 'when': 1.0, 'then': 1.0}}"
0.6271647509578544,scen_G7_T13,h < 100 AND vibration >= 63 AND p1 > 10,delta_dt >= 10 AND p6 > 10 AND p7 > 10,cand_low_speed_flying,h < 100 AND vibration >= 50 AND wind_speed > 60,delta_dt >= 10 AND h >= 90,0.06925259996205568,"{'parameter_weights': {'parameter_1': 1.0, 'parameter_n': 1.0}, 'tversky_weights': {'alpha': 0.9, 'beta': 0.1}, 'conditional_weights': {'given': 1.0, 'when': 1.0, 'then': 1.0}}"
0.5716080842911877,scen_G7_T14,h < 100 AND vibration >= 63 AND p1 > 10,h >= 100 AND p6 > 10 AND p7 > 10,cand_low_speed_flying,h < 100 AND vibration >= 50 AND wind_speed > 60,delta_dt >= 10 AND h >= 90,0.0653483000351116,"{'parameter_weights': {'parameter_1': 1.0, 'parameter_n': 1.0}, 'tversky_weights': {'alpha': 0.9, 'beta': 0.1}, 'conditional_weights': {'given': 1.0, 'when': 1.0, 'then': 1.0}}"
0.659882485380117,scen_G7_T15,h < 100 AND vibration >= 63 AND p1 > 10,delta_dt >= 10 AND h >= 100 AND p6 > 10 AND p7 > 10,cand_low_speed_flying,h < 100 AND vibration >= 50 AND wind_speed > 60,delta_dt >= 10 AND h >= 90,0.085883800056763,"{'parameter_weights': {'parameter_1': 1.0, 'parameter_n': 1.0}, 'tversky_weights': {'alpha': 0.9, 'beta': 0.1}, 'conditional_weights': {'given': 1.0, 'when': 1.0, 'then': 1.0}}"
0.6788888888888889,scen_G7_T17,h < 100 AND vibration >= 63 AND p1 > 10,delta_dt >= 10 AND p8 > 10,cand_low_speed_flying,h < 100 AND vibration >= 50 AND wind_speed > 60,delta_dt >= 10 AND h >= 90,0.07300720002967864,"{'parameter_weights': {'parameter_1': 1.0, 'parameter_n': 1.0}, 'tversky_weights': {'alpha': 0.9, 'beta': 0.1}, 'conditional_weights': {'given': 1.0, 'when': 1.0, 'then': 1.0}}"
0.6233322222222223,scen_G7_T18,h < 100 AND vibration >= 63 AND p1 > 10,h >= 100 AND p8 > 10,cand_low_speed_flying,h < 100 AND vibration >= 50 AND wind_speed > 60,delta_dt >= 10 AND h >= 90,0.07577220001257956,"{'parameter_weights': {'parameter_1': 1.0, 'parameter_n': 1.0}, 'tversky_weights': {'alpha': 0.9, 'beta': 0.1}, 'conditional_weights': {'given': 1.0, 'when': 1.0, 'then': 1.0}}"
0.7143289463601533,scen_G7_T19,h < 100 AND vibration >= 63 AND p1 > 10,delta_dt >= 10 AND h >= 100 AND p8 > 10,cand_low_speed_flying,h < 100 AND vibration >= 50 AND wind_speed > 60,delta_dt >= 10 AND h >= 90,0.05903340002987534,"{'parameter_weights': {'parameter_1': 1.0, 'parameter_n': 1.0}, 'tversky_weights': {'alpha': 0.9, 'beta': 0.1}, 'conditional_weights': {'given': 1.0, 'when': 1.0, 'then': 1.0}}"
0.6271647509578544,scen_G7_T21,h < 100 AND vibration >= 63 AND p1 > 10,delta_dt >= 10 AND p6 > 10 AND p8 > 10,cand_low_speed_flying,h < 100 AND vibration >= 50 AND wind_speed > 60,delta_dt >= 10 AND h >= 90,0.07047170004807413,"{'parameter_weights': {'parameter_1': 1.0, 'parameter_n': 1.0}, 'tversky_weights': {'alpha': 0.9, 'beta': 0.1}, 'conditional_weights': {'given': 1.0, 'when': 1.0, 'then': 1.0}}"
0.5716080842911877,scen_G7_T22,h < 100 AND vibration >= 63 AND p1 > 10,h >= 100 AND p6 > 10 AND p8 > 10,cand_low_speed_flying,h < 100 AND vibration >= 50 AND wind_speed > 60,delta_dt >= 10 AND h >= 90,0.05676289997063577,"{'parameter_weights': {'parameter_1': 1.0, 'parameter_n': 1.0}, 'tversky_weights': {'alpha': 0.9, 'beta': 0.1}, 'conditional_weights': {'given': 1.0, 'when': 1.0, 'then': 1.0}}"
0.659882485380117,scen_G7_T23,h < 100 AND vibration >= 63 AND p1 > 10,delta_dt >= 10 AND h >= 100 AND p6 > 10 AND p8 > 10,cand_low_speed_flying,h < 100 AND vibration >= 50 AND wind_speed > 60,delta_dt >= 10 AND h >= 90,0.09555540001019835,"{'parameter_weights': {'parameter_1': 1.0, 'parameter_n': 1.0}, 'tversky_weights': {'alpha': 0.9, 'beta': 0.1}, 'conditional_weights': {'given': 1.0, 'when': 1.0, 'then': 1.0}}"
0.6271647509578544,scen_G7_T25,h < 100 AND vibration >= 63 AND p1 > 10,delta_dt >= 10 AND p7 > 10 AND p8 > 10,cand_low_speed_flying,h < 100 AND vibration >= 50 AND wind_speed > 60,delta_dt >= 10 AND h >= 90,0.060777700040489435,"{'parameter_weights': {'parameter_1': 1.0, 'parameter_n': 1.0}, 'tversky_weights': {'alpha': 0.9, 'beta': 0.1}, 'conditional_weights': {'given': 1.0, 'when': 1.0, 'then': 1.0}}"
0.5716080842911877,scen_G7_T26,h < 100 AND vibration >= 63 AND p1 > 10,h >= 100 AND p7 > 10 AND p8 > 10,cand_low_speed_flying,h < 100 AND vibration >= 50 AND wind_speed > 60,delta_dt >= 10 AND h >= 90,0.06893199996557087,"{'parameter_weights': {'parameter_1': 1.0, 'parameter_n': 1.0}, 'tversky_weights': {'alpha': 0.9, 'beta': 0.1}, 'conditional_weights': {'given': 1.0, 'when': 1.0, 'then': 1.0}}"
0.659882485380117,scen_G7_T27,h < 100 AND vibration >= 63 AND p1 > 10,delta_dt >= 10 AND h >= 100 AND p7 > 10 AND p8 > 10,cand_low_speed_flying,h < 100 AND vibration >= 50 AND wind_speed > 60,delta_dt >= 10 AND h >= 90,0.06910610001068562,"{'parameter_weights': {'parameter_1': 1.0, 'parameter_n': 1.0}, 'tversky_weights': {'alpha': 0.9, 'beta': 0.1}, 'conditional_weights': {'given': 1.0, 'when': 1.0, 'then': 1.0}}"
0.5999415204678362,scen_G7_T29,h < 100 AND vibration >= 63 AND p1 > 10,delta_dt >= 10 AND p6 > 10 AND p7 > 10 AND p8 > 10,cand_low_speed_flying,h < 100 AND vibration >= 50 AND wind_speed > 60,delta_dt >= 10 AND h >= 90,0.07874120003543794,"{'parameter_weights': {'parameter_1': 1.0, 'parameter_n': 1.0}, 'tversky_weights': {'alpha': 0.9, 'beta': 0.1}, 'conditional_weights': {'given': 1.0, 'when': 1.0, 'then': 1.0}}"
0.5443848538011696,scen_G7_T30,h < 100 AND vibration >= 63 AND p1 > 10,h >= 100 AND p6 > 10 AND p7 > 10 AND p8 > 10,cand_low_speed_flying,h < 100 AND vibration >= 50 AND wind_speed > 60,delta_dt >= 10 AND h >= 90,0.07121309998910874,"{'parameter_weights': {'parameter_1': 1.0, 'parameter_n': 1.0}, 'tversky_weights': {'alpha': 0.9, 'beta': 0.1}, 'conditional_weights': {'given': 1.0, 'when': 1.0, 'then': 1.0}}"
0.6262878605200946,scen_G7_T31,h < 100 AND vibration >= 63 AND p1 > 10,delta_dt >= 10 AND h >= 100 AND p6 > 10 AND p7 > 10 AND p8 > 10,cand_low_speed_flying,h < 100 AND vibration >= 50 AND wind_speed > 60,delta_dt >= 10 AND h >= 90,0.07506149995606393,"{'parameter_weights': {'parameter_1': 1.0, 'parameter_n': 1.0}, 'tversky_weights': {'alpha': 0.9, 'beta': 0.1}, 'conditional_weights': {'given': 1.0, 'when': 1.0, 'then': 1.0}}"
0.7950937950937952,scen_G9_T1,h < 100 AND p2 > 10,delta_dt >= 10,cand_low_speed_flying,h < 100 AND vibration >= 50 AND wind_speed > 60,delta_dt >= 10 AND h >= 90,0.050511700101196766,"{'parameter_weights': {'parameter_1': 1.0, 'parameter_n': 1.0}, 'tversky_weights': {'alpha': 0.9, 'beta': 0.1}, 'conditional_weights': {'given': 1.0, 'when': 1.0, 'then': 1.0}}"
0.7395371284271285,scen_G9_T2,h < 100 AND p2 > 10,h >= 100,cand_low_speed_flying,h < 100 AND vibration >= 50 AND wind_speed > 60,delta_dt >= 10 AND h >= 90,0.057860199944116175,"{'parameter_weights': {'parameter_1': 1.0, 'parameter_n': 1.0}, 'tversky_weights': {'alpha': 0.9, 'beta': 0.1}, 'conditional_weights': {'given': 1.0, 'when': 1.0, 'then': 1.0}}"
0.7976184920634921,scen_G9_T3,h < 100 AND p2 > 10,delta_dt >= 10 AND h >= 100,cand_low_speed_flying,h < 100 AND vibration >= 50 AND wind_speed > 60,delta_dt >= 10 AND h >= 90,0.07944030000362545,"{'parameter_weights': {'parameter_1': 1.0, 'parameter_n': 1.0}, 'tversky_weights': {'alpha': 0.9, 'beta': 0.1}, 'conditional_weights': {'given': 1.0, 'when': 1.0, 'then': 1.0}}"
0.6587301587301587,scen_G9_T5,h < 100 AND p2 > 10,delta_dt >= 10 AND p6 > 10,cand_low_speed_flying,h < 100 AND vibration >= 50 AND wind_speed > 60,delta_dt >= 10 AND h >= 90,0.05720660008955747,"{'parameter_weights': {'parameter_1': 1.0, 'parameter_n': 1.0}, 'tversky_weights': {'alpha': 0.9, 'beta': 0.1}, 'conditional_weights': {'given': 1.0, 'when': 1.0, 'then': 1.0}}"
0.6031734920634921,scen_G9_T6,h < 100 AND p2 > 10,h >= 100 AND p6 > 10,cand_low_speed_flying,h < 100 AND vibration >= 50 AND wind_speed > 60,delta_dt >= 10 AND h >= 90,0.060023400001227856,"{'parameter_weights': {'parameter_1': 1.0, 'parameter_n': 1.0}, 'tversky_weights': {'alpha': 0.9, 'beta': 0.1}, 'conditional_weights': {'given': 1.0, 'when': 1.0, 'then': 1.0}}"
0.6941702162014232,scen_G9_T7,h < 100 AND p2 > 10,delta_dt >= 10 AND h >= 100 AND p6 > 10,cand_low_speed_flying,h < 100 AND vibration >= 50 AND wind_speed > 60,delta_dt >= 10 AND h >= 90,0.07579110004007816,"{'parameter_weights': {'parameter_1': 1.0, 'parameter_n': 1.0}, 'tversky_weights': {'alpha': 0.9, 'beta': 0.1}, 'conditional_weights': {'given': 1.0, 'when': 1.0, 'then': 1.0}}"
0.6587301587301587,scen_G9_T9,h < 100 AND p2 > 10,delta_dt >= 10 AND p7 > 10,cand_low_speed_flying,h < 100 AND vibration >= 50 AND wind_speed > 60,delta_dt >= 10 AND h >= 90,0.055455700028687716,"{'parameter_weights': {'parameter_1': 1.0, 'parameter_n': 1.0}, 'tversky_weights': {'alpha': 0.9, 'beta': 0.1}, 'conditional_weights': {'given': 1.0, 'when': 1.0, 'then': 1.0}}"
0.6031734920634921,scen_G9_T10,h < 100 AND p2 > 10,h >= 100 AND p7 > 10,cand_low_speed_flying,h < 100 AND vibration >= 50 AND wind_speed > 60,delta_dt >= 10 AND h >= 90,0.05728449998423457,"{'parameter_weights': {'parameter_1': 1.0, 'parameter_n': 1.0}, 'tversky_weights': {'alpha': 0.9, 'beta': 0.1}, 'conditional_weights': {'given': 1.0, 'when': 1.0, 'then': 1.0}}"
0.6941702162014232,scen_G9_T11,h < 100 AND p2 > 10,delta_dt >= 10 AND h >= 100 AND p7 > 10,cand_low_speed_flying,h < 100 AND vibration >= 50 AND wind_speed > 60,delta_dt >= 10 AND h >= 90,0.0592809000518173,"{'parameter_weights': {'parameter_1': 1.0, 'parameter_n': 1.0}, 'tversky_weights': {'alpha': 0.9, 'beta': 0.1}, 'conditional_weights': {'given': 1.0, 'when': 1.0, 'then': 1.0}}"
0.6070060207991242,scen_G9_T13,h < 100 AND p2 > 10,delta_dt >= 10 AND p6 > 10 AND p7 > 10,cand_low_speed_flying,h < 100 AND vibration >= 50 AND wind_speed > 60,delta_dt >= 10 AND h >= 90,0.06257599999662489,"{'parameter_weights': {'parameter_1': 1.0, 'parameter_n': 1.0}, 'tversky_weights': {'alpha': 0.9, 'beta': 0.1}, 'conditional_weights': {'given': 1.0, 'when': 1.0, 'then': 1.0}}"
0.5514493541324575,scen_G9_T14,h < 100 AND p2 > 10,h >= 100 AND p6 > 10 AND p7 > 10,cand_low_speed_flying,h < 100 AND vibration >= 50 AND wind_speed > 60,delta_dt >= 10 AND h >= 90,0.06479410000611097,"{'parameter_weights': {'parameter_1': 1.0, 'parameter_n': 1.0}, 'tversky_weights': {'alpha': 0.9, 'beta': 0.1}, 'conditional_weights': {'given': 1.0, 'when': 1.0, 'then': 1.0}}"
0.6397237552213868,scen_G9_T15,h < 100 AND p2 > 10,delta_dt >= 10 AND h >= 100 AND p6 > 10 AND p7 > 10,cand_low_speed_flying,h < 100 AND vibration >= 50 AND wind_speed > 60,delta_dt >= 10 AND h >= 90,0.06316549994517118,"{'parameter_weights': {'parameter_1': 1.0, 'parameter_n': 1.0}, 'tversky_weights': {'alpha': 0.9, 'beta': 0.1}, 'conditional_weights': {'given': 1.0, 'when': 1.0, 'then': 1.0}}"
0.6587301587301587,scen_G9_T17,h < 100 AND p2 > 10,delta_dt >= 10 AND p8 > 10,cand_low_speed_flying,h < 100 AND vibration >= 50 AND wind_speed > 60,delta_dt >= 10 AND h >= 90,0.05726220004726201,"{'parameter_weights': {'parameter_1': 1.0, 'parameter_n': 1.0}, 'tversky_weights': {'alpha': 0.9, 'beta': 0.1}, 'conditional_weights': {'given': 1.0, 'when': 1.0, 'then': 1.0}}"
0.6031734920634921,scen_G9_T18,h < 100 AND p2 > 10,h >= 100 AND p8 > 10,cand_low_speed_flying,h < 100 AND vibration >= 50 AND wind_speed > 60,delta_dt >= 10 AND h >= 90,0.057396800024434924,"{'parameter_weights': {'parameter_1': 1.0, 'parameter_n': 1.0}, 'tversky_weights': {'alpha': 0.9, 'beta': 0.1}, 'conditional_weights': {'given': 1.0, 'when': 1.0, 'then': 1.0}}"
0.6941702162014232,scen_G9_T19,h < 100 AND p2 > 10,delta_dt >= 10 AND h >= 100 AND p8 > 10,cand_low_speed_flying,h < 100 AND vibration >= 50 AND wind_speed > 60,delta_dt >= 10 AND h >= 90,0.05964909994509071,"{'parameter_weights': {'parameter_1': 1.0, 'parameter_n': 1.0}, 'tversky_weights': {'alpha': 0.9, 'beta': 0.1}, 'conditional_weights': {'given': 1.0, 'when': 1.0, 'then': 1.0}}"
0.6070060207991242,scen_G9_T21,h < 100 AND p2 > 10,delta_dt >= 10 AND p6 > 10 AND p8 > 10,cand_low_speed_flying,h < 100 AND vibration >= 50 AND wind_speed > 60,delta_dt >= 10 AND h >= 90,0.058317000046372414,"{'parameter_weights': {'parameter_1': 1.0, 'parameter_n': 1.0}, 'tversky_weights': {'alpha': 0.9, 'beta': 0.1}, 'conditional_weights': {'given': 1.0, 'when': 1.0, 'then': 1.0}}"
0.5514493541324575,scen_G9_T22,h < 100 AND p2 > 10,h >= 100 AND p6 > 10 AND p8 > 10,cand_low_speed_flying,h < 100 AND vibration >= 50 AND wind_speed > 60,delta_dt >= 10 AND h >= 90,0.060396499931812286,"{'parameter_weights': {'parameter_1': 1.0, 'parameter_n': 1.0}, 'tversky_weights': {'alpha': 0.9, 'beta': 0.1}, 'conditional_weights': {'given': 1.0, 'when': 1.0, 'then': 1.0}}"
0.6397237552213868,scen_G9_T23,h < 100 AND p2 > 10,delta_dt >= 10 AND h >= 100 AND p6 > 10 AND p8 > 10,cand_low_speed_flying,h < 100 AND vibration >= 50 AND wind_speed > 60,delta_dt >= 10 AND h >= 90,0.07686259993351996,"{'parameter_weights': {'parameter_1': 1.0, 'parameter_n': 1.0}, 'tversky_weights': {'alpha': 0.9, 'beta': 0.1}, 'conditional_weights': {'given': 1.0, 'when': 1.0, 'then': 1.0}}"
0.6070060207991242,scen_G9_T25,h < 100 AND p2 > 10,delta_dt >= 10 AND p7 > 10 AND p8 > 10,cand_low_speed_flying,h < 100 AND vibration >= 50 AND wind_speed > 60,delta_dt >= 10 AND h >= 90,0.06152459990698844,"{'parameter_weights': {'parameter_1': 1.0, 'parameter_n': 1.0}, 'tversky_weights': {'alpha': 0.9, 'beta': 0.1}, 'conditional_weights': {'given': 1.0, 'when': 1.0, 'then': 1.0}}"
0.5514493541324575,scen_G9_T26,h < 100 AND p2 > 10,h >= 100 AND p7 > 10 AND p8 > 10,cand_low_speed_flying,h < 100 AND vibration >= 50 AND wind_speed > 60,delta_dt >= 10 AND h >= 90,0.05560960003640503,"{'parameter_weights': {'parameter_1': 1.0, 'parameter_n': 1.0}, 'tversky_weights': {'alpha': 0.9, 'beta': 0.1}, 'conditional_weights': {'given': 1.0, 'when': 1.0, 'then': 1.0}}"
0.6397237552213868,scen_G9_T27,h < 100 AND p2 > 10,delta_dt >= 10 AND h >= 100 AND p7 > 10 AND p8 > 10,cand_low_speed_flying,h < 100 AND vibration >= 50 AND wind_speed > 60,delta_dt >= 10 AND h >= 90,0.057999399956315756,"{'parameter_weights': {'parameter_1': 1.0, 'parameter_n': 1.0}, 'tversky_weights': {'alpha': 0.9, 'beta': 0.1}, 'conditional_weights': {'given': 1.0, 'when': 1.0, 'then': 1.0}}"
0.5797827903091061,scen_G9_T29,h < 100 AND p2 > 10,delta_dt >= 10 AND p6 > 10 AND p7 > 10 AND p8 > 10,cand_low_speed_flying,h < 100 AND vibration >= 50 AND wind_speed > 60,delta_dt >= 10 AND h >= 90,0.06461150001268834,"{'parameter_weights': {'parameter_1': 1.0, 'parameter_n': 1.0}, 'tversky_weights': {'alpha': 0.9, 'beta': 0.1}, 'conditional_weights': {'given': 1.0, 'when': 1.0, 'then': 1.0}}"
0.5242261236424395,scen_G9_T30,h < 100 AND p2 > 10,h >= 100 AND p6 > 10 AND p7 > 10 AND p8 > 10,cand_low_speed_flying,h < 100 AND vibration >= 50 AND wind_speed > 60,delta_dt >= 10 AND h >= 90,0.08470290002878755,"{'parameter_weights': {'parameter_1': 1.0, 'parameter_n': 1.0}, 'tversky_weights': {'alpha': 0.9, 'beta': 0.1}, 'conditional_weights': {'given': 1.0, 'when': 1.0, 'then': 1.0}}"
0.6061291303613644,scen_G9_T31,h < 100 AND p2 > 10,delta_dt >= 10 AND h >= 100 AND p6 > 10 AND p7 > 10 AND p8 > 10,cand_low_speed_flying,h < 100 AND vibration >= 50 AND wind_speed > 60,delta_dt >= 10 AND h >= 90,0.07180139992851764,"{'parameter_weights': {'parameter_1': 1.0, 'parameter_n': 1.0}, 'tversky_weights': {'alpha': 0.9, 'beta': 0.1}, 'conditional_weights': {'given': 1.0, 'when': 1.0, 'then': 1.0}}"
0.7084271284271284,scen_G10_T1,vibration >= 63 AND p2 > 10,delta_dt >= 10,cand_low_speed_flying,h < 100 AND vibration >= 50 AND wind_speed > 60,delta_dt >= 10 AND h >= 90,0.0496236999752,"{'parameter_weights': {'parameter_1': 1.0, 'parameter_n': 1.0}, 'tversky_weights': {'alpha': 0.9, 'beta': 0.1}, 'conditional_weights': {'given': 1.0, 'when': 1.0, 'then': 1.0}}"
0.6528704617604617,scen_G10_T2,vibration >= 63 AND p2 > 10,h >= 100,cand_low_speed_flying,h < 100 AND vibration >= 50 AND wind_speed > 60,delta_dt >= 10 AND h >= 90,0.06991240009665489,"{'parameter_weights': {'parameter_1': 1.0, 'parameter_n': 1.0}, 'tversky_weights': {'alpha': 0.9, 'beta': 0.1}, 'conditional_weights': {'given': 1.0, 'when': 1.0, 'then': 1.0}}"
0.7109518253968253,scen_G10_T3,vibration >= 63 AND p2 > 10,delta_dt >= 10 AND h >= 100,cand_low_speed_flying,h < 100 AND vibration >= 50 AND wind_speed > 60,delta_dt >= 10 AND h >= 90,0.056841199984773993,"{'parameter_weights': {'parameter_1': 1.0, 'parameter_n': 1.0}, 'tversky_weights': {'alpha': 0.9, 'beta': 0.1}, 'conditional_weights': {'given': 1.0, 'when': 1.0, 'then': 1.0}}"
0.572063492063492,scen_G10_T5,vibration >= 63 AND p2 > 10,delta_dt >= 10 AND p6 > 10,cand_low_speed_flying,h < 100 AND vibration >= 50 AND wind_speed > 60,delta_dt >= 10 AND h >= 90,0.05403709993697703,"{'parameter_weights': {'parameter_1': 1.0, 'parameter_n': 1.0}, 'tversky_weights': {'alpha': 0.9, 'beta': 0.1}, 'conditional_weights': {'given': 1.0, 'when': 1.0, 'then': 1.0}}"
0.5165068253968254,scen_G10_T6,vibration >= 63 AND p2 > 10,h >= 100 AND p6 > 10,cand_low_speed_flying,h < 100 AND vibration >= 50 AND wind_speed > 60,delta_dt >= 10 AND h >= 90,0.07996680005453527,"{'parameter_weights': {'parameter_1': 1.0, 'parameter_n': 1.0}, 'tversky_weights': {'alpha': 0.9, 'beta': 0.1}, 'conditional_weights': {'given': 1.0, 'when': 1.0, 'then': 1.0}}"
0.6075035495347564,scen_G10_T7,vibration >= 63 AND p2 > 10,delta_dt >= 10 AND h >= 100 AND p6 > 10,cand_low_speed_flying,h < 100 AND vibration >= 50 AND wind_speed > 60,delta_dt >= 10 AND h >= 90,0.06046539999078959,"{'parameter_weights': {'parameter_1': 1.0, 'parameter_n': 1.0}, 'tversky_weights': {'alpha': 0.9, 'beta': 0.1}, 'conditional_weights': {'given': 1.0, 'when': 1.0, 'then': 1.0}}"
0.572063492063492,scen_G10_T9,vibration >= 63 AND p2 > 10,delta_dt >= 10 AND p7 > 10,cand_low_speed_flying,h < 100 AND vibration >= 50 AND wind_speed > 60,delta_dt >= 10 AND h >= 90,0.05997249996289611,"{'parameter_weights': {'parameter_1': 1.0, 'parameter_n': 1.0}, 'tversky_weights': {'alpha': 0.9, 'beta': 0.1}, 'conditional_weights': {'given': 1.0, 'when': 1.0, 'then': 1.0}}"
0.5165068253968254,scen_G10_T10,vibration >= 63 AND p2 > 10,h >= 100 AND p7 > 10,cand_low_speed_flying,h < 100 AND vibration >= 50 AND wind_speed > 60,delta_dt >= 10 AND h >= 90,0.06370860000606626,"{'parameter_weights': {'parameter_1': 1.0, 'parameter_n': 1.0}, 'tversky_weights': {'alpha': 0.9, 'beta': 0.1}, 'conditional_weights': {'given': 1.0, 'when': 1.0, 'then': 1.0}}"
0.6075035495347564,scen_G10_T11,vibration >= 63 AND p2 > 10,delta_dt >= 10 AND h >= 100 AND p7 > 10,cand_low_speed_flying,h < 100 AND vibration >= 50 AND wind_speed > 60,delta_dt >= 10 AND h >= 90,0.08089980005752295,"{'parameter_weights': {'parameter_1': 1.0, 'parameter_n': 1.0}, 'tversky_weights': {'alpha': 0.9, 'beta': 0.1}, 'conditional_weights': {'given': 1.0, 'when': 1.0, 'then': 1.0}}"
0.5203393541324576,scen_G10_T13,vibration >= 63 AND p2 > 10,delta_dt >= 10 AND p6 > 10 AND p7 > 10,cand_low_speed_flying,h < 100 AND vibration >= 50 AND wind_speed > 60,delta_dt >= 10 AND h >= 90,0.06181359989568591,"{'parameter_weights': {'parameter_1': 1.0, 'parameter_n': 1.0}, 'tversky_weights': {'alpha': 0.9, 'beta': 0.1}, 'conditional_weights': {'given': 1.0, 'when': 1.0, 'then': 1.0}}"
0.4647826874657908,scen_G10_T14,vibration >= 63 AND p2 > 10,h >= 100 AND p6 > 10 AND p7 > 10,cand_low_speed_flying,h < 100 AND vibration >= 50 AND wind_speed > 60,delta_dt >= 10 AND h >= 90,0.07149350002873689,"{'parameter_weights': {'parameter_1': 1.0, 'parameter_n': 1.0}, 'tversky_weights': {'alpha': 0.9, 'beta': 0.1}, 'conditional_weights': {'given': 1.0, 'when': 1.0, 'then': 1.0}}"
0.55305708855472,scen_G10_T15,vibration >= 63 AND p2 > 10,delta_dt >= 10 AND h >= 100 AND p6 > 10 AND p7 > 10,cand_low_speed_flying,h < 100 AND vibration >= 50 AND wind_speed > 60,delta_dt >= 10 AND h >= 90,0.06278369994834065,"{'parameter_weights': {'parameter_1': 1.0, 'parameter_n': 1.0}, 'tversky_weights': {'alpha': 0.9, 'beta': 0.1}, 'conditional_weights': {'given': 1.0, 'when': 1.0, 'then': 1.0}}"
0.572063492063492,scen_G10_T17,vibration >= 63 AND p2 > 10,delta_dt >= 10 AND p8 > 10,cand_low_speed_flying,h < 100 AND vibration >= 50 AND wind_speed > 60,delta_dt >= 10 AND h >= 90,0.06631640007253736,"{'parameter_weights': {'parameter_1': 1.0, 'parameter_n': 1.0}, 'tversky_weights': {'alpha': 0.9, 'beta': 0.1}, 'conditional_weights': {'given': 1.0, 'when': 1.0, 'then': 1.0}}"
0.5165068253968254,scen_G10_T18,vibration >= 63 AND p2 > 10,h >= 100 AND p8 > 10,cand_low_speed_flying,h < 100 AND vibration >= 50 AND wind_speed > 60,delta_dt >= 10 AND h >= 90,0.05345569993369281,"{'parameter_weights': {'parameter_1': 1.0, 'parameter_n': 1.0}, 'tversky_weights': {'alpha': 0.9, 'beta': 0.1}, 'conditional_weights': {'given': 1.0, 'when': 1.0, 'then': 1.0}}"
0.6075035495347564,scen_G10_T19,vibration >= 63 AND p2 > 10,delta_dt >= 10 AND h >= 100 AND p8 > 10,cand_low_speed_flying,h < 100 AND vibration >= 50 AND wind_speed > 60,delta_dt >= 10 AND h >= 90,0.07545600004959852,"{'parameter_weights': {'parameter_1': 1.0, 'parameter_n': 1.0}, 'tversky_weights': {'alpha': 0.9, 'beta': 0.1}, 'conditional_weights': {'given': 1.0, 'when': 1.0, 'then': 1.0}}"
0.5203393541324576,scen_G10_T21,vibration >= 63 AND p2 > 10,delta_dt >= 10 AND p6 > 10 AND p8 > 10,cand_low_speed_flying,h < 100 AND vibration >= 50 AND wind_speed > 60,delta_dt >= 10 AND h >= 90,0.059110799920745194,"{'parameter_weights': {'parameter_1': 1.0, 'parameter_n': 1.0}, 'tversky_weights': {'alpha': 0.9, 'beta': 0.1}, 'conditional_weights': {'given': 1.0, 'when': 1.0, 'then': 1.0}}"
0.4647826874657908,scen_G10_T22,vibration >= 63 AND p2 > 10,h >= 100 AND p6 > 10 AND p8 > 10,cand_low_speed_flying,h < 100 AND vibration >= 50 AND wind_speed > 60,delta_dt >= 10 AND h >= 90,0.07181560003664345,"{'parameter_weights': {'parameter_1': 1.0, 'parameter_n': 1.0}, 'tversky_weights': {'alpha': 0.9, 'beta': 0.1}, 'conditional_weights': {'given': 1.0, 'when': 1.0, 'then': 1.0}}"
0.55305708855472,scen_G10_T23,vibration >= 63 AND p2 > 10,delta_dt >= 10 AND h >= 100 AND p6 > 10 AND p8 > 10,cand_low_speed_flying,h < 100 AND vibration >= 50 AND wind_speed > 60,delta_dt >= 10 AND h >= 90,0.062282999977469444,"{'parameter_weights': {'parameter_1': 1.0, 'parameter_n': 1.0}, 'tversky_weights': {'alpha': 0.9, 'beta': 0.1}, 'conditional_weights': {'given': 1.0, 'when': 1.0, 'then': 1.0}}"
0.5203393541324576,scen_G10_T25,vibration >= 63 AND p2 > 10,delta_dt >= 10 AND p7 > 10 AND p8 > 10,cand_low_speed_flying,h < 100 AND vibration >= 50 AND wind_speed > 60,delta_dt >= 10 AND h >= 90,0.0777900000102818,"{'parameter_weights': {'parameter_1': 1.0, 'parameter_n': 1.0}, 'tversky_weights': {'alpha': 0.9, 'beta': 0.1}, 'conditional_weights': {'given': 1.0, 'when': 1.0, 'then': 1.0}}"
0.4647826874657908,scen_G10_T26,vibration >= 63 AND p2 > 10,h >= 100 AND p7 > 10 AND p8 > 10,cand_low_speed_flying,h < 100 AND vibration >= 50 AND wind_speed > 60,delta_dt >= 10 AND h >= 90,0.08831999998074025,"{'parameter_weights': {'parameter_1': 1.0, 'parameter_n': 1.0}, 'tversky_weights': {'alpha': 0.9, 'beta': 0.1}, 'conditional_weights': {'given': 1.0, 'when': 1.0, 'then': 1.0}}"
0.55305708855472,scen_G10_T27,vibration >= 63 AND p2 > 10,delta_dt >= 10 AND h >= 100 AND p7 > 10 AND p8 > 10,cand_low_speed_flying,h < 100 AND vibration >= 50 AND wind_speed > 60,delta_dt >= 10 AND h >= 90,0.07796000002417713,"{'parameter_weights': {'parameter_1': 1.0, 'parameter_n': 1.0}, 'tversky_weights': {'alpha': 0.9, 'beta': 0.1}, 'conditional_weights': {'given': 1.0, 'when': 1.0, 'then': 1.0}}"
0.49311612364243934,scen_G10_T29,vibration >= 63 AND p2 > 10,delta_dt >= 10 AND p6 > 10 AND p7 > 10 AND p8 > 10,cand_low_speed_flying,h < 100 AND vibration >= 50 AND wind_speed > 60,delta_dt >= 10 AND h >= 90,0.06825320003554225,"{'parameter_weights': {'parameter_1': 1.0, 'parameter_n': 1.0}, 'tversky_weights': {'alpha': 0.9, 'beta': 0.1}, 'conditional_weights': {'given': 1.0, 'when': 1.0, 'then': 1.0}}"
0.43755945697577275,scen_G10_T30,vibration >= 63 AND p2 > 10,h >= 100 AND p6 > 10 AND p7 > 10 AND p8 > 10,cand_low_speed_flying,h < 100 AND vibration >= 50 AND wind_speed > 60,delta_dt >= 10 AND h >= 90,0.06722630001604557,"{'parameter_weights': {'parameter_1': 1.0, 'parameter_n': 1.0}, 'tversky_weights': {'alpha': 0.9, 'beta': 0.1}, 'conditional_weights': {'given': 1.0, 'when': 1.0, 'then': 1.0}}"
0.5194624636946977,scen_G10_T31,vibration >= 63 AND p2 > 10,delta_dt >= 10 AND h >= 100 AND p6 > 10 AND p7 > 10 AND p8 > 10,cand_low_speed_flying,h < 100 AND vibration >= 50 AND wind_speed > 60,delta_dt >= 10 AND h >= 90,0.08559619996231049,"{'parameter_weights': {'parameter_1': 1.0, 'parameter_n': 1.0}, 'tversky_weights': {'alpha': 0.9, 'beta': 0.1}, 'conditional_weights': {'given': 1.0, 'when': 1.0, 'then': 1.0}}"
0.8152525252525252,scen_G11_T1,h < 100 AND vibration >= 63 AND p2 > 10,delta_dt >= 10,cand_low_speed_flying,h < 100 AND vibration >= 50 AND wind_speed > 60,delta_dt >= 10 AND h >= 90,0.06585689994972199,"{'parameter_weights': {'parameter_1': 1.0, 'parameter_n': 1.0}, 'tversky_weights': {'alpha': 0.9, 'beta': 0.1}, 'conditional_weights': {'given': 1.0, 'when': 1.0, 'then': 1.0}}"
0.7596958585858585,scen_G11_T2,h < 100 AND vibration >= 63 AND p2 > 10,h >= 100,cand_low_speed_flying,h < 100 AND vibration >= 50 AND wind_speed > 60,delta_dt >= 10 AND h >= 90,0.05666520004160702,"{'parameter_weights': {'parameter_1': 1.0, 'parameter_n': 1.0}, 'tversky_weights': {'alpha': 0.9, 'beta': 0.1}, 'conditional_weights': {'given': 1.0, 'when': 1.0, 'then': 1.0}}"
0.8177772222222223,scen_G11_T3,h < 100 AND vibration >= 63 AND p2 > 10,delta_dt >= 10 AND h >= 100,cand_low_speed_flying,h < 100 AND vibration >= 50 AND wind_speed > 60,delta_dt >= 10 AND h >= 90,0.10919230000581592,"{'parameter_weights': {'parameter_1': 1.0, 'parameter_n': 1.0}, 'tversky_weights': {'alpha': 0.9, 'beta': 0.1}, 'conditional_weights': {'given': 1.0, 'when': 1.0, 'then': 1.0}}"
0.6788888888888889,scen_G11_T5,h < 100 AND vibration >= 63 AND p2 > 10,delta_dt >= 10 AND p6 > 10,cand_low_speed_flying,h < 100 AND vibration >= 50 AND wind_speed > 60,delta_dt >= 10 AND h >= 90,0.06514429999515414,"{'parameter_weights': {'parameter_1': 1.0, 'parameter_n': 1.0}, 'tversky_weights': {'alpha': 0.9, 'beta': 0.1}, 'conditional_weights': {'given': 1.0, 'when': 1.0, 'then': 1.0}}"
0.6233322222222223,scen_G11_T6,h < 100 AND vibration >= 63 AND p2 > 10,h >= 100 AND p6 > 10,cand_low_speed_flying,h < 100 AND vibration >= 50 AND wind_speed > 60,delta_dt >= 10 AND h >= 90,0.06138149998150766,"{'parameter_weights': {'parameter_1': 1.0, 'parameter_n': 1.0}, 'tversky_weights': {'alpha': 0.9, 'beta': 0.1}, 'conditional_weights': {'given': 1.0, 'when': 1.0, 'then': 1.0}}"
0.7143289463601533,scen_G11_T7,h < 100 AND vibration >= 63 AND p2 > 10,delta_dt >= 10 AND h >= 100 AND p6 > 10,cand_low_speed_flying,h < 100 AND vibration >= 50 AND wind_speed > 60,delta_dt >= 10 AND h >= 90,0.07463129993993789,"{'parameter_weights': {'parameter_1': 1.0, 'parameter_n': 1.0}, 'tversky_weights': {'alpha': 0.9, 'beta': 0.1}, 'conditional_weights': {'given': 1.0, 'when': 1.0, 'then': 1.0}}"
0.6788888888888889,scen_G11_T9,h < 100 AND vibration >= 63 AND p2 > 10,delta_dt >= 10 AND p7 > 10,cand_low_speed_flying,h < 100 AND vibration >= 50 AND wind_speed > 60,delta_dt >= 10 AND h >= 90,0.06350709998514503,"{'parameter_weights': {'parameter_1': 1.0, 'parameter_n': 1.0}, 'tversky_weights': {'alpha': 0.9, 'beta': 0.1}, 'conditional_weights': {'given': 1.0, 'when': 1.0, 'then': 1.0}}"
0.6233322222222223,scen_G11_T10,h < 100 AND vibration >= 63 AND p2 > 10,h >= 100 AND p7 > 10,cand_low_speed_flying,h < 100 AND vibration >= 50 AND wind_speed > 60,delta_dt >= 10 AND h >= 90,0.06683859997428954,"{'parameter_weights': {'parameter_1': 1.0, 'parameter_n': 1.0}, 'tversky_weights': {'alpha': 0.9, 'beta': 0.1}, 'conditional_weights': {'given': 1.0, 'when': 1.0, 'then': 1.0}}"
0.7143289463601533,scen_G11_T11,h < 100 AND vibration >= 63 AND p2 > 10,delta_dt >= 10 AND h >= 100 AND p7 > 10,cand_low_speed_flying,h < 100 AND vibration >= 50 AND wind_speed > 60,delta_dt >= 10 AND h >= 90,0.05895760003477335,"{'parameter_weights': {'parameter_1': 1.0, 'parameter_n': 1.0}, 'tversky_weights': {'alpha': 0.9, 'beta': 0.1}, 'conditional_weights': {'given': 1.0, 'when': 1.0, 'then': 1.0}}"
0.6271647509578544,scen_G11_T13,h < 100 AND vibration >= 63 AND p2 > 10,delta_dt >= 10 AND p6 > 10 AND p7 > 10,cand_low_speed_flying,h < 100 AND vibration >= 50 AND wind_speed > 60,delta_dt >= 10 AND h >= 90,0.0628038999857381,"{'parameter_weights': {'parameter_1': 1.0, 'parameter_n': 1.0}, 'tversky_weights': {'alpha': 0.9, 'beta': 0.1}, 'conditional_weights': {'given': 1.0, 'when': 1.0, 'then': 1.0}}"
0.5716080842911877,scen_G11_T14,h < 100 AND vibration >= 63 AND p2 > 10,h >= 100 AND p6 > 10 AND p7 > 10,cand_low_speed_flying,h < 100 AND vibration >= 50 AND wind_speed > 60,delta_dt >= 10 AND h >= 90,0.0792428000131622,"{'parameter_weights': {'parameter_1': 1.0, 'parameter_n': 1.0}, 'tversky_weights': {'alpha': 0.9, 'beta': 0.1}, 'conditional_weights': {'given': 1.0, 'when': 1.0, 'then': 1.0}}"
0.659882485380117,scen_G11_T15,h < 100 AND vibration >= 63 AND p2 > 10,delta_dt >= 10 AND h >= 100 AND p6 > 10 AND p7 > 10,cand_low_speed_flying,h < 100 AND vibration >= 50 AND wind_speed > 60,delta_dt >= 10 AND h >= 90,0.11311289994046092,"{'parameter_weights': {'parameter_1': 1.0, 'parameter_n': 1.0}, 'tversky_weights': {'alpha': 0.9, 'beta': 0.1}, 'conditional_weights': {'given': 1.0, 'when': 1.0, 'then': 1.0}}"
0.6788888888888889,scen_G11_T17,h < 100 AND vibration >= 63 AND p2 > 10,delta_dt >= 10 AND p8 > 10,cand_low_speed_flying,h < 100 AND vibration >= 50 AND wind_speed > 60,delta_dt >= 10 AND h >= 90,0.05969140003435314,"{'parameter_weights': {'parameter_1': 1.0, 'parameter_n': 1.0}, 'tversky_weights': {'alpha': 0.9, 'beta': 0.1}, 'conditional_weights': {'given': 1.0, 'when': 1.0, 'then': 1.0}}"
0.6233322222222223,scen_G11_T18,h < 100 AND vibration >= 63 AND p2 > 10,h >= 100 AND p8 > 10,cand_low_speed_flying,h < 100 AND vibration >= 50 AND wind_speed > 60,delta_dt >= 10 AND h >= 90,0.06586520001292229,"{'parameter_weights': {'parameter_1': 1.0, 'parameter_n': 1.0}, 'tversky_weights': {'alpha': 0.9, 'beta': 0.1}, 'conditional_weights': {'given': 1.0, 'when': 1.0, 'then': 1.0}}"
0.7143289463601533,scen_G11_T19,h < 100 AND vibration >= 63 AND p2 > 10,delta_dt >= 10 AND h >= 100 AND p8 > 10,cand_low_speed_flying,h < 100 AND vibration >= 50 AND wind_speed > 60,delta_dt >= 10 AND h >= 90,0.07455540006048977,"{'parameter_weights': {'parameter_1': 1.0, 'parameter_n': 1.0}, 'tversky_weights': {'alpha': 0.9, 'beta': 0.1}, 'conditional_weights': {'given': 1.0, 'when': 1.0, 'then': 1.0}}"
0.6271647509578544,scen_G11_T21,h < 100 AND vibration >= 63 AND p2 > 10,delta_dt >= 10 AND p6 > 10 AND p8 > 10,cand_low_speed_flying,h < 100 AND vibration >= 50 AND wind_speed > 60,delta_dt >= 10 AND h >= 90,0.12094130006153136,"{'parameter_weights': {'parameter_1': 1.0, 'parameter_n': 1.0}, 'tversky_weights': {'alpha': 0.9, 'beta': 0.1}, 'conditional_weights': {'given': 1.0, 'when': 1.0, 'then': 1.0}}"
0.5716080842911877,scen_G11_T22,h < 100 AND vibration >= 63 AND p2 > 10,h >= 100 AND p6 > 10 AND p8 > 10,cand_low_speed_flying,h < 100 AND vibration >= 50 AND wind_speed > 60,delta_dt >= 10 AND h >= 90,0.06222849991172552,"{'parameter_weights': {'parameter_1': 1.0, 'parameter_n': 1.0}, 'tversky_weights': {'alpha': 0.9, 'beta': 0.1}, 'conditional_weights': {'given': 1.0, 'when': 1.0, 'then': 1.0}}"
0.659882485380117,scen_G11_T23,h < 100 AND vibration >= 63 AND p2 > 10,delta_dt >= 10 AND h >= 100 AND p6 > 10 AND p8 > 10,cand_low_speed_flying,h < 100 AND vibration >= 50 AND wind_speed > 60,delta_dt >= 10 AND h >= 90,0.09101640002336353,"{'parameter_weights': {'parameter_1': 1.0, 'parameter_n': 1.0}, 'tversky_weights': {'alpha': 0.9, 'beta': 0.1}, 'conditional_weights': {'given': 1.0, 'when': 1.0, 'then': 1.0}}"
0.6271647509578544,scen_G11_T25,h < 100 AND vibration >= 63 AND p2 > 10,delta_dt >= 10 AND p7 > 10 AND p8 > 10,cand_low_speed_flying,h < 100 AND vibration >= 50 AND wind_speed > 60,delta_dt >= 10 AND h >= 90,0.09503399999812245,"{'parameter_weights': {'parameter_1': 1.0, 'parameter_n': 1.0}, 'tversky_weights': {'alpha': 0.9, 'beta': 0.1}, 'conditional_weights': {'given': 1.0, 'when': 1.0, 'then': 1.0}}"
0.5716080842911877,scen_G11_T26,h < 100 AND vibration >= 63 AND p2 > 10,h >= 100 AND p7 > 10 AND p8 > 10,cand_low_speed_flying,h < 100 AND vibration >= 50 AND wind_speed > 60,delta_dt >= 10 AND h >= 90,0.07990930008236319,"{'parameter_weights': {'parameter_1': 1.0, 'parameter_n': 1.0}, 'tversky_weights': {'alpha': 0.9, 'beta': 0.1}, 'conditional_weights': {'given': 1.0, 'when': 1.0, 'then': 1.0}}"
0.659882485380117,scen_G11_T27,h < 100 AND vibration >= 63 AND p2 > 10,delta_dt >= 10 AND h >= 100 AND p7 > 10 AND p8 > 10,cand_low_speed_flying,h < 100 AND vibration >= 50 AND wind_speed > 60,delta_dt >= 10 AND h >= 90,0.07730830006767064,"{'parameter_weights': {'parameter_1': 1.0, 'parameter_n': 1.0}, 'tversky_weights': {'alpha': 0.9, 'beta': 0.1}, 'conditional_weights': {'given': 1.0, 'when': 1.0, 'then': 1.0}}"
0.5999415204678362,scen_G11_T29,h < 100 AND vibration >= 63 AND p2 > 10,delta_dt >= 10 AND p6 > 10 AND p7 > 10 AND p8 > 10,cand_low_speed_flying,h < 100 AND vibration >= 50 AND wind_speed > 60,delta_dt >= 10 AND h >= 90,0.06723230006173253,"{'parameter_weights': {'parameter_1': 1.0, 'parameter_n': 1.0}, 'tversky_weights': {'alpha': 0.9, 'beta': 0.1}, 'conditional_weights': {'given': 1.0, 'when': 1.0, 'then': 1.0}}"
0.5443848538011696,scen_G11_T30,h < 100 AND vibration >= 63 AND p2 > 10,h >= 100 AND p6 > 10 AND p7 > 10 AND p8 > 10,cand_low_speed_flying,h < 100 AND vibration >= 50 AND wind_speed > 60,delta_dt >= 10 AND h >= 90,0.07146470004227012,"{'parameter_weights': {'parameter_1': 1.0, 'parameter_n': 1.0}, 'tversky_weights': {'alpha': 0.9, 'beta': 0.1}, 'conditional_weights': {'given': 1.0, 'when': 1.0, 'then': 1.0}}"
0.6262878605200946,scen_G11_T31,h < 100 AND vibration >= 63 AND p2 > 10,delta_dt >= 10 AND h >= 100 AND p6 > 10 AND p7 > 10 AND p8 > 10,cand_low_speed_flying,h < 100 AND vibration >= 50 AND wind_speed > 60,delta_dt >= 10 AND h >= 90,0.07568560005165637,"{'parameter_weights': {'parameter_1': 1.0, 'parameter_n': 1.0}, 'tversky_weights': {'alpha': 0.9, 'beta': 0.1}, 'conditional_weights': {'given': 1.0, 'when': 1.0, 'then': 1.0}}"
0.7474747474747474,scen_G13_T1,h < 100 AND p1 > 10 AND p2 > 10,delta_dt >= 10,cand_low_speed_flying,h < 100 AND vibration >= 50 AND wind_speed > 60,delta_dt >= 10 AND h >= 90,0.11942610004916787,"{'parameter_weights': {'parameter_1': 1.0, 'parameter_n': 1.0}, 'tversky_weights': {'alpha': 0.9, 'beta': 0.1}, 'conditional_weights': {'given': 1.0, 'when': 1.0, 'then': 1.0}}"
0.6919180808080808,scen_G13_T2,h < 100 AND p1 > 10 AND p2 > 10,h >= 100,cand_low_speed_flying,h < 100 AND vibration >= 50 AND wind_speed > 60,delta_dt >= 10 AND h >= 90,0.08029279997572303,"{'parameter_weights': {'parameter_1': 1.0, 'parameter_n': 1.0}, 'tversky_weights': {'alpha': 0.9, 'beta': 0.1}, 'conditional_weights': {'given': 1.0, 'when': 1.0, 'then': 1.0}}"
0.7499994444444443,scen_G13_T3,h < 100 AND p1 > 10 AND p2 > 10,delta_dt >= 10 AND h >= 100,cand_low_speed_flying,h < 100 AND vibration >= 50 AND wind_speed > 60,delta_dt >= 10 AND h >= 90,0.13753840001299977,"{'parameter_weights': {'parameter_1': 1.0, 'parameter_n': 1.0}, 'tversky_weights': {'alpha': 0.9, 'beta': 0.1}, 'conditional_weights': {'given': 1.0, 'when': 1.0, 'then': 1.0}}"
0.611111111111111,scen_G13_T5,h < 100 AND p1 > 10 AND p2 > 10,delta_dt >= 10 AND p6 > 10,cand_low_speed_flying,h < 100 AND vibration >= 50 AND wind_speed > 60,delta_dt >= 10 AND h >= 90,0.06541540008038282,"{'parameter_weights': {'parameter_1': 1.0, 'parameter_n': 1.0}, 'tversky_weights': {'alpha': 0.9, 'beta': 0.1}, 'conditional_weights': {'given': 1.0, 'when': 1.0, 'then': 1.0}}"
0.5555544444444444,scen_G13_T6,h < 100 AND p1 > 10 AND p2 > 10,h >= 100 AND p6 > 10,cand_low_speed_flying,h < 100 AND vibration >= 50 AND wind_speed > 60,delta_dt >= 10 AND h >= 90,0.061406000051647425,"{'parameter_weights': {'parameter_1': 1.0, 'parameter_n': 1.0}, 'tversky_weights': {'alpha': 0.9, 'beta': 0.1}, 'conditional_weights': {'given': 1.0, 'when': 1.0, 'then': 1.0}}"
0.6465511685823755,scen_G13_T7,h < 100 AND p1 > 10 AND p2 > 10,delta_dt >= 10 AND h >= 100 AND p6 > 10,cand_low_speed_flying,h < 100 AND vibration >= 50 AND wind_speed > 60,delta_dt >= 10 AND h >= 90,0.11318330001085997,"{'parameter_weights': {'parameter_1': 1.0, 'parameter_n': 1.0}, 'tversky_weights': {'alpha': 0.9, 'beta': 0.1}, 'conditional_weights': {'given': 1.0, 'when': 1.0, 'then': 1.0}}"
0.611111111111111,scen_G13_T9,h < 100 AND p1 > 10 AND p2 > 10,delta_dt >= 10 AND p7 > 10,cand_low_speed_flying,h < 100 AND vibration >= 50 AND wind_speed > 60,delta_dt >= 10 AND h >= 90,0.06361890002153814,"{'parameter_weights': {'parameter_1': 1.0, 'parameter_n': 1.0}, 'tversky_weights': {'alpha': 0.9, 'beta': 0.1}, 'conditional_weights': {'given': 1.0, 'when': 1.0, 'then': 1.0}}"
0.5555544444444444,scen_G13_T10,h < 100 AND p1 > 10 AND p2 > 10,h >= 100 AND p7 > 10,cand_low_speed_flying,h < 100 AND vibration >= 50 AND wind_speed > 60,delta_dt >= 10 AND h >= 90,0.06556830008048564,"{'parameter_weights': {'parameter_1': 1.0, 'parameter_n': 1.0}, 'tversky_weights': {'alpha': 0.9, 'beta': 0.1}, 'conditional_weights': {'given': 1.0, 'when': 1.0, 'then': 1.0}}"
0.6465511685823755,scen_G13_T11,h < 100 AND p1 > 10 AND p2 > 10,delta_dt >= 10 AND h >= 100 AND p7 > 10,cand_low_speed_flying,h < 100 AND vibration >= 50 AND wind_speed > 60,delta_dt >= 10 AND h >= 90,0.19360270001925528,"{'parameter_weights': {'parameter_1': 1.0, 'parameter_n': 1.0}, 'tversky_weights': {'alpha': 0.9, 'beta': 0.1}, 'conditional_weights': {'given': 1.0, 'when': 1.0, 'then': 1.0}}"
0.5593869731800766,scen_G13_T13,h < 100 AND p1 > 10 AND p2 > 10,delta_dt >= 10 AND p6 > 10 AND p7 > 10,cand_low_speed_flying,h < 100 AND vibration >= 50 AND wind_speed > 60,delta_dt >= 10 AND h >= 90,0.06695060001220554,"{'parameter_weights': {'parameter_1': 1.0, 'parameter_n': 1.0}, 'tversky_weights': {'alpha': 0.9, 'beta': 0.1}, 'conditional_weights': {'given': 1.0, 'when': 1.0, 'then': 1.0}}"
0.50383030651341,scen_G13_T14,h < 100 AND p1 > 10 AND p2 > 10,h >= 100 AND p6 > 10 AND p7 > 10,cand_low_speed_flying,h < 100 AND vibration >= 50 AND wind_speed > 60,delta_dt >= 10 AND h >= 90,0.07053550006821752,"{'parameter_weights': {'parameter_1': 1.0, 'parameter_n': 1.0}, 'tversky_weights': {'alpha': 0.9, 'beta': 0.1}, 'conditional_weights': {'given': 1.0, 'when': 1.0, 'then': 1.0}}"
0.5921047076023392,scen_G13_T15,h < 100 AND p1 > 10 AND p2 > 10,delta_dt >= 10 AND h >= 100 AND p6 > 10 AND p7 > 10,cand_low_speed_flying,h < 100 AND vibration >= 50 AND wind_speed > 60,delta_dt >= 10 AND h >= 90,0.14193699997849762,"{'parameter_weights': {'parameter_1': 1.0, 'parameter_n': 1.0}, 'tversky_weights': {'alpha': 0.9, 'beta': 0.1}, 'conditional_weights': {'given': 1.0, 'when': 1.0, 'then': 1.0}}"
0.611111111111111,scen_G13_T17,h < 100 AND p1 > 10 AND p2 > 10,delta_dt >= 10 AND p8 > 10,cand_low_speed_flying,h < 100 AND vibration >= 50 AND wind_speed > 60,delta_dt >= 10 AND h >= 90,0.14463130000513047,"{'parameter_weights': {'parameter_1': 1.0, 'parameter_n': 1.0}, 'tversky_weights': {'alpha': 0.9, 'beta': 0.1}, 'conditional_weights': {'given': 1.0, 'when': 1.0, 'then': 1.0}}"
0.5555544444444444,scen_G13_T18,h < 100 AND p1 > 10 AND p2 > 10,h >= 100 AND p8 > 10,cand_low_speed_flying,h < 100 AND vibration >= 50 AND wind_speed > 60,delta_dt >= 10 AND h >= 90,0.05760940001346171,"{'parameter_weights': {'parameter_1': 1.0, 'parameter_n': 1.0}, 'tversky_weights': {'alpha': 0.9, 'beta': 0.1}, 'conditional_weights': {'given': 1.0, 'when': 1.0, 'then': 1.0}}"
0.6465511685823755,scen_G13_T19,h < 100 AND p1 > 10 AND p2 > 10,delta_dt >= 10 AND h >= 100 AND p8 > 10,cand_low_speed_flying,h < 100 AND vibration >= 50 AND wind_speed > 60,delta_dt >= 10 AND h >= 90,0.10648770001716912,"{'parameter_weights': {'parameter_1': 1.0, 'parameter_n': 1.0}, 'tversky_weights': {'alpha': 0.9, 'beta': 0.1}, 'conditional_weights': {'given': 1.0, 'when': 1.0, 'then': 1.0}}"
0.5593869731800766,scen_G13_T21,h < 100 AND p1 > 10 AND p2 > 10,delta_dt >= 10 AND p6 > 10 AND p8 > 10,cand_low_speed_flying,h < 100 AND vibration >= 50 AND wind_speed > 60,delta_dt >= 10 AND h >= 90,0.11807620001491159,"{'parameter_weights': {'parameter_1': 1.0, 'parameter_n': 1.0}, 'tversky_weights': {'alpha': 0.9, 'beta': 0.1}, 'conditional_weights': {'given': 1.0, 'when': 1.0, 'then': 1.0}}"
0.50383030651341,scen_G13_T22,h < 100 AND p1 > 10 AND p2 > 10,h >= 100 AND p6 > 10 AND p8 > 10,cand_low_speed_flying,h < 100 AND vibration >= 50 AND wind_speed > 60,delta_dt >= 10 AND h >= 90,0.12797949998639524,"{'parameter_weights': {'parameter_1': 1.0, 'parameter_n': 1.0}, 'tversky_weights': {'alpha': 0.9, 'beta': 0.1}, 'conditional_weights': {'given': 1.0, 'when': 1.0, 'then': 1.0}}"
0.5921047076023392,scen_G13_T23,h < 100 AND p1 > 10 AND p2 > 10,delta_dt >= 10 AND h >= 100 AND p6 > 10 AND p8 > 10,cand_low_speed_flying,h < 100 AND vibration >= 50 AND wind_speed > 60,delta_dt >= 10 AND h >= 90,0.13756090006791055,"{'parameter_weights': {'parameter_1': 1.0, 'parameter_n': 1.0}, 'tversky_weights': {'alpha': 0.9, 'beta': 0.1}, 'conditional_weights': {'given': 1.0, 'when': 1.0, 'then': 1.0}}"
0.5593869731800766,scen_G13_T25,h < 100 AND p1 > 10 AND p2 > 10,delta_dt >= 10 AND p7 > 10 AND p8 > 10,cand_low_speed_flying,h < 100 AND vibration >= 50 AND wind_speed > 60,delta_dt >= 10 AND h >= 90,0.1525131999514997,"{'parameter_weights': {'parameter_1': 1.0, 'parameter_n': 1.0}, 'tversky_weights': {'alpha': 0.9, 'beta': 0.1}, 'conditional_weights': {'given': 1.0, 'when': 1.0, 'then': 1.0}}"
0.50383030651341,scen_G13_T26,h < 100 AND p1 > 10 AND p2 > 10,h >= 100 AND p7 > 10 AND p8 > 10,cand_low_speed_flying,h < 100 AND vibration >= 50 AND wind_speed > 60,delta_dt >= 10 AND h >= 90,0.07089080009609461,"{'parameter_weights': {'parameter_1': 1.0, 'parameter_n': 1.0}, 'tversky_weights': {'alpha': 0.9, 'beta': 0.1}, 'conditional_weights': {'given': 1.0, 'when': 1.0, 'then': 1.0}}"
0.5921047076023392,scen_G13_T27,h < 100 AND p1 > 10 AND p2 > 10,delta_dt >= 10 AND h >= 100 AND p7 > 10 AND p8 > 10,cand_low_speed_flying,h < 100 AND vibration >= 50 AND wind_speed > 60,delta_dt >= 10 AND h >= 90,0.12187020003329962,"{'parameter_weights': {'parameter_1': 1.0, 'parameter_n': 1.0}, 'tversky_weights': {'alpha': 0.9, 'beta': 0.1}, 'conditional_weights': {'given': 1.0, 'when': 1.0, 'then': 1.0}}"
0.5321637426900584,scen_G13_T29,h < 100 AND p1 > 10 AND p2 > 10,delta_dt >= 10 AND p6 > 10 AND p7 > 10 AND p8 > 10,cand_low_speed_flying,h < 100 AND vibration >= 50 AND wind_speed > 60,delta_dt >= 10 AND h >= 90,0.06880090001504868,"{'parameter_weights': {'parameter_1': 1.0, 'parameter_n': 1.0}, 'tversky_weights': {'alpha': 0.9, 'beta': 0.1}, 'conditional_weights': {'given': 1.0, 'when': 1.0, 'then': 1.0}}"
0.47660707602339175,scen_G13_T30,h < 100 AND p1 > 10 AND p2 > 10,h >= 100 AND p6 > 10 AND p7 > 10 AND p8 > 10,cand_low_speed_flying,h < 100 AND vibration >= 50 AND wind_speed > 60,delta_dt >= 10 AND h >= 90,0.09995400009211153,"{'parameter_weights': {'parameter_1': 1.0, 'parameter_n': 1.0}, 'tversky_weights': {'alpha': 0.9, 'beta': 0.1}, 'conditional_weights': {'given': 1.0, 'when': 1.0, 'then': 1.0}}"
0.5585100827423167,scen_G13_T31,h < 100 AND p1 > 10 AND p2 > 10,delta_dt >= 10 AND h >= 100 AND p6 > 10 AND p7 > 10 AND p8 > 10,cand_low_speed_flying,h < 100 AND vibration >= 50 AND wind_speed > 60,delta_dt >= 10 AND h >= 90,0.06890450010541826,"{'parameter_weights': {'parameter_1': 1.0, 'parameter_n': 1.0}, 'tversky_weights': {'alpha': 0.9, 'beta': 0.1}, 'conditional_weights': {'given': 1.0, 'when': 1.0, 'then': 1.0}}"
0.6608080808080808,scen_G14_T1,vibration >= 63 AND p1 > 10 AND p2 > 10,delta_dt >= 10,cand_low_speed_flying,h < 100 AND vibration >= 50 AND wind_speed > 60,delta_dt >= 10 AND h >= 90,0.10715040005743504,"{'parameter_weights': {'parameter_1': 1.0, 'parameter_n': 1.0}, 'tversky_weights': {'alpha': 0.9, 'beta': 0.1}, 'conditional_weights': {'given': 1.0, 'when': 1.0, 'then': 1.0}}"
0.6052514141414141,scen_G14_T2,vibration >= 63 AND p1 > 10 AND p2 > 10,h >= 100,cand_low_speed_flying,h < 100 AND vibration >= 50 AND wind_speed > 60,delta_dt >= 10 AND h >= 90,0.06677050003781915,"{'parameter_weights': {'parameter_1': 1.0, 'parameter_n': 1.0}, 'tversky_weights': {'alpha': 0.9, 'beta': 0.1}, 'conditional_weights': {'given': 1.0, 'when': 1.0, 'then': 1.0}}"
0.6633327777777778,scen_G14_T3,vibration >= 63 AND p1 > 10 AND p2 > 10,delta_dt >= 10 AND h >= 100,cand_low_speed_flying,h < 100 AND vibration >= 50 AND wind_speed > 60,delta_dt >= 10 AND h >= 90,0.07153369998559356,"{'parameter_weights': {'parameter_1': 1.0, 'parameter_n': 1.0}, 'tversky_weights': {'alpha': 0.9, 'beta': 0.1}, 'conditional_weights': {'given': 1.0, 'when': 1.0, 'then': 1.0}}"
0.5244444444444444,scen_G14_T5,vibration >= 63 AND p1 > 10 AND p2 > 10,delta_dt >= 10 AND p6 > 10,cand_low_speed_flying,h < 100 AND vibration >= 50 AND wind_speed > 60,delta_dt >= 10 AND h >= 90,0.07689960009884089,"{'parameter_weights': {'parameter_1': 1.0, 'parameter_n': 1.0}, 'tversky_weights': {'alpha': 0.9, 'beta': 0.1}, 'conditional_weights': {'given': 1.0, 'when': 1.0, 'then': 1.0}}"
0.4688877777777778,scen_G14_T6,vibration >= 63 AND p1 > 10 AND p2 > 10,h >= 100 AND p6 > 10,cand_low_speed_flying,h < 100 AND vibration >= 50 AND wind_speed > 60,delta_dt >= 10 AND h >= 90,0.07677210005931556,"{'parameter_weights': {'parameter_1': 1.0, 'parameter_n': 1.0}, 'tversky_weights': {'alpha': 0.9, 'beta': 0.1}, 'conditional_weights': {'given': 1.0, 'when': 1.0, 'then': 1.0}}"
0.5598845019157088,scen_G14_T7,vibration >= 63 AND p1 > 10 AND p2 > 10,delta_dt >= 10 AND h >= 100 AND p6 > 10,cand_low_speed_flying,h < 100 AND vibration >= 50 AND wind_speed > 60,delta_dt >= 10 AND h >= 90,0.06284949998371303,"{'parameter_weights': {'parameter_1': 1.0, 'parameter_n': 1.0}, 'tversky_weights': {'alpha': 0.9, 'beta': 0.1}, 'conditional_weights': {'given': 1.0, 'when': 1.0, 'then': 1.0}}"
0.5244444444444444,scen_G14_T9,vibration >= 63 AND p1 > 10 AND p2 > 10,delta_dt >= 10 AND p7 > 10,cand_low_speed_flying,h < 100 AND vibration >= 50 AND wind_speed > 60,delta_dt >= 10 AND h >= 90,0.06972890009637922,"{'parameter_weights': {'parameter_1': 1.0, 'parameter_n': 1.0}, 'tversky_weights': {'alpha': 0.9, 'beta': 0.1}, 'conditional_weights': {'given': 1.0, 'when': 1.0, 'then': 1.0}}"
0.4688877777777778,scen_G14_T10,vibration >= 63 AND p1 > 10 AND p2 > 10,h >= 100 AND p7 > 10,cand_low_speed_flying,h < 100 AND vibration >= 50 AND wind_speed > 60,delta_dt >= 10 AND h >= 90,0.05867549998220056,"{'parameter_weights': {'parameter_1': 1.0, 'parameter_n': 1.0}, 'tversky_weights': {'alpha': 0.9, 'beta': 0.1}, 'conditional_weights': {'given': 1.0, 'when': 1.0, 'then': 1.0}}"
0.5598845019157088,scen_G14_T11,vibration >= 63 AND p1 > 10 AND p2 > 10,delta_dt >= 10 AND h >= 100 AND p7 > 10,cand_low_speed_flying,h < 100 AND vibration >= 50 AND wind_speed > 60,delta_dt >= 10 AND h >= 90,0.06242859992198646,"{'parameter_weights': {'parameter_1': 1.0, 'parameter_n': 1.0}, 'tversky_weights': {'alpha': 0.9, 'beta': 0.1}, 'conditional_weights': {'given': 1.0, 'when': 1.0, 'then': 1.0}}"
0.47272030651340996,scen_G14_T13,vibration >= 63 AND p1 > 10 AND p2 > 10,delta_dt >= 10 AND p6 > 10 AND p7 > 10,cand_low_speed_flying,h < 100 AND vibration >= 50 AND wind_speed > 60,delta_dt >= 10 AND h >= 90,0.07549960003234446,"{'parameter_weights': {'parameter_1': 1.0, 'parameter_n': 1.0}, 'tversky_weights': {'alpha': 0.9, 'beta': 0.1}, 'conditional_weights': {'given': 1.0, 'when': 1.0, 'then': 1.0}}"
0.41716363984674326,scen_G14_T14,vibration >= 63 AND p1 > 10 AND p2 > 10,h >= 100 AND p6 > 10 AND p7 > 10,cand_low_speed_flying,h < 100 AND vibration >= 50 AND wind_speed > 60,delta_dt >= 10 AND h >= 90,0.06314940005540848,"{'parameter_weights': {'parameter_1': 1.0, 'parameter_n': 1.0}, 'tversky_weights': {'alpha': 0.9, 'beta': 0.1}, 'conditional_weights': {'given': 1.0, 'when': 1.0, 'then': 1.0}}"
0.5054380409356725,scen_G14_T15,vibration >= 63 AND p1 > 10 AND p2 > 10,delta_dt >= 10 AND h >= 100 AND p6 > 10 AND p7 > 10,cand_low_speed_flying,h < 100 AND vibration >= 50 AND wind_speed > 60,delta_dt >= 10 AND h >= 90,0.058907900005578995,"{'parameter_weights': {'parameter_1': 1.0, 'parameter_n': 1.0}, 'tversky_weights': {'alpha': 0.9, 'beta': 0.1}, 'conditional_weights': {'given': 1.0, 'when': 1.0, 'then': 1.0}}"
0.5244444444444444,scen_G14_T17,vibration >= 63 AND p1 > 10 AND p2 > 10,delta_dt >= 10 AND p8 > 10,cand_low_speed_flying,h < 100 AND vibration >= 50 AND wind_speed > 60,delta_dt >= 10 AND h >= 90,0.05670950002968311,"{'parameter_weights': {'parameter_1': 1.0, 'parameter_n': 1.0}, 'tversky_weights': {'alpha': 0.9, 'beta': 0.1}, 'conditional_weights': {'given': 1.0, 'when': 1.0, 'then': 1.0}}"
0.4688877777777778,scen_G14_T18,vibration >= 63 AND p1 > 10 AND p2 > 10,h >= 100 AND p8 > 10,cand_low_speed_flying,h < 100 AND vibration >= 50 AND wind_speed > 60,delta_dt >= 10 AND h >= 90,0.060075400047935545,"{'parameter_weights': {'parameter_1': 1.0, 'parameter_n': 1.0}, 'tversky_weights': {'alpha': 0.9, 'beta': 0.1}, 'conditional_weights': {'given': 1.0, 'when': 1.0, 'then': 1.0}}"
0.5598845019157088,scen_G14_T19,vibration >= 63 AND p1 > 10 AND p2 > 10,delta_dt >= 10 AND h >= 100 AND p8 > 10,cand_low_speed_flying,h < 100 AND vibration >= 50 AND wind_speed > 60,delta_dt >= 10 AND h >= 90,0.08629600005224347,"{'parameter_weights': {'parameter_1': 1.0, 'parameter_n': 1.0}, 'tversky_weights': {'alpha': 0.9, 'beta': 0.1}, 'conditional_weights': {'given': 1.0, 'when': 1.0, 'then': 1.0}}"
0.47272030651340996,scen_G14_T21,vibration >= 63 AND p1 > 10 AND p2 > 10,delta_dt >= 10 AND p6 > 10 AND p8 > 10,cand_low_speed_flying,h < 100 AND vibration >= 50 AND wind_speed > 60,delta_dt >= 10 AND h >= 90,0.0628297000657767,"{'parameter_weights': {'parameter_1': 1.0, 'parameter_n': 1.0}, 'tversky_weights': {'alpha': 0.9, 'beta': 0.1}, 'conditional_weights': {'given': 1.0, 'when': 1.0, 'then': 1.0}}"
0.41716363984674326,scen_G14_T22,vibration >= 63 AND p1 > 10 AND p2 > 10,h >= 100 AND p6 > 10 AND p8 > 10,cand_low_speed_flying,h < 100 AND vibration >= 50 AND wind_speed > 60,delta_dt >= 10 AND h >= 90,0.06889959995169193,"{'parameter_weights': {'parameter_1': 1.0, 'parameter_n': 1.0}, 'tversky_weights': {'alpha': 0.9, 'beta': 0.1}, 'conditional_weights': {'given': 1.0, 'when': 1.0, 'then': 1.0}}"
0.5054380409356725,scen_G14_T23,vibration >= 63 AND p1 > 10 AND p2 > 10,delta_dt >= 10 AND h >= 100 AND p6 > 10 AND p8 > 10,cand_low_speed_flying,h < 100 AND vibration >= 50 AND wind_speed > 60,delta_dt >= 10 AND h >= 90,0.06752240005880594,"{'parameter_weights': {'parameter_1': 1.0, 'parameter_n': 1.0}, 'tversky_weights': {'alpha': 0.9, 'beta': 0.1}, 'conditional_weights': {'given': 1.0, 'when': 1.0, 'then': 1.0}}"
0.47272030651340996,scen_G14_T25,vibration >= 63 AND p1 > 10 AND p2 > 10,delta_dt >= 10 AND p7 > 10 AND p8 > 10,cand_low_speed_flying,h < 100 AND vibration >= 50 AND wind_speed > 60,delta_dt >= 10 AND h >= 90,0.06037650001235306,"{'parameter_weights': {'parameter_1': 1.0, 'parameter_n': 1.0}, 'tversky_weights': {'alpha': 0.9, 'beta': 0.1}, 'conditional_weights': {'given': 1.0, 'when': 1.0, 'then': 1.0}}"
0.41716363984674326,scen_G14_T26,vibration >= 63 AND p1 > 10 AND p2 > 10,h >= 100 AND p7 > 10 AND p8 > 10,cand_low_speed_flying,h < 100 AND vibration >= 50 AND wind_speed > 60,delta_dt >= 10 AND h >= 90,0.058570100110955536,"{'parameter_weights': {'parameter_1': 1.0, 'parameter_n': 1.0}, 'tversky_weights': {'alpha': 0.9, 'beta': 0.1}, 'conditional_weights': {'given': 1.0, 'when': 1.0, 'then': 1.0}}"
0.5054380409356725,scen_G14_T27,vibration >= 63 AND p1 > 10 AND p2 > 10,delta_dt >= 10 AND h >= 100 AND p7 > 10 AND p8 > 10,cand_low_speed_flying,h < 100 AND vibration >= 50 AND wind_speed > 60,delta_dt >= 10 AND h >= 90,0.07535709999501705,"{'parameter_weights': {'parameter_1': 1.0, 'parameter_n': 1.0}, 'tversky_weights': {'alpha': 0.9, 'beta': 0.1}, 'conditional_weights': {'given': 1.0, 'when': 1.0, 'then': 1.0}}"
0.4454970760233918,scen_G14_T29,vibration >= 63 AND p1 > 10 AND p2 > 10,delta_dt >= 10 AND p6 > 10 AND p7 > 10 AND p8 > 10,cand_low_speed_flying,h < 100 AND vibration >= 50 AND wind_speed > 60,delta_dt >= 10 AND h >= 90,0.08863450004719198,"{'parameter_weights': {'parameter_1': 1.0, 'parameter_n': 1.0}, 'tversky_weights': {'alpha': 0.9, 'beta': 0.1}, 'conditional_weights': {'given': 1.0, 'when': 1.0, 'then': 1.0}}"
0.38994040935672514,scen_G14_T30,vibration >= 63 AND p1 > 10 AND p2 > 10,h >= 100 AND p6 > 10 AND p7 > 10 AND p8 > 10,cand_low_speed_flying,h < 100 AND vibration >= 50 AND wind_speed > 60,delta_dt >= 10 AND h >= 90,0.062324099941179156,"{'parameter_weights': {'parameter_1': 1.0, 'parameter_n': 1.0}, 'tversky_weights': {'alpha': 0.9, 'beta': 0.1}, 'conditional_weights': {'given': 1.0, 'when': 1.0, 'then': 1.0}}"
0.4718434160756501,scen_G14_T31,vibration >= 63 AND p1 > 10 AND p2 > 10,delta_dt >= 10 AND h >= 100 AND p6 > 10 AND p7 > 10 AND p8 > 10,cand_low_speed_flying,h < 100 AND vibration >= 50 AND wind_speed > 60,delta_dt >= 10 AND h >= 90,0.08469179994426668,"{'parameter_weights': {'parameter_1': 1.0, 'parameter_n': 1.0}, 'tversky_weights': {'alpha': 0.9, 'beta': 0.1}, 'conditional_weights': {'given': 1.0, 'when': 1.0, 'then': 1.0}}"
0.763970473970474,scen_G15_T1,h < 100 AND vibration >= 63 AND p1 > 10 AND p2 > 10,delta_dt >= 10,cand_low_speed_flying,h < 100 AND vibration >= 50 AND wind_speed > 60,delta_dt >= 10 AND h >= 90,0.06026830000337213,"{'parameter_weights': {'parameter_1': 1.0, 'parameter_n': 1.0}, 'tversky_weights': {'alpha': 0.9, 'beta': 0.1}, 'conditional_weights': {'given': 1.0, 'when': 1.0, 'then': 1.0}}"
0.7084138073038074,scen_G15_T2,h < 100 AND vibration >= 63 AND p1 > 10 AND p2 > 10,h >= 100,cand_low_speed_flying,h < 100 AND vibration >= 50 AND wind_speed > 60,delta_dt >= 10 AND h >= 90,0.05791339999996126,"{'parameter_weights': {'parameter_1': 1.0, 'parameter_n': 1.0}, 'tversky_weights': {'alpha': 0.9, 'beta': 0.1}, 'conditional_weights': {'given': 1.0, 'when': 1.0, 'then': 1.0}}"
0.766495170940171,scen_G15_T3,h < 100 AND vibration >= 63 AND p1 > 10 AND p2 > 10,delta_dt >= 10 AND h >= 100,cand_low_speed_flying,h < 100 AND vibration >= 50 AND wind_speed > 60,delta_dt >= 10 AND h >= 90,0.06755039992276579,"{'parameter_weights': {'parameter_1': 1.0, 'parameter_n': 1.0}, 'tversky_weights': {'alpha': 0.9, 'beta': 0.1}, 'conditional_weights': {'given': 1.0, 'when': 1.0, 'then': 1.0}}"
0.6276068376068377,scen_G15_T5,h < 100 AND vibration >= 63 AND p1 > 10 AND p2 > 10,delta_dt >= 10 AND p6 > 10,cand_low_speed_flying,h < 100 AND vibration >= 50 AND wind_speed > 60,delta_dt >= 10 AND h >= 90,0.06371100002434105,"{'parameter_weights': {'parameter_1': 1.0, 'parameter_n': 1.0}, 'tversky_weights': {'alpha': 0.9, 'beta': 0.1}, 'conditional_weights': {'given': 1.0, 'when': 1.0, 'then': 1.0}}"
0.572050170940171,scen_G15_T6,h < 100 AND vibration >= 63 AND p1 > 10 AND p2 > 10,h >= 100 AND p6 > 10,cand_low_speed_flying,h < 100 AND vibration >= 50 AND wind_speed > 60,delta_dt >= 10 AND h >= 90,0.05979119997937232,"{'parameter_weights': {'parameter_1': 1.0, 'parameter_n': 1.0}, 'tversky_weights': {'alpha': 0.9, 'beta': 0.1}, 'conditional_weights': {'given': 1.0, 'when': 1.0, 'then': 1.0}}"
0.663046895078102,scen_G15_T7,h < 100 AND vibration >= 63 AND p1 > 10 AND p2 > 10,delta_dt >= 10 AND h >= 100 AND p6 > 10,cand_low_speed_flying,h < 100 AND vibration >= 50 AND wind_speed > 60,delta_dt >= 10 AND h >= 90,0.06585579994134605,"{'parameter_weights': {'parameter_1': 1.0, 'parameter_n': 1.0}, 'tversky_weights': {'alpha': 0.9, 'beta': 0.1}, 'conditional_weights': {'given': 1.0, 'when': 1.0, 'then': 1.0}}"
0.6276068376068377,scen_G15_T9,h < 100 AND vibration >= 63 AND p1 > 10 AND p2 > 10,delta_dt >= 10 AND p7 > 10,cand_low_speed_flying,h < 100 AND vibration >= 50 AND wind_speed > 60,delta_dt >= 10 AND h >= 90,0.06467270001303405,"{'parameter_weights': {'parameter_1': 1.0, 'parameter_n': 1.0}, 'tversky_weights': {'alpha': 0.9, 'beta': 0.1}, 'conditional_weights': {'given': 1.0, 'when': 1.0, 'then': 1.0}}"
0.572050170940171,scen_G15_T10,h < 100 AND vibration >= 63 AND p1 > 10 AND p2 > 10,h >= 100 AND p7 > 10,cand_low_speed_flying,h < 100 AND vibration >= 50 AND wind_speed > 60,delta_dt >= 10 AND h >= 90,0.06078830000478774,"{'parameter_weights': {'parameter_1': 1.0, 'parameter_n': 1.0}, 'tversky_weights': {'alpha': 0.9, 'beta': 0.1}, 'conditional_weights': {'given': 1.0, 'when': 1.0, 'then': 1.0}}"
0.663046895078102,scen_G15_T11,h < 100 AND vibration >= 63 AND p1 > 10 AND p2 > 10,delta_dt >= 10 AND h >= 100 AND p7 > 10,cand_low_speed_flying,h < 100 AND vibration >= 50 AND wind_speed > 60,delta_dt >= 10 AND h >= 90,0.06535000004805624,"{'parameter_weights': {'parameter_1': 1.0, 'parameter_n': 1.0}, 'tversky_weights': {'alpha': 0.9, 'beta': 0.1}, 'conditional_weights': {'given': 1.0, 'when': 1.0, 'then': 1.0}}"
0.5758826996758032,scen_G15_T13,h < 100 AND vibration >= 63 AND p1 > 10 AND p2 > 10,delta_dt >= 10 AND p6 > 10 AND p7 > 10,cand_low_speed_flying,h < 100 AND vibration >= 50 AND wind_speed > 60,delta_dt >= 10 AND h >= 90,0.061979199992492795,"{'parameter_weights': {'parameter_1': 1.0, 'parameter_n': 1.0}, 'tversky_weights': {'alpha': 0.9, 'beta': 0.1}, 'conditional_weights': {'given': 1.0, 'when': 1.0, 'then': 1.0}}"
0.5203260330091365,scen_G15_T14,h < 100 AND vibration >= 63 AND p1 > 10 AND p2 > 10,h >= 100 AND p6 > 10 AND p7 > 10,cand_low_speed_flying,h < 100 AND vibration >= 50 AND wind_speed > 60,delta_dt >= 10 AND h >= 90,0.07078339997678995,"{'parameter_weights': {'parameter_1': 1.0, 'parameter_n': 1.0}, 'tversky_weights': {'alpha': 0.9, 'beta': 0.1}, 'conditional_weights': {'given': 1.0, 'when': 1.0, 'then': 1.0}}"
0.6086004340980656,scen_G15_T15,h < 100 AND vibration >= 63 AND p1 > 10 AND p2 > 10,delta_dt >= 10 AND h >= 100 AND p6 > 10 AND p7 > 10,cand_low_speed_flying,h < 100 AND vibration >= 50 AND wind_speed > 60,delta_dt >= 10 AND h >= 90,0.06448679999448359,"{'parameter_weights': {'parameter_1': 1.0, 'parameter_n': 1.0}, 'tversky_weights': {'alpha': 0.9, 'beta': 0.1}, 'conditional_weights': {'given': 1.0, 'when': 1.0, 'then': 1.0}}"
0.6276068376068377,scen_G15_T17,h < 100 AND vibration >= 63 AND p1 > 10 AND p2 > 10,delta_dt >= 10 AND p8 > 10,cand_low_speed_flying,h < 100 AND vibration >= 50 AND wind_speed > 60,delta_dt >= 10 AND h >= 90,0.07147680001799017,"{'parameter_weights': {'parameter_1': 1.0, 'parameter_n': 1.0}, 'tversky_weights': {'alpha': 0.9, 'beta': 0.1}, 'conditional_weights': {'given': 1.0, 'when': 1.0, 'then': 1.0}}"
0.572050170940171,scen_G15_T18,h < 100 AND vibration >= 63 AND p1 > 10 AND p2 > 10,h >= 100 AND p8 > 10,cand_low_speed_flying,h < 100 AND vibration >= 50 AND wind_speed > 60,delta_dt >= 10 AND h >= 90,0.07533439993858337,"{'parameter_weights': {'parameter_1': 1.0, 'parameter_n': 1.0}, 'tversky_weights': {'alpha': 0.9, 'beta': 0.1}, 'conditional_weights': {'given': 1.0, 'when': 1.0, 'then': 1.0}}"
0.663046895078102,scen_G15_T19,h < 100 AND vibration >= 63 AND p1 > 10 AND p2 > 10,delta_dt >= 10 AND h >= 100 AND p8 > 10,cand_low_speed_flying,h < 100 AND vibration >= 50 AND wind_speed > 60,delta_dt >= 10 AND h >= 90,0.0802158999722451,"{'parameter_weights': {'parameter_1': 1.0, 'parameter_n': 1.0}, 'tversky_weights': {'alpha': 0.9, 'beta': 0.1}, 'conditional_weights': {'given': 1.0, 'when': 1.0, 'then': 1.0}}"
0.5758826996758032,scen_G15_T21,h < 100 AND vibration >= 63 AND p1 > 10 AND p2 > 10,delta_dt >= 10 AND p6 > 10 AND p8 > 10,cand_low_speed_flying,h < 100 AND vibration >= 50 AND wind_speed > 60,delta_dt >= 10 AND h >= 90,0.06509379995986819,"{'parameter_weights': {'parameter_1': 1.0, 'parameter_n': 1.0}, 'tversky_weights': {'alpha': 0.9, 'beta': 0.1}, 'conditional_weights': {'given': 1.0, 'when': 1.0, 'then': 1.0}}"
0.5203260330091365,scen_G15_T22,h < 100 AND vibration >= 63 AND p1 > 10 AND p2 > 10,h >= 100 AND p6 > 10 AND p8 > 10,cand_low_speed_flying,h < 100 AND vibration >= 50 AND wind_speed > 60,delta_dt >= 10 AND h >= 90,0.06659940001554787,"{'parameter_weights': {'parameter_1': 1.0, 'parameter_n': 1.0}, 'tversky_weights': {'alpha': 0.9, 'beta': 0.1}, 'conditional_weights': {'given': 1.0, 'when': 1.0, 'then': 1.0}}"
0.6086004340980656,scen_G15_T23,h < 100 AND vibration >= 63 AND p1 > 10 AND p2 > 10,delta_dt >= 10 AND h >= 100 AND p6 > 10 AND p8 > 10,cand_low_speed_flying,h < 100 AND vibration >= 50 AND wind_speed > 60,delta_dt >= 10 AND h >= 90,0.05923810007516295,"{'parameter_weights': {'parameter_1': 1.0, 'parameter_n': 1.0}, 'tversky_weights': {'alpha': 0.9, 'beta': 0.1}, 'conditional_weights': {'given': 1.0, 'when': 1.0, 'then': 1.0}}"
0.5758826996758032,scen_G15_T25,h < 100 AND vibration >= 63 AND p1 > 10 AND p2 > 10,delta_dt >= 10 AND p7 > 10 AND p8 > 10,cand_low_speed_flying,h < 100 AND vibration >= 50 AND wind_speed > 60,delta_dt >= 10 AND h >= 90,0.07955910009332001,"{'parameter_weights': {'parameter_1': 1.0, 'parameter_n': 1.0}, 'tversky_weights': {'alpha': 0.9, 'beta': 0.1}, 'conditional_weights': {'given': 1.0, 'when': 1.0, 'then': 1.0}}"
0.5203260330091365,scen_G15_T26,h < 100 AND vibration >= 63 AND p1 > 10 AND p2 > 10,h >= 100 AND p7 > 10 AND p8 > 10,cand_low_speed_flying,h < 100 AND vibration >= 50 AND wind_speed > 60,delta_dt >= 10 AND h >= 90,0.0703003000235185,"{'parameter_weights': {'parameter_1': 1.0, 'parameter_n': 1.0}, 'tversky_weights': {'alpha': 0.9, 'beta': 0.1}, 'conditional_weights': {'given': 1.0, 'when': 1.0, 'then': 1.0}}"
0.6086004340980656,scen_G15_T27,h < 100 AND vibration >= 63 AND p1 > 10 AND p2 > 10,delta_dt >= 10 AND h >= 100 AND p7 > 10 AND p8 > 10,cand_low_speed_flying,h < 100 AND vibration >= 50 AND wind_speed > 60,delta_dt >= 10 AND h >= 90,0.08517910004593432,"{'parameter_weights': {'parameter_1': 1.0, 'parameter_n': 1.0}, 'tversky_weights': {'alpha': 0.9, 'beta': 0.1}, 'conditional_weights': {'given': 1.0, 'when': 1.0, 'then': 1.0}}"
0.548659469185785,scen_G15_T29,h < 100 AND vibration >= 63 AND p1 > 10 AND p2 > 10,delta_dt >= 10 AND p6 > 10 AND p7 > 10 AND p8 > 10,cand_low_speed_flying,h < 100 AND vibration >= 50 AND wind_speed > 60,delta_dt >= 10 AND h >= 90,0.06920949998311698,"{'parameter_weights': {'parameter_1': 1.0, 'parameter_n': 1.0}, 'tversky_weights': {'alpha': 0.9, 'beta': 0.1}, 'conditional_weights': {'given': 1.0, 'when': 1.0, 'then': 1.0}}"
0.49310280251911837,scen_G15_T30,h < 100 AND vibration >= 63 AND p1 > 10 AND p2 > 10,h >= 100 AND p6 > 10 AND p7 > 10 AND p8 > 10,cand_low_speed_flying,h < 100 AND vibration >= 50 AND wind_speed > 60,delta_dt >= 10 AND h >= 90,0.08574759995099157,"{'parameter_weights': {'parameter_1': 1.0, 'parameter_n': 1.0}, 'tversky_weights': {'alpha': 0.9, 'beta': 0.1}, 'conditional_weights': {'given': 1.0, 'when': 1.0, 'then': 1.0}}"
0.5750058092380433,scen_G15_T31,h < 100 AND vibration >= 63 AND p1 > 10 AND p2 > 10,delta_dt >= 10 AND h >= 100 AND p6 > 10 AND p7 > 10 AND p8 > 10,cand_low_speed_flying,h < 100 AND vibration >= 50 AND wind_speed > 60,delta_dt >= 10 AND h >= 90,0.06350879999808967,"{'parameter_weights': {'parameter_1': 1.0, 'parameter_n': 1.0}, 'tversky_weights': {'alpha': 0.9, 'beta': 0.1}, 'conditional_weights': {'given': 1.0, 'when': 1.0, 'then': 1.0}}"
0.7950937950937952,scen_G17_T1,h < 100 AND p3 > 10,delta_dt >= 10,cand_low_speed_flying,h < 100 AND vibration >= 50 AND wind_speed > 60,delta_dt >= 10 AND h >= 90,0.06283720000647008,"{'parameter_weights': {'parameter_1': 1.0, 'parameter_n': 1.0}, 'tversky_weights': {'alpha': 0.9, 'beta': 0.1}, 'conditional_weights': {'given': 1.0, 'when': 1.0, 'then': 1.0}}"
0.7395371284271285,scen_G17_T2,h < 100 AND p3 > 10,h >= 100,cand_low_speed_flying,h < 100 AND vibration >= 50 AND wind_speed > 60,delta_dt >= 10 AND h >= 90,0.061644500005058944,"{'parameter_weights': {'parameter_1': 1.0, 'parameter_n': 1.0}, 'tversky_weights': {'alpha': 0.9, 'beta': 0.1}, 'conditional_weights': {'given': 1.0, 'when': 1.0, 'then': 1.0}}"
0.7976184920634921,scen_G17_T3,h < 100 AND p3 > 10,delta_dt >= 10 AND h >= 100,cand_low_speed_flying,h < 100 AND vibration >= 50 AND wind_speed > 60,delta_dt >= 10 AND h >= 90,0.05271880002692342,"{'parameter_weights': {'parameter_1': 1.0, 'parameter_n': 1.0}, 'tversky_weights': {'alpha': 0.9, 'beta': 0.1}, 'conditional_weights': {'given': 1.0, 'when': 1.0, 'then': 1.0}}"
0.6587301587301587,scen_G17_T5,h < 100 AND p3 > 10,delta_dt >= 10 AND p6 > 10,cand_low_speed_flying,h < 100 AND vibration >= 50 AND wind_speed > 60,delta_dt >= 10 AND h >= 90,0.05527620005887002,"{'parameter_weights': {'parameter_1': 1.0, 'parameter_n': 1.0}, 'tversky_weights': {'alpha': 0.9, 'beta': 0.1}, 'conditional_weights': {'given': 1.0, 'when': 1.0, 'then': 1.0}}"
0.6031734920634921,scen_G17_T6,h < 100 AND p3 > 10,h >= 100 AND p6 > 10,cand_low_speed_flying,h < 100 AND vibration >= 50 AND wind_speed > 60,delta_dt >= 10 AND h >= 90,0.054850999964401126,"{'parameter_weights': {'parameter_1': 1.0, 'parameter_n': 1.0}, 'tversky_weights': {'alpha': 0.9, 'beta': 0.1}, 'conditional_weights': {'given': 1.0, 'when': 1.0, 'then': 1.0}}"
0.6941702162014232,scen_G17_T7,h < 100 AND p3 > 10,delta_dt >= 10 AND h >= 100 AND p6 > 10,cand_low_speed_flying,h < 100 AND vibration >= 50 AND wind_speed > 60,delta_dt >= 10 AND h >= 90,0.06112349999602884,"{'parameter_weights': {'parameter_1': 1.0, 'parameter_n': 1.0}, 'tversky_weights': {'alpha': 0.9, 'beta': 0.1}, 'conditional_weights': {'given': 1.0, 'when': 1.0, 'then': 1.0}}"
0.6587301587301587,scen_G17_T9,h < 100 AND p3 > 10,delta_dt >= 10 AND p7 > 10,cand_low_speed_flying,h < 100 AND vibration >= 50 AND wind_speed > 60,delta_dt >= 10 AND h >= 90,0.056140200002118945,"{'parameter_weights': {'parameter_1': 1.0, 'parameter_n': 1.0}, 'tversky_weights': {'alpha': 0.9, 'beta': 0.1}, 'conditional_weights': {'given': 1.0, 'when': 1.0, 'then': 1.0}}"
0.6031734920634921,scen_G17_T10,h < 100 AND p3 > 10,h >= 100 AND p7 > 10,cand_low_speed_flying,h < 100 AND vibration >= 50 AND wind_speed > 60,delta_dt >= 10 AND h >= 90,0.06967410002835095,"{'parameter_weights': {'parameter_1': 1.0, 'parameter_n': 1.0}, 'tversky_weights': {'alpha': 0.9, 'beta': 0.1}, 'conditional_weights': {'given': 1.0, 'when': 1.0, 'then': 1.0}}"
0.6941702162014232,scen_G17_T11,h < 100 AND p3 > 10,delta_dt >= 10 AND h >= 100 AND p7 > 10,cand_low_speed_flying,h < 100 AND vibration >= 50 AND wind_speed > 60,delta_dt >= 10 AND h >= 90,0.05624300008639693,"{'parameter_weights': {'parameter_1': 1.0, 'parameter_n': 1.0}, 'tversky_weights': {'alpha': 0.9, 'beta': 0.1}, 'conditional_weights': {'given': 1.0, 'when': 1.0, 'then': 1.0}}"
0.6070060207991242,scen_G17_T13,h < 100 AND p3 > 10,delta_dt >= 10 AND p6 > 10 AND p7 > 10,cand_low_speed_flying,h < 100 AND vibration >= 50 AND wind_speed > 60,delta_dt >= 10 AND h >= 90,0.056571600027382374,"{'parameter_weights': {'parameter_1': 1.0, 'parameter_n': 1.0}, 'tversky_weights': {'alpha': 0.9, 'beta': 0.1}, 'conditional_weights': {'given': 1.0, 'when': 1.0, 'then': 1.0}}"
0.5514493541324575,scen_G17_T14,h < 100 AND p3 > 10,h >= 100 AND p6 > 10 AND p7 > 10,cand_low_speed_flying,h < 100 AND vibration >= 50 AND wind_speed > 60,delta_dt >= 10 AND h >= 90,0.06348909996449947,"{'parameter_weights': {'parameter_1': 1.0, 'parameter_n': 1.0}, 'tversky_weights': {'alpha': 0.9, 'beta': 0.1}, 'conditional_weights': {'given': 1.0, 'when': 1.0, 'then': 1.0}}"
0.6397237552213868,scen_G17_T15,h < 100 AND p3 > 10,delta_dt >= 10 AND h >= 100 AND p6 > 10 AND p7 > 10,cand_low_speed_flying,h < 100 AND vibration >= 50 AND wind_speed > 60,delta_dt >= 10 AND h >= 90,0.053660099976696074,"{'parameter_weights': {'parameter_1': 1.0, 'parameter_n': 1.0}, 'tversky_weights': {'alpha': 0.9, 'beta': 0.1}, 'conditional_weights': {'given': 1.0, 'when': 1.0, 'then': 1.0}}"
0.6587301587301587,scen_G17_T17,h < 100 AND p3 > 10,delta_dt >= 10 AND p8 > 10,cand_low_speed_flying,h < 100 AND vibration >= 50 AND wind_speed > 60,delta_dt >= 10 AND h >= 90,0.07340360002126545,"{'parameter_weights': {'parameter_1': 1.0, 'parameter_n': 1.0}, 'tversky_weights': {'alpha': 0.9, 'beta': 0.1}, 'conditional_weights': {'given': 1.0, 'when': 1.0, 'then': 1.0}}"
0.6031734920634921,scen_G17_T18,h < 100 AND p3 > 10,h >= 100 AND p8 > 10,cand_low_speed_flying,h < 100 AND vibration >= 50 AND wind_speed > 60,delta_dt >= 10 AND h >= 90,0.07778900000266731,"{'parameter_weights': {'parameter_1': 1.0, 'parameter_n': 1.0}, 'tversky_weights': {'alpha': 0.9, 'beta': 0.1}, 'conditional_weights': {'given': 1.0, 'when': 1.0, 'then': 1.0}}"
0.6941702162014232,scen_G17_T19,h < 100 AND p3 > 10,delta_dt >= 10 AND h >= 100 AND p8 > 10,cand_low_speed_flying,h < 100 AND vibration >= 50 AND wind_speed > 60,delta_dt >= 10 AND h >= 90,0.058331600041128695,"{'parameter_weights': {'parameter_1': 1.0, 'parameter_n': 1.0}, 'tversky_weights': {'alpha': 0.9, 'beta': 0.1}, 'conditional_weights': {'given': 1.0, 'when': 1.0, 'then': 1.0}}"
0.6070060207991242,scen_G17_T21,h < 100 AND p3 > 10,delta_dt >= 10 AND p6 > 10 AND p8 > 10,cand_low_speed_flying,h < 100 AND vibration >= 50 AND wind_speed > 60,delta_dt >= 10 AND h >= 90,0.0842679999768734,"{'parameter_weights': {'parameter_1': 1.0, 'parameter_n': 1.0}, 'tversky_weights': {'alpha': 0.9, 'beta': 0.1}, 'conditional_weights': {'given': 1.0, 'when': 1.0, 'then': 1.0}}"
0.5514493541324575,scen_G17_T22,h < 100 AND p3 > 10,h >= 100 AND p6 > 10 AND p8 > 10,cand_low_speed_flying,h < 100 AND vibration >= 50 AND wind_speed > 60,delta_dt >= 10 AND h >= 90,0.05692450003698468,"{'parameter_weights': {'parameter_1': 1.0, 'parameter_n': 1.0}, 'tversky_weights': {'alpha': 0.9, 'beta': 0.1}, 'conditional_weights': {'given': 1.0, 'when': 1.0, 'then': 1.0}}"
0.6397237552213868,scen_G17_T23,h < 100 AND p3 > 10,delta_dt >= 10 AND h >= 100 AND p6 > 10 AND p8 > 10,cand_low_speed_flying,h < 100 AND vibration >= 50 AND wind_speed > 60,delta_dt >= 10 AND h >= 90,0.05717120005283505,"{'parameter_weights': {'parameter_1': 1.0, 'parameter_n': 1.0}, 'tversky_weights': {'alpha': 0.9, 'beta': 0.1}, 'conditional_weights': {'given': 1.0, 'when': 1.0, 'then': 1.0}}"
0.6070060207991242,scen_G17_T25,h < 100 AND p3 > 10,delta_dt >= 10 AND p7 > 10 AND p8 > 10,cand_low_speed_flying,h < 100 AND vibration >= 50 AND wind_speed > 60,delta_dt >= 10 AND h >= 90,0.05113349994644523,"{'parameter_weights': {'parameter_1': 1.0, 'parameter_n': 1.0}, 'tversky_weights': {'alpha': 0.9, 'beta': 0.1}, 'conditional_weights': {'given': 1.0, 'when': 1.0, 'then': 1.0}}"
0.5514493541324575,scen_G17_T26,h < 100 AND p3 > 10,h >= 100 AND p7 > 10 AND p8 > 10,cand_low_speed_flying,h < 100 AND vibration >= 50 AND wind_speed > 60,delta_dt >= 10 AND h >= 90,0.05739790003281087,"{'parameter_weights': {'parameter_1': 1.0, 'parameter_n': 1.0}, 'tversky_weights': {'alpha': 0.9, 'beta': 0.1}, 'conditional_weights': {'given': 1.0, 'when': 1.0, 'then': 1.0}}"
0.6397237552213868,scen_G17_T27,h < 100 AND p3 > 10,delta_dt >= 10 AND h >= 100 AND p7 > 10 AND p8 > 10,cand_low_speed_flying,h < 100 AND vibration >= 50 AND wind_speed > 60,delta_dt >= 10 AND h >= 90,0.06967040000017732,"{'parameter_weights': {'parameter_1': 1.0, 'parameter_n': 1.0}, 'tversky_weights': {'alpha': 0.9, 'beta': 0.1}, 'conditional_weights': {'given': 1.0, 'when': 1.0, 'then': 1.0}}"
0.5797827903091061,scen_G17_T29,h < 100 AND p3 > 10,delta_dt >= 10 AND p6 > 10 AND p7 > 10 AND p8 > 10,cand_low_speed_flying,h < 100 AND vibration >= 50 AND wind_speed > 60,delta_dt >= 10 AND h >= 90,0.06313960009720176,"{'parameter_weights': {'parameter_1': 1.0, 'parameter_n': 1.0}, 'tversky_weights': {'alpha': 0.9, 'beta': 0.1}, 'conditional_weights': {'given': 1.0, 'when': 1.0, 'then': 1.0}}"
0.5242261236424395,scen_G17_T30,h < 100 AND p3 > 10,h >= 100 AND p6 > 10 AND p7 > 10 AND p8 > 10,cand_low_speed_flying,h < 100 AND vibration >= 50 AND wind_speed > 60,delta_dt >= 10 AND h >= 90,0.05850269994698465,"{'parameter_weights': {'parameter_1': 1.0, 'parameter_n': 1.0}, 'tversky_weights': {'alpha': 0.9, 'beta': 0.1}, 'conditional_weights': {'given': 1.0, 'when': 1.0, 'then': 1.0}}"
0.6061291303613644,scen_G17_T31,h < 100 AND p3 > 10,delta_dt >= 10 AND h >= 100 AND p6 > 10 AND p7 > 10 AND p8 > 10,cand_low_speed_flying,h < 100 AND vibration >= 50 AND wind_speed > 60,delta_dt >= 10 AND h >= 90,0.06350509996991605,"{'parameter_weights': {'parameter_1': 1.0, 'parameter_n': 1.0}, 'tversky_weights': {'alpha': 0.9, 'beta': 0.1}, 'conditional_weights': {'given': 1.0, 'when': 1.0, 'then': 1.0}}"
0.7084271284271284,scen_G18_T1,vibration >= 63 AND p3 > 10,delta_dt >= 10,cand_low_speed_flying,h < 100 AND vibration >= 50 AND wind_speed > 60,delta_dt >= 10 AND h >= 90,0.05452160001732409,"{'parameter_weights': {'parameter_1': 1.0, 'parameter_n': 1.0}, 'tversky_weights': {'alpha': 0.9, 'beta': 0.1}, 'conditional_weights': {'given': 1.0, 'when': 1.0, 'then': 1.0}}"
0.6528704617604617,scen_G18_T2,vibration >= 63 AND p3 > 10,h >= 100,cand_low_speed_flying,h < 100 AND vibration >= 50 AND wind_speed > 60,delta_dt >= 10 AND h >= 90,0.06022460001986474,"{'parameter_weights': {'parameter_1': 1.0, 'parameter_n': 1.0}, 'tversky_weights': {'alpha': 0.9, 'beta': 0.1}, 'conditional_weights': {'given': 1.0, 'when': 1.0, 'then': 1.0}}"
0.7109518253968253,scen_G18_T3,vibration >= 63 AND p3 > 10,delta_dt >= 10 AND h >= 100,cand_low_speed_flying,h < 100 AND vibration >= 50 AND wind_speed > 60,delta_dt >= 10 AND h >= 90,0.0567853000247851,"{'parameter_weights': {'parameter_1': 1.0, 'parameter_n': 1.0}, 'tversky_weights': {'alpha': 0.9, 'beta': 0.1}, 'conditional_weights': {'given': 1.0, 'when': 1.0, 'then': 1.0}}"
0.572063492063492,scen_G18_T5,vibration >= 63 AND p3 > 10,delta_dt >= 10 AND p6 > 10,cand_low_speed_flying,h < 100 AND vibration >= 50 AND wind_speed > 60,delta_dt >= 10 AND h >= 90,0.05414939997717738,"{'parameter_weights': {'parameter_1': 1.0, 'parameter_n': 1.0}, 'tversky_weights': {'alpha': 0.9, 'beta': 0.1}, 'conditional_weights': {'given': 1.0, 'when': 1.0, 'then': 1.0}}"
0.5165068253968254,scen_G18_T6,vibration >= 63 AND p3 > 10,h >= 100 AND p6 > 10,cand_low_speed_flying,h < 100 AND vibration >= 50 AND wind_speed > 60,delta_dt >= 10 AND h >= 90,0.05755929998122156,"{'parameter_weights': {'parameter_1': 1.0, 'parameter_n': 1.0}, 'tversky_weights': {'alpha': 0.9, 'beta': 0.1}, 'conditional_weights': {'given': 1.0, 'when': 1.0, 'then': 1.0}}"
0.6075035495347564,scen_G18_T7,vibration >= 63 AND p3 > 10,delta_dt >= 10 AND h >= 100 AND p6 > 10,cand_low_speed_flying,h < 100 AND vibration >= 50 AND wind_speed > 60,delta_dt >= 10 AND h >= 90,0.0648277000291273,"{'parameter_weights': {'parameter_1': 1.0, 'parameter_n': 1.0}, 'tversky_weights': {'alpha': 0.9, 'beta': 0.1}, 'conditional_weights': {'given': 1.0, 'when': 1.0, 'then': 1.0}}"
0.572063492063492,scen_G18_T9,vibration >= 63 AND p3 > 10,delta_dt >= 10 AND p7 > 10,cand_low_speed_flying,h < 100 AND vibration >= 50 AND wind_speed > 60,delta_dt >= 10 AND h >= 90,0.07294640003237873,"{'parameter_weights': {'parameter_1': 1.0, 'parameter_n': 1.0}, 'tversky_weights': {'alpha': 0.9, 'beta': 0.1}, 'conditional_weights': {'given': 1.0, 'when': 1.0, 'then': 1.0}}"
0.5165068253968254,scen_G18_T10,vibration >= 63 AND p3 > 10,h >= 100 AND p7 > 10,cand_low_speed_flying,h < 100 AND vibration >= 50 AND wind_speed > 60,delta_dt >= 10 AND h >= 90,0.05597489990759641,"{'parameter_weights': {'parameter_1': 1.0, 'parameter_n': 1.0}, 'tversky_weights': {'alpha': 0.9, 'beta': 0.1}, 'conditional_weights': {'given': 1.0, 'when': 1.0, 'then': 1.0}}"
0.6075035495347564,scen_G18_T11,vibration >= 63 AND p3 > 10,delta_dt >= 10 AND h >= 100 AND p7 > 10,cand_low_speed_flying,h < 100 AND vibration >= 50 AND wind_speed > 60,delta_dt >= 10 AND h >= 90,0.08253420004621148,"{'parameter_weights': {'parameter_1': 1.0, 'parameter_n': 1.0}, 'tversky_weights': {'alpha': 0.9, 'beta': 0.1}, 'conditional_weights': {'given': 1.0, 'when': 1.0, 'then': 1.0}}"
0.5203393541324576,scen_G18_T13,vibration >= 63 AND p3 > 10,delta_dt >= 10 AND p6 > 10 AND p7 > 10,cand_low_speed_flying,h < 100 AND vibration >= 50 AND wind_speed > 60,delta_dt >= 10 AND h >= 90,0.07183879998046905,"{'parameter_weights': {'parameter_1': 1.0, 'parameter_n': 1.0}, 'tversky_weights': {'alpha': 0.9, 'beta': 0.1}, 'conditional_weights': {'given': 1.0, 'when': 1.0, 'then': 1.0}}"
0.4647826874657908,scen_G18_T14,vibration >= 63 AND p3 > 10,h >= 100 AND p6 > 10 AND p7 > 10,cand_low_speed_flying,h < 100 AND vibration >= 50 AND wind_speed > 60,delta_dt >= 10 AND h >= 90,0.061900599976070225,"{'parameter_weights': {'parameter_1': 1.0, 'parameter_n': 1.0}, 'tversky_weights': {'alpha': 0.9, 'beta': 0.1}, 'conditional_weights': {'given': 1.0, 'when': 1.0, 'then': 1.0}}"
0.55305708855472,scen_G18_T15,vibration >= 63 AND p3 > 10,delta_dt >= 10 AND h >= 100 AND p6 > 10 AND p7 > 10,cand_low_speed_flying,h < 100 AND vibration >= 50 AND wind_speed > 60,delta_dt >= 10 AND h >= 90,0.07176740001887083,"{'parameter_weights': {'parameter_1': 1.0, 'parameter_n': 1.0}, 'tversky_weights': {'alpha': 0.9, 'beta': 0.1}, 'conditional_weights': {'given': 1.0, 'when': 1.0, 'then': 1.0}}"
0.572063492063492,scen_G18_T17,vibration >= 63 AND p3 > 10,delta_dt >= 10 AND p8 > 10,cand_low_speed_flying,h < 100 AND vibration >= 50 AND wind_speed > 60,delta_dt >= 10 AND h >= 90,0.057559699984267354,"{'parameter_weights': {'parameter_1': 1.0, 'parameter_n': 1.0}, 'tversky_weights': {'alpha': 0.9, 'beta': 0.1}, 'conditional_weights': {'given': 1.0, 'when': 1.0, 'then': 1.0}}"
0.5165068253968254,scen_G18_T18,vibration >= 63 AND p3 > 10,h >= 100 AND p8 > 10,cand_low_speed_flying,h < 100 AND vibration >= 50 AND wind_speed > 60,delta_dt >= 10 AND h >= 90,0.051252600038424134,"{'parameter_weights': {'parameter_1': 1.0, 'parameter_n': 1.0}, 'tversky_weights': {'alpha': 0.9, 'beta': 0.1}, 'conditional_weights': {'given': 1.0, 'when': 1.0, 'then': 1.0}}"
0.6075035495347564,scen_G18_T19,vibration >= 63 AND p3 > 10,delta_dt >= 10 AND h >= 100 AND p8 > 10,cand_low_speed_flying,h < 100 AND vibration >= 50 AND wind_speed > 60,delta_dt >= 10 AND h >= 90,0.059096200042404234,"{'parameter_weights': {'parameter_1': 1.0, 'parameter_n': 1.0}, 'tversky_weights': {'alpha': 0.9, 'beta': 0.1}, 'conditional_weights': {'given': 1.0, 'when': 1.0, 'then': 1.0}}"
0.5203393541324576,scen_G18_T21,vibration >= 63 AND p3 > 10,delta_dt >= 10 AND p6 > 10 AND p8 > 10,cand_low_speed_flying,h < 100 AND vibration >= 50 AND wind_speed > 60,delta_dt >= 10 AND h >= 90,0.07281319994945079,"{'parameter_weights': {'parameter_1': 1.0, 'parameter_n': 1.0}, 'tversky_weights': {'alpha': 0.9, 'beta': 0.1}, 'conditional_weights': {'given': 1.0, 'when': 1.0, 'then': 1.0}}"
0.4647826874657908,scen_G18_T22,vibration >= 63 AND p3 > 10,h >= 100 AND p6 > 10 AND p8 > 10,cand_low_speed_flying,h < 100 AND vibration >= 50 AND wind_speed > 60,delta_dt >= 10 AND h >= 90,0.05630539997946471,"{'parameter_weights': {'parameter_1': 1.0, 'parameter_n': 1.0}, 'tversky_weights': {'alpha': 0.9, 'beta': 0.1}, 'conditional_weights': {'given': 1.0, 'when': 1.0, 'then': 1.0}}"
0.55305708855472,scen_G18_T23,vibration >= 63 AND p3 > 10,delta_dt >= 10 AND h >= 100 AND p6 > 10 AND p8 > 10,cand_low_speed_flying,h < 100 AND vibration >= 50 AND wind_speed > 60,delta_dt >= 10 AND h >= 90,0.058804400032386184,"{'parameter_weights': {'parameter_1': 1.0, 'parameter_n': 1.0}, 'tversky_weights': {'alpha': 0.9, 'beta': 0.1}, 'conditional_weights': {'given': 1.0, 'when': 1.0, 'then': 1.0}}"
0.5203393541324576,scen_G18_T25,vibration >= 63 AND p3 > 10,delta_dt >= 10 AND p7 > 10 AND p8 > 10,cand_low_speed_flying,h < 100 AND vibration >= 50 AND wind_speed > 60,delta_dt >= 10 AND h >= 90,0.05561199993826449,"{'parameter_weights': {'parameter_1': 1.0, 'parameter_n': 1.0}, 'tversky_weights': {'alpha': 0.9, 'beta': 0.1}, 'conditional_weights': {'given': 1.0, 'when': 1.0, 'then': 1.0}}"
0.4647826874657908,scen_G18_T26,vibration >= 63 AND p3 > 10,h >= 100 AND p7 > 10 AND p8 > 10,cand_low_speed_flying,h < 100 AND vibration >= 50 AND wind_speed > 60,delta_dt >= 10 AND h >= 90,0.08468069997616112,"{'parameter_weights': {'parameter_1': 1.0, 'parameter_n': 1.0}, 'tversky_weights': {'alpha': 0.9, 'beta': 0.1}, 'conditional_weights': {'given': 1.0, 'when': 1.0, 'then': 1.0}}"
0.55305708855472,scen_G18_T27,vibration >= 63 AND p3 > 10,delta_dt >= 10 AND h >= 100 AND p7 > 10 AND p8 > 10,cand_low_speed_flying,h < 100 AND vibration >= 50 AND wind_speed > 60,delta_dt >= 10 AND h >= 90,0.06928140006493777,"{'parameter_weights': {'parameter_1': 1.0, 'parameter_n': 1.0}, 'tversky_weights': {'alpha': 0.9, 'beta': 0.1}, 'conditional_weights': {'given': 1.0, 'when': 1.0, 'then': 1.0}}"
0.49311612364243934,scen_G18_T29,vibration >= 63 AND p3 > 10,delta_dt >= 10 AND p6 > 10 AND p7 > 10 AND p8 > 10,cand_low_speed_flying,h < 100 AND vibration >= 50 AND wind_speed > 60,delta_dt >= 10 AND h >= 90,0.08682550000958145,"{'parameter_weights': {'parameter_1': 1.0, 'parameter_n': 1.0}, 'tversky_weights': {'alpha': 0.9, 'beta': 0.1}, 'conditional_weights': {'given': 1.0, 'when': 1.0, 'then': 1.0}}"
0.43755945697577275,scen_G18_T30,vibration >= 63 AND p3 > 10,h >= 100 AND p6 > 10 AND p7 > 10 AND p8 > 10,cand_low_speed_flying,h < 100 AND vibration >= 50 AND wind_speed > 60,delta_dt >= 10 AND h >= 90,0.06185800000093877,"{'parameter_weights': {'parameter_1': 1.0, 'parameter_n': 1.0}, 'tversky_weights': {'alpha': 0.9, 'beta': 0.1}, 'conditional_weights': {'given': 1.0, 'when': 1.0, 'then': 1.0}}"
0.5194624636946977,scen_G18_T31,vibration >= 63 AND p3 > 10,delta_dt >= 10 AND h >= 100 AND p6 > 10 AND p7 > 10 AND p8 > 10,cand_low_speed_flying,h < 100 AND vibration >= 50 AND wind_speed > 60,delta_dt >= 10 AND h >= 90,0.07957229996100068,"{'parameter_weights': {'parameter_1': 1.0, 'parameter_n': 1.0}, 'tversky_weights': {'alpha': 0.9, 'beta': 0.1}, 'conditional_weights': {'given': 1.0, 'when': 1.0, 'then': 1.0}}"
0.8152525252525252,scen_G19_T1,h < 100 AND vibration >= 63 AND p3 > 10,delta_dt >= 10,cand_low_speed_flying,h < 100 AND vibration >= 50 AND wind_speed > 60,delta_dt >= 10 AND h >= 90,0.06495889998041093,"{'parameter_weights': {'parameter_1': 1.0, 'parameter_n': 1.0}, 'tversky_weights': {'alpha': 0.9, 'beta': 0.1}, 'conditional_weights': {'given': 1.0, 'when': 1.0, 'then': 1.0}}"
0.7596958585858585,scen_G19_T2,h < 100 AND vibration >= 63 AND p3 > 10,h >= 100,cand_low_speed_flying,h < 100 AND vibration >= 50 AND wind_speed > 60,delta_dt >= 10 AND h >= 90,0.06327159993816167,"{'parameter_weights': {'parameter_1': 1.0, 'parameter_n': 1.0}, 'tversky_weights': {'alpha': 0.9, 'beta': 0.1}, 'conditional_weights': {'given': 1.0, 'when': 1.0, 'then': 1.0}}"
0.8177772222222223,scen_G19_T3,h < 100 AND vibration >= 63 AND p3 > 10,delta_dt >= 10 AND h >= 100,cand_low_speed_flying,h < 100 AND vibration >= 50 AND wind_speed > 60,delta_dt >= 10 AND h >= 90,0.06886180001311004,"{'parameter_weights': {'parameter_1': 1.0, 'parameter_n': 1.0}, 'tversky_weights': {'alpha': 0.9, 'beta': 0.1}, 'conditional_weights': {'given': 1.0, 'when': 1.0, 'then': 1.0}}"
0.6788888888888889,scen_G19_T5,h < 100 AND vibration >= 63 AND p3 > 10,delta_dt >= 10 AND p6 > 10,cand_low_speed_flying,h < 100 AND vibration >= 50 AND wind_speed > 60,delta_dt >= 10 AND h >= 90,0.06282639992423356,"{'parameter_weights': {'parameter_1': 1.0, 'parameter_n': 1.0}, 'tversky_weights': {'alpha': 0.9, 'beta': 0.1}, 'conditional_weights': {'given': 1.0, 'when': 1.0, 'then': 1.0}}"
0.6233322222222223,scen_G19_T6,h < 100 AND vibration >= 63 AND p3 > 10,h >= 100 AND p6 > 10,cand_low_speed_flying,h < 100 AND vibration >= 50 AND wind_speed > 60,delta_dt >= 10 AND h >= 90,0.07918890006840229,"{'parameter_weights': {'parameter_1': 1.0, 'parameter_n': 1.0}, 'tversky_weights': {'alpha': 0.9, 'beta': 0.1}, 'conditional_weights': {'given': 1.0, 'when': 1.0, 'then': 1.0}}"
0.7143289463601533,scen_G19_T7,h < 100 AND vibration >= 63 AND p3 > 10,delta_dt >= 10 AND h >= 100 AND p6 > 10,cand_low_speed_flying,h < 100 AND vibration >= 50 AND wind_speed > 60,delta_dt >= 10 AND h >= 90,0.06477579998318106,"{'parameter_weights': {'parameter_1': 1.0, 'parameter_n': 1.0}, 'tversky_weights': {'alpha': 0.9, 'beta': 0.1}, 'conditional_weights': {'given': 1.0, 'when': 1.0, 'then': 1.0}}"
0.6788888888888889,scen_G19_T9,h < 100 AND vibration >= 63 AND p3 > 10,delta_dt >= 10 AND p7 > 10,cand_low_speed_flying,h < 100 AND vibration >= 50 AND wind_speed > 60,delta_dt >= 10 AND h >= 90,0.08777560002636164,"{'parameter_weights': {'parameter_1': 1.0, 'parameter_n': 1.0}, 'tversky_weights': {'alpha': 0.9, 'beta': 0.1}, 'conditional_weights': {'given': 1.0, 'when': 1.0, 'then': 1.0}}"
0.6233322222222223,scen_G19_T10,h < 100 AND vibration >= 63 AND p3 > 10,h >= 100 AND p7 > 10,cand_low_speed_flying,h < 100 AND vibration >= 50 AND wind_speed > 60,delta_dt >= 10 AND h >= 90,0.05833039991557598,"{'parameter_weights': {'parameter_1': 1.0, 'parameter_n': 1.0}, 'tversky_weights': {'alpha': 0.9, 'beta': 0.1}, 'conditional_weights': {'given': 1.0, 'when': 1.0, 'then': 1.0}}"
0.7143289463601533,scen_G19_T11,h < 100 AND vibration >= 63 AND p3 > 10,delta_dt >= 10 AND h >= 100 AND p7 > 10,cand_low_speed_flying,h < 100 AND vibration >= 50 AND wind_speed > 60,delta_dt >= 10 AND h >= 90,0.07625050004571676,"{'parameter_weights': {'parameter_1': 1.0, 'parameter_n': 1.0}, 'tversky_weights': {'alpha': 0.9, 'beta': 0.1}, 'conditional_weights': {'given': 1.0, 'when': 1.0, 'then': 1.0}}"
0.6271647509578544,scen_G19_T13,h < 100 AND vibration >= 63 AND p3 > 10,delta_dt >= 10 AND p6 > 10 AND p7 > 10,cand_low_speed_flying,h < 100 AND vibration >= 50 AND wind_speed > 60,delta_dt >= 10 AND h >= 90,0.07568979996722192,"{'parameter_weights': {'parameter_1': 1.0, 'parameter_n': 1.0}, 'tversky_weights': {'alpha': 0.9, 'beta': 0.1}, 'conditional_weights': {'given': 1.0, 'when': 1.0, 'then': 1.0}}"
0.5716080842911877,scen_G19_T14,h < 100 AND vibration >= 63 AND p3 > 10,h >= 100 AND p6 > 10 AND p7 > 10,cand_low_speed_flying,h < 100 AND vibration >= 50 AND wind_speed > 60,delta_dt >= 10 AND h >= 90,0.09116910002194345,"{'parameter_weights': {'parameter_1': 1.0, 'parameter_n': 1.0}, 'tversky_weights': {'alpha': 0.9, 'beta': 0.1}, 'conditional_weights': {'given': 1.0, 'when': 1.0, 'then': 1.0}}"
0.659882485380117,scen_G19_T15,h < 100 AND vibration >= 63 AND p3 > 10,delta_dt >= 10 AND h >= 100 AND p6 > 10 AND p7 > 10,cand_low_speed_flying,h < 100 AND vibration >= 50 AND wind_speed > 60,delta_dt >= 10 AND h >= 90,0.07904240000061691,"{'parameter_weights': {'parameter_1': 1.0, 'parameter_n': 1.0}, 'tversky_weights': {'alpha': 0.9, 'beta': 0.1}, 'conditional_weights': {'given': 1.0, 'when': 1.0, 'then': 1.0}}"
0.6788888888888889,scen_G19_T17,h < 100 AND vibration >= 63 AND p3 > 10,delta_dt >= 10 AND p8 > 10,cand_low_speed_flying,h < 100 AND vibration >= 50 AND wind_speed > 60,delta_dt >= 10 AND h >= 90,0.060994000057689846,"{'parameter_weights': {'parameter_1': 1.0, 'parameter_n': 1.0}, 'tversky_weights': {'alpha': 0.9, 'beta': 0.1}, 'conditional_weights': {'given': 1.0, 'when': 1.0, 'then': 1.0}}"
0.6233322222222223,scen_G19_T18,h < 100 AND vibration >= 63 AND p3 > 10,h >= 100 AND p8 > 10,cand_low_speed_flying,h < 100 AND vibration >= 50 AND wind_speed > 60,delta_dt >= 10 AND h >= 90,0.07769610011018813,"{'parameter_weights': {'parameter_1': 1.0, 'parameter_n': 1.0}, 'tversky_weights': {'alpha': 0.9, 'beta': 0.1}, 'conditional_weights': {'given': 1.0, 'when': 1.0, 'then': 1.0}}"
0.7143289463601533,scen_G19_T19,h < 100 AND vibration >= 63 AND p3 > 10,delta_dt >= 10 AND h >= 100 AND p8 > 10,cand_low_speed_flying,h < 100 AND vibration >= 50 AND wind_speed > 60,delta_dt >= 10 AND h >= 90,0.06622649997007102,"{'parameter_weights': {'parameter_1': 1.0, 'parameter_n': 1.0}, 'tversky_weights': {'alpha': 0.9, 'beta': 0.1}, 'conditional_weights': {'given': 1.0, 'when': 1.0, 'then': 1.0}}"
0.6271647509578544,scen_G19_T21,h < 100 AND vibration >= 63 AND p3 > 10,delta_dt >= 10 AND p6 > 10 AND p8 > 10,cand_low_speed_flying,h < 100 AND vibration >= 50 AND wind_speed > 60,delta_dt >= 10 AND h >= 90,0.08772309997584671,"{'parameter_weights': {'parameter_1': 1.0, 'parameter_n': 1.0}, 'tversky_weights': {'alpha': 0.9, 'beta': 0.1}, 'conditional_weights': {'given': 1.0, 'when': 1.0, 'then': 1.0}}"
0.5716080842911877,scen_G19_T22,h < 100 AND vibration >= 63 AND p3 > 10,h >= 100 AND p6 > 10 AND p8 > 10,cand_low_speed_flying,h < 100 AND vibration >= 50 AND wind_speed > 60,delta_dt >= 10 AND h >= 90,0.10450779995881021,"{'parameter_weights': {'parameter_1': 1.0, 'parameter_n': 1.0}, 'tversky_weights': {'alpha': 0.9, 'beta': 0.1}, 'conditional_weights': {'given': 1.0, 'when': 1.0, 'then': 1.0}}"
0.659882485380117,scen_G19_T23,h < 100 AND vibration >= 63 AND p3 > 10,delta_dt >= 10 AND h >= 100 AND p6 > 10 AND p8 > 10,cand_low_speed_flying,h < 100 AND vibration >= 50 AND wind_speed > 60,delta_dt >= 10 AND h >= 90,0.11960730003193021,"{'parameter_weights': {'parameter_1': 1.0, 'parameter_n': 1.0}, 'tversky_weights': {'alpha': 0.9, 'beta': 0.1}, 'conditional_weights': {'given': 1.0, 'when': 1.0, 'then': 1.0}}"
0.6271647509578544,scen_G19_T25,h < 100 AND vibration >= 63 AND p3 > 10,delta_dt >= 10 AND p7 > 10 AND p8 > 10,cand_low_speed_flying,h < 100 AND vibration >= 50 AND wind_speed > 60,delta_dt >= 10 AND h >= 90,0.09213810006622225,"{'parameter_weights': {'parameter_1': 1.0, 'parameter_n': 1.0}, 'tversky_weights': {'alpha': 0.9, 'beta': 0.1}, 'conditional_weights': {'given': 1.0, 'when': 1.0, 'then': 1.0}}"
0.5716080842911877,scen_G19_T26,h < 100 AND vibration >= 63 AND p3 > 10,h >= 100 AND p7 > 10 AND p8 > 10,cand_low_speed_flying,h < 100 AND vibration >= 50 AND wind_speed > 60,delta_dt >= 10 AND h >= 90,0.07404150010552257,"{'parameter_weights': {'parameter_1': 1.0, 'parameter_n': 1.0}, 'tversky_weights': {'alpha': 0.9, 'beta': 0.1}, 'conditional_weights': {'given': 1.0, 'when': 1.0, 'then': 1.0}}"
0.659882485380117,scen_G19_T27,h < 100 AND vibration >= 63 AND p3 > 10,delta_dt >= 10 AND h >= 100 AND p7 > 10 AND p8 > 10,cand_low_speed_flying,h < 100 AND vibration >= 50 AND wind_speed > 60,delta_dt >= 10 AND h >= 90,0.08382719999644905,"{'parameter_weights': {'parameter_1': 1.0, 'parameter_n': 1.0}, 'tversky_weights': {'alpha': 0.9, 'beta': 0.1}, 'conditional_weights': {'given': 1.0, 'when': 1.0, 'then': 1.0}}"
0.5999415204678362,scen_G19_T29,h < 100 AND vibration >= 63 AND p3 > 10,delta_dt >= 10 AND p6 > 10 AND p7 > 10 AND p8 > 10,cand_low_speed_flying,h < 100 AND vibration >= 50 AND wind_speed > 60,delta_dt >= 10 AND h >= 90,0.07138619991019368,"{'parameter_weights': {'parameter_1': 1.0, 'parameter_n': 1.0}, 'tversky_weights': {'alpha': 0.9, 'beta': 0.1}, 'conditional_weights': {'given': 1.0, 'when': 1.0, 'then': 1.0}}"
0.5443848538011696,scen_G19_T30,h < 100 AND vibration >= 63 AND p3 > 10,h >= 100 AND p6 > 10 AND p7 > 10 AND p8 > 10,cand_low_speed_flying,h < 100 AND vibration >= 50 AND wind_speed > 60,delta_dt >= 10 AND h >= 90,0.09936490003019571,"{'parameter_weights': {'parameter_1': 1.0, 'parameter_n': 1.0}, 'tversky_weights': {'alpha': 0.9, 'beta': 0.1}, 'conditional_weights': {'given': 1.0, 'when': 1.0, 'then': 1.0}}"
0.6262878605200946,scen_G19_T31,h < 100 AND vibration >= 63 AND p3 > 10,delta_dt >= 10 AND h >= 100 AND p6 > 10 AND p7 > 10 AND p8 > 10,cand_low_speed_flying,h < 100 AND vibration >= 50 AND wind_speed > 60,delta_dt >= 10 AND h >= 90,0.07022720004897565,"{'parameter_weights': {'parameter_1': 1.0, 'parameter_n': 1.0}, 'tversky_weights': {'alpha': 0.9, 'beta': 0.1}, 'conditional_weights': {'given': 1.0, 'when': 1.0, 'then': 1.0}}"
0.7474747474747474,scen_G21_T1,h < 100 AND p1 > 10 AND p3 > 10,delta_dt >= 10,cand_low_speed_flying,h < 100 AND vibration >= 50 AND wind_speed > 60,delta_dt >= 10 AND h >= 90,0.08333860000129789,"{'parameter_weights': {'parameter_1': 1.0, 'parameter_n': 1.0}, 'tversky_weights': {'alpha': 0.9, 'beta': 0.1}, 'conditional_weights': {'given': 1.0, 'when': 1.0, 'then': 1.0}}"
0.6919180808080808,scen_G21_T2,h < 100 AND p1 > 10 AND p3 > 10,h >= 100,cand_low_speed_flying,h < 100 AND vibration >= 50 AND wind_speed > 60,delta_dt >= 10 AND h >= 90,0.08061599999200553,"{'parameter_weights': {'parameter_1': 1.0, 'parameter_n': 1.0}, 'tversky_weights': {'alpha': 0.9, 'beta': 0.1}, 'conditional_weights': {'given': 1.0, 'when': 1.0, 'then': 1.0}}"
0.7499994444444443,scen_G21_T3,h < 100 AND p1 > 10 AND p3 > 10,delta_dt >= 10 AND h >= 100,cand_low_speed_flying,h < 100 AND vibration >= 50 AND wind_speed > 60,delta_dt >= 10 AND h >= 90,0.06412150000687689,"{'parameter_weights': {'parameter_1': 1.0, 'parameter_n': 1.0}, 'tversky_weights': {'alpha': 0.9, 'beta': 0.1}, 'conditional_weights': {'given': 1.0, 'when': 1.0, 'then': 1.0}}"
0.611111111111111,scen_G21_T5,h < 100 AND p1 > 10 AND p3 > 10,delta_dt >= 10 AND p6 > 10,cand_low_speed_flying,h < 100 AND vibration >= 50 AND wind_speed > 60,delta_dt >= 10 AND h >= 90,0.07625980000011623,"{'parameter_weights': {'parameter_1': 1.0, 'parameter_n': 1.0}, 'tversky_weights': {'alpha': 0.9, 'beta': 0.1}, 'conditional_weights': {'given': 1.0, 'when': 1.0, 'then': 1.0}}"
0.5555544444444444,scen_G21_T6,h < 100 AND p1 > 10 AND p3 > 10,h >= 100 AND p6 > 10,cand_low_speed_flying,h < 100 AND vibration >= 50 AND wind_speed > 60,delta_dt >= 10 AND h >= 90,0.06553060002624989,"{'parameter_weights': {'parameter_1': 1.0, 'parameter_n': 1.0}, 'tversky_weights': {'alpha': 0.9, 'beta': 0.1}, 'conditional_weights': {'given': 1.0, 'when': 1.0, 'then': 1.0}}"
0.6465511685823755,scen_G21_T7,h < 100 AND p1 > 10 AND p3 > 10,delta_dt >= 10 AND h >= 100 AND p6 > 10,cand_low_speed_flying,h < 100 AND vibration >= 50 AND wind_speed > 60,delta_dt >= 10 AND h >= 90,0.07691649999469519,"{'parameter_weights': {'parameter_1': 1.0, 'parameter_n': 1.0}, 'tversky_weights': {'alpha': 0.9, 'beta': 0.1}, 'conditional_weights': {'given': 1.0, 'when': 1.0, 'then': 1.0}}"
0.611111111111111,scen_G21_T9,h < 100 AND p1 > 10 AND p3 > 10,delta_dt >= 10 AND p7 > 10,cand_low_speed_flying,h < 100 AND vibration >= 50 AND wind_speed > 60,delta_dt >= 10 AND h >= 90,0.06951990001834929,"{'parameter_weights': {'parameter_1': 1.0, 'parameter_n': 1.0}, 'tversky_weights': {'alpha': 0.9, 'beta': 0.1}, 'conditional_weights': {'given': 1.0, 'when': 1.0, 'then': 1.0}}"
0.5555544444444444,scen_G21_T10,h < 100 AND p1 > 10 AND p3 > 10,h >= 100 AND p7 > 10,cand_low_speed_flying,h < 100 AND vibration >= 50 AND wind_speed > 60,delta_dt >= 10 AND h >= 90,0.06536370003595948,"{'parameter_weights': {'parameter_1': 1.0, 'parameter_n': 1.0}, 'tversky_weights': {'alpha': 0.9, 'beta': 0.1}, 'conditional_weights': {'given': 1.0, 'when': 1.0, 'then': 1.0}}"
0.6465511685823755,scen_G21_T11,h < 100 AND p1 > 10 AND p3 > 10,delta_dt >= 10 AND h >= 100 AND p7 > 10,cand_low_speed_flying,h < 100 AND vibration >= 50 AND wind_speed > 60,delta_dt >= 10 AND h >= 90,0.06449780007824302,"{'parameter_weights': {'parameter_1': 1.0, 'parameter_n': 1.0}, 'tversky_weights': {'alpha': 0.9, 'beta': 0.1}, 'conditional_weights': {'given': 1.0, 'when': 1.0, 'then': 1.0}}"
0.5593869731800766,scen_G21_T13,h < 100 AND p1 > 10 AND p3 > 10,delta_dt >= 10 AND p6 > 10 AND p7 > 10,cand_low_speed_flying,h < 100 AND vibration >= 50 AND wind_speed > 60,delta_dt >= 10 AND h >= 90,0.08838720002677292,"{'parameter_weights': {'parameter_1': 1.0, 'parameter_n': 1.0}, 'tversky_weights': {'alpha': 0.9, 'beta': 0.1}, 'conditional_weights': {'given': 1.0, 'when': 1.0, 'then': 1.0}}"
0.50383030651341,scen_G21_T14,h < 100 AND p1 > 10 AND p3 > 10,h >= 100 AND p6 > 10 AND p7 > 10,cand_low_speed_flying,h < 100 AND vibration >= 50 AND wind_speed > 60,delta_dt >= 10 AND h >= 90,0.09303979994729161,"{'parameter_weights': {'parameter_1': 1.0, 'parameter_n': 1.0}, 'tversky_weights': {'alpha': 0.9, 'beta': 0.1}, 'conditional_weights': {'given': 1.0, 'when': 1.0, 'then': 1.0}}"
0.5921047076023392,scen_G21_T15,h < 100 AND p1 > 10 AND p3 > 10,delta_dt >= 10 AND h >= 100 AND p6 > 10 AND p7 > 10,cand_low_speed_flying,h < 100 AND vibration >= 50 AND wind_speed > 60,delta_dt >= 10 AND h >= 90,0.061721400008536875,"{'parameter_weights': {'parameter_1': 1.0, 'parameter_n': 1.0}, 'tversky_weights': {'alpha': 0.9, 'beta': 0.1}, 'conditional_weights': {'given': 1.0, 'when': 1.0, 'then': 1.0}}"
0.611111111111111,scen_G21_T17,h < 100 AND p1 > 10 AND p3 > 10,delta_dt >= 10 AND p8 > 10,cand_low_speed_flying,h < 100 AND vibration >= 50 AND wind_speed > 60,delta_dt >= 10 AND h >= 90,0.10881400003563613,"{'parameter_weights': {'parameter_1': 1.0, 'parameter_n': 1.0}, 'tversky_weights': {'alpha': 0.9, 'beta': 0.1}, 'conditional_weights': {'given': 1.0, 'when': 1.0, 'then': 1.0}}"
0.5555544444444444,scen_G21_T18,h < 100 AND p1 > 10 AND p3 > 10,h >= 100 AND p8 > 10,cand_low_speed_flying,h < 100 AND vibration >= 50 AND wind_speed > 60,delta_dt >= 10 AND h >= 90,0.09060909994877875,"{'parameter_weights': {'parameter_1': 1.0, 'parameter_n': 1.0}, 'tversky_weights': {'alpha': 0.9, 'beta': 0.1}, 'conditional_weights': {'given': 1.0, 'when': 1.0, 'then': 1.0}}"
0.6465511685823755,scen_G21_T19,h < 100 AND p1 > 10 AND p3 > 10,delta_dt >= 10 AND h >= 100 AND p8 > 10,cand_low_speed_flying,h < 100 AND vibration >= 50 AND wind_speed > 60,delta_dt >= 10 AND h >= 90,0.07112930004950613,"{'parameter_weights': {'parameter_1': 1.0, 'parameter_n': 1.0}, 'tversky_weights': {'alpha': 0.9, 'beta': 0.1}, 'conditional_weights': {'given': 1.0, 'when': 1.0, 'then': 1.0}}"
0.5593869731800766,scen_G21_T21,h < 100 AND p1 > 10 AND p3 > 10,delta_dt >= 10 AND p6 > 10 AND p8 > 10,cand_low_speed_flying,h < 100 AND vibration >= 50 AND wind_speed > 60,delta_dt >= 10 AND h >= 90,0.0802423000568524,"{'parameter_weights': {'parameter_1': 1.0, 'parameter_n': 1.0}, 'tversky_weights': {'alpha': 0.9, 'beta': 0.1}, 'conditional_weights': {'given': 1.0, 'when': 1.0, 'then': 1.0}}"
0.50383030651341,scen_G21_T22,h < 100 AND p1 > 10 AND p3 > 10,h >= 100 AND p6 > 10 AND p8 > 10,cand_low_speed_flying,h < 100 AND vibration >= 50 AND wind_speed > 60,delta_dt >= 10 AND h >= 90,0.10880849999375641,"{'parameter_weights': {'parameter_1': 1.0, 'parameter_n': 1.0}, 'tversky_weights': {'alpha': 0.9, 'beta': 0.1}, 'conditional_weights': {'given': 1.0, 'when': 1.0, 'then': 1.0}}"
0.5921047076023392,scen_G21_T23,h < 100 AND p1 > 10 AND p3 > 10,delta_dt >= 10 AND h >= 100 AND p6 > 10 AND p8 > 10,cand_low_speed_flying,h < 100 AND vibration >= 50 AND wind_speed > 60,delta_dt >= 10 AND h >= 90,0.08387660002335906,"{'parameter_weights': {'parameter_1': 1.0, 'parameter_n': 1.0}, 'tversky_weights': {'alpha': 0.9, 'beta': 0.1}, 'conditional_weights': {'given': 1.0, 'when': 1.0, 'then': 1.0}}"
0.5593869731800766,scen_G21_T25,h < 100 AND p1 > 10 AND p3 > 10,delta_dt >= 10 AND p7 > 10 AND p8 > 10,cand_low_speed_flying,h < 100 AND vibration >= 50 AND wind_speed > 60,delta_dt >= 10 AND h >= 90,0.06485249998513609,"{'parameter_weights': {'parameter_1': 1.0, 'parameter_n': 1.0}, 'tversky_weights': {'alpha': 0.9, 'beta': 0.1}, 'conditional_weights': {'given': 1.0, 'when': 1.0, 'then': 1.0}}"
0.50383030651341,scen_G21_T26,h < 100 AND p1 > 10 AND p3 > 10,h >= 100 AND p7 > 10 AND p8 > 10,cand_low_speed_flying,h < 100 AND vibration >= 50 AND wind_speed > 60,delta_dt >= 10 AND h >= 90,0.06731910002417862,"{'parameter_weights': {'parameter_1': 1.0, 'parameter_n': 1.0}, 'tversky_weights': {'alpha': 0.9, 'beta': 0.1}, 'conditional_weights': {'given': 1.0, 'when': 1.0, 'then': 1.0}}"
0.5921047076023392,scen_G21_T27,h < 100 AND p1 > 10 AND p3 > 10,delta_dt >= 10 AND h >= 100 AND p7 > 10 AND p8 > 10,cand_low_speed_flying,h < 100 AND vibration >= 50 AND wind_speed > 60,delta_dt >= 10 AND h >= 90,0.06936329999007285,"{'parameter_weights': {'parameter_1': 1.0, 'parameter_n': 1.0}, 'tversky_weights': {'alpha': 0.9, 'beta': 0.1}, 'conditional_weights': {'given': 1.0, 'when': 1.0, 'then': 1.0}}"
0.5321637426900584,scen_G21_T29,h < 100 AND p1 > 10 AND p3 > 10,delta_dt >= 10 AND p6 > 10 AND p7 > 10 AND p8 > 10,cand_low_speed_flying,h < 100 AND vibration >= 50 AND wind_speed > 60,delta_dt >= 10 AND h >= 90,0.08624820003751665,"{'parameter_weights': {'parameter_1': 1.0, 'parameter_n': 1.0}, 'tversky_weights': {'alpha': 0.9, 'beta': 0.1}, 'conditional_weights': {'given': 1.0, 'when': 1.0, 'then': 1.0}}"
0.47660707602339175,scen_G21_T30,h < 100 AND p1 > 10 AND p3 > 10,h >= 100 AND p6 > 10 AND p7 > 10 AND p8 > 10,cand_low_speed_flying,h < 100 AND vibration >= 50 AND wind_speed > 60,delta_dt >= 10 AND h >= 90,0.07440839998889714,"{'parameter_weights': {'parameter_1': 1.0, 'parameter_n': 1.0}, 'tversky_weights': {'alpha': 0.9, 'beta': 0.1}, 'conditional_weights': {'given': 1.0, 'when': 1.0, 'then': 1.0}}"
0.5585100827423167,scen_G21_T31,h < 100 AND p1 > 10 AND p3 > 10,delta_dt >= 10 AND h >= 100 AND p6 > 10 AND p7 > 10 AND p8 > 10,cand_low_speed_flying,h < 100 AND vibration >= 50 AND wind_speed > 60,delta_dt >= 10 AND h >= 90,0.0677945000352338,"{'parameter_weights': {'parameter_1': 1.0, 'parameter_n': 1.0}, 'tversky_weights': {'alpha': 0.9, 'beta': 0.1}, 'conditional_weights': {'given': 1.0, 'when': 1.0, 'then': 1.0}}"
0.6608080808080808,scen_G22_T1,vibration >= 63 AND p1 > 10 AND p3 > 10,delta_dt >= 10,cand_low_speed_flying,h < 100 AND vibration >= 50 AND wind_speed > 60,delta_dt >= 10 AND h >= 90,0.10524699999950826,"{'parameter_weights': {'parameter_1': 1.0, 'parameter_n': 1.0}, 'tversky_weights': {'alpha': 0.9, 'beta': 0.1}, 'conditional_weights': {'given': 1.0, 'when': 1.0, 'then': 1.0}}"
0.6052514141414141,scen_G22_T2,vibration >= 63 AND p1 > 10 AND p3 > 10,h >= 100,cand_low_speed_flying,h < 100 AND vibration >= 50 AND wind_speed > 60,delta_dt >= 10 AND h >= 90,0.05593829997815192,"{'parameter_weights': {'parameter_1': 1.0, 'parameter_n': 1.0}, 'tversky_weights': {'alpha': 0.9, 'beta': 0.1}, 'conditional_weights': {'given': 1.0, 'when': 1.0, 'then': 1.0}}"
0.6633327777777778,scen_G22_T3,vibration >= 63 AND p1 > 10 AND p3 > 10,delta_dt >= 10 AND h >= 100,cand_low_speed_flying,h < 100 AND vibration >= 50 AND wind_speed > 60,delta_dt >= 10 AND h >= 90,0.06554899993352592,"{'parameter_weights': {'parameter_1': 1.0, 'parameter_n': 1.0}, 'tversky_weights': {'alpha': 0.9, 'beta': 0.1}, 'conditional_weights': {'given': 1.0, 'when': 1.0, 'then': 1.0}}"
0.5244444444444444,scen_G22_T5,vibration >= 63 AND p1 > 10 AND p3 > 10,delta_dt >= 10 AND p6 > 10,cand_low_speed_flying,h < 100 AND vibration >= 50 AND wind_speed > 60,delta_dt >= 10 AND h >= 90,0.061567199998535216,"{'parameter_weights': {'parameter_1': 1.0, 'parameter_n': 1.0}, 'tversky_weights': {'alpha': 0.9, 'beta': 0.1}, 'conditional_weights': {'given': 1.0, 'when': 1.0, 'then': 1.0}}"
0.4688877777777778,scen_G22_T6,vibration >= 63 AND p1 > 10 AND p3 > 10,h >= 100 AND p6 > 10,cand_low_speed_flying,h < 100 AND vibration >= 50 AND wind_speed > 60,delta_dt >= 10 AND h >= 90,0.061271099955774844,"{'parameter_weights': {'parameter_1': 1.0, 'parameter_n': 1.0}, 'tversky_weights': {'alpha': 0.9, 'beta': 0.1}, 'conditional_weights': {'given': 1.0, 'when': 1.0, 'then': 1.0}}"
0.5598845019157088,scen_G22_T7,vibration >= 63 AND p1 > 10 AND p3 > 10,delta_dt >= 10 AND h >= 100 AND p6 > 10,cand_low_speed_flying,h < 100 AND vibration >= 50 AND wind_speed > 60,delta_dt >= 10 AND h >= 90,0.1119561999803409,"{'parameter_weights': {'parameter_1': 1.0, 'parameter_n': 1.0}, 'tversky_weights': {'alpha': 0.9, 'beta': 0.1}, 'conditional_weights': {'given': 1.0, 'when': 1.0, 'then': 1.0}}"
0.5244444444444444,scen_G22_T9,vibration >= 63 AND p1 > 10 AND p3 > 10,delta_dt >= 10 AND p7 > 10,cand_low_speed_flying,h < 100 AND vibration >= 50 AND wind_speed > 60,delta_dt >= 10 AND h >= 90,0.07369009999092668,"{'parameter_weights': {'parameter_1': 1.0, 'parameter_n': 1.0}, 'tversky_weights': {'alpha': 0.9, 'beta': 0.1}, 'conditional_weights': {'given': 1.0, 'when': 1.0, 'then': 1.0}}"
0.4688877777777778,scen_G22_T10,vibration >= 63 AND p1 > 10 AND p3 > 10,h >= 100 AND p7 > 10,cand_low_speed_flying,h < 100 AND vibration >= 50 AND wind_speed > 60,delta_dt >= 10 AND h >= 90,0.06288920005317777,"{'parameter_weights': {'parameter_1': 1.0, 'parameter_n': 1.0}, 'tversky_weights': {'alpha': 0.9, 'beta': 0.1}, 'conditional_weights': {'given': 1.0, 'when': 1.0, 'then': 1.0}}"
0.5598845019157088,scen_G22_T11,vibration >= 63 AND p1 > 10 AND p3 > 10,delta_dt >= 10 AND h >= 100 AND p7 > 10,cand_low_speed_flying,h < 100 AND vibration >= 50 AND wind_speed > 60,delta_dt >= 10 AND h >= 90,0.09097809996455908,"{'parameter_weights': {'parameter_1': 1.0, 'parameter_n': 1.0}, 'tversky_weights': {'alpha': 0.9, 'beta': 0.1}, 'conditional_weights': {'given': 1.0, 'when': 1.0, 'then': 1.0}}"
0.47272030651340996,scen_G22_T13,vibration >= 63 AND p1 > 10 AND p3 > 10,delta_dt >= 10 AND p6 > 10 AND p7 > 10,cand_low_speed_flying,h < 100 AND vibration >= 50 AND wind_speed > 60,delta_dt >= 10 AND h >= 90,0.07680889999028295,"{'parameter_weights': {'parameter_1': 1.0, 'parameter_n': 1.0}, 'tversky_weights': {'alpha': 0.9, 'beta': 0.1}, 'conditional_weights': {'given': 1.0, 'when': 1.0, 'then': 1.0}}"
0.41716363984674326,scen_G22_T14,vibration >= 63 AND p1 > 10 AND p3 > 10,h >= 100 AND p6 > 10 AND p7 > 10,cand_low_speed_flying,h < 100 AND vibration >= 50 AND wind_speed > 60,delta_dt >= 10 AND h >= 90,0.06427089998032898,"{'parameter_weights': {'parameter_1': 1.0, 'parameter_n': 1.0}, 'tversky_weights': {'alpha': 0.9, 'beta': 0.1}, 'conditional_weights': {'given': 1.0, 'when': 1.0, 'then': 1.0}}"
0.5054380409356725,scen_G22_T15,vibration >= 63 AND p1 > 10 AND p3 > 10,delta_dt >= 10 AND h >= 100 AND p6 > 10 AND p7 > 10,cand_low_speed_flying,h < 100 AND vibration >= 50 AND wind_speed > 60,delta_dt >= 10 AND h >= 90,0.06295320007484406,"{'parameter_weights': {'parameter_1': 1.0, 'parameter_n': 1.0}, 'tversky_weights': {'alpha': 0.9, 'beta': 0.1}, 'conditional_weights': {'given': 1.0, 'when': 1.0, 'then': 1.0}}"
0.5244444444444444,scen_G22_T17,vibration >= 63 AND p1 > 10 AND p3 > 10,delta_dt >= 10 AND p8 > 10,cand_low_speed_flying,h < 100 AND vibration >= 50 AND wind_speed > 60,delta_dt >= 10 AND h >= 90,0.07667310000397265,"{'parameter_weights': {'parameter_1': 1.0, 'parameter_n': 1.0}, 'tversky_weights': {'alpha': 0.9, 'beta': 0.1}, 'conditional_weights': {'given': 1.0, 'when': 1.0, 'then': 1.0}}"
0.4688877777777778,scen_G22_T18,vibration >= 63 AND p1 > 10 AND p3 > 10,h >= 100 AND p8 > 10,cand_low_speed_flying,h < 100 AND vibration >= 50 AND wind_speed > 60,delta_dt >= 10 AND h >= 90,0.08062250004149973,"{'parameter_weights': {'parameter_1': 1.0, 'parameter_n': 1.0}, 'tversky_weights': {'alpha': 0.9, 'beta': 0.1}, 'conditional_weights': {'given': 1.0, 'when': 1.0, 'then': 1.0}}"
0.5598845019157088,scen_G22_T19,vibration >= 63 AND p1 > 10 AND p3 > 10,delta_dt >= 10 AND h >= 100 AND p8 > 10,cand_low_speed_flying,h < 100 AND vibration >= 50 AND wind_speed > 60,delta_dt >= 10 AND h >= 90,0.05825519992504269,"{'parameter_weights': {'parameter_1': 1.0, 'parameter_n': 1.0}, 'tversky_weights': {'alpha': 0.9, 'beta': 0.1}, 'conditional_weights': {'given': 1.0, 'when': 1.0, 'then': 1.0}}"
0.47272030651340996,scen_G22_T21,vibration >= 63 AND p1 > 10 AND p3 > 10,delta_dt >= 10 AND p6 > 10 AND p8 > 10,cand_low_speed_flying,h < 100 AND vibration >= 50 AND wind_speed > 60,delta_dt >= 10 AND h >= 90,0.05985429999418557,"{'parameter_weights': {'parameter_1': 1.0, 'parameter_n': 1.0}, 'tversky_weights': {'alpha': 0.9, 'beta': 0.1}, 'conditional_weights': {'given': 1.0, 'when': 1.0, 'then': 1.0}}"
0.41716363984674326,scen_G22_T22,vibration >= 63 AND p1 > 10 AND p3 > 10,h >= 100 AND p6 > 10 AND p8 > 10,cand_low_speed_flying,h < 100 AND vibration >= 50 AND wind_speed > 60,delta_dt >= 10 AND h >= 90,0.05871910008136183,"{'parameter_weights': {'parameter_1': 1.0, 'parameter_n': 1.0}, 'tversky_weights': {'alpha': 0.9, 'beta': 0.1}, 'conditional_weights': {'given': 1.0, 'when': 1.0, 'then': 1.0}}"
0.5054380409356725,scen_G22_T23,vibration >= 63 AND p1 > 10 AND p3 > 10,delta_dt >= 10 AND h >= 100 AND p6 > 10 AND p8 > 10,cand_low_speed_flying,h < 100 AND vibration >= 50 AND wind_speed > 60,delta_dt >= 10 AND h >= 90,0.06558159994892776,"{'parameter_weights': {'parameter_1': 1.0, 'parameter_n': 1.0}, 'tversky_weights': {'alpha': 0.9, 'beta': 0.1}, 'conditional_weights': {'given': 1.0, 'when': 1.0, 'then': 1.0}}"
0.47272030651340996,scen_G22_T25,vibration >= 63 AND p1 > 10 AND p3 > 10,delta_dt >= 10 AND p7 > 10 AND p8 > 10,cand_low_speed_flying,h < 100 AND vibration >= 50 AND wind_speed > 60,delta_dt >= 10 AND h >= 90,0.06607719999738038,"{'parameter_weights': {'parameter_1': 1.0, 'parameter_n': 1.0}, 'tversky_weights': {'alpha': 0.9, 'beta': 0.1}, 'conditional_weights': {'given': 1.0, 'when': 1.0, 'then': 1.0}}"
0.41716363984674326,scen_G22_T26,vibration >= 63 AND p1 > 10 AND p3 > 10,h >= 100 AND p7 > 10 AND p8 > 10,cand_low_speed_flying,h < 100 AND vibration >= 50 AND wind_speed > 60,delta_dt >= 10 AND h >= 90,0.06762610003352165,"{'parameter_weights': {'parameter_1': 1.0, 'parameter_n': 1.0}, 'tversky_weights': {'alpha': 0.9, 'beta': 0.1}, 'conditional_weights': {'given': 1.0, 'when': 1.0, 'then': 1.0}}"
0.5054380409356725,scen_G22_T27,vibration >= 63 AND p1 > 10 AND p3 > 10,delta_dt >= 10 AND h >= 100 AND p7 > 10 AND p8 > 10,cand_low_speed_flying,h < 100 AND vibration >= 50 AND wind_speed > 60,delta_dt >= 10 AND h >= 90,0.07199039997067302,"{'parameter_weights': {'parameter_1': 1.0, 'parameter_n': 1.0}, 'tversky_weights': {'alpha': 0.9, 'beta': 0.1}, 'conditional_weights': {'given': 1.0, 'when': 1.0, 'then': 1.0}}"
0.4454970760233918,scen_G22_T29,vibration >= 63 AND p1 > 10 AND p3 > 10,delta_dt >= 10 AND p6 > 10 AND p7 > 10 AND p8 > 10,cand_low_speed_flying,h < 100 AND vibration >= 50 AND wind_speed > 60,delta_dt >= 10 AND h >= 90,0.06830889999400824,"{'parameter_weights': {'parameter_1': 1.0, 'parameter_n': 1.0}, 'tversky_weights': {'alpha': 0.9, 'beta': 0.1}, 'conditional_weights': {'given': 1.0, 'when': 1.0, 'then': 1.0}}"
0.38994040935672514,scen_G22_T30,vibration >= 63 AND p1 > 10 AND p3 > 10,h >= 100 AND p6 > 10 AND p7 > 10 AND p8 > 10,cand_low_speed_flying,h < 100 AND vibration >= 50 AND wind_speed > 60,delta_dt >= 10 AND h >= 90,0.06360360002145171,"{'parameter_weights': {'parameter_1': 1.0, 'parameter_n': 1.0}, 'tversky_weights': {'alpha': 0.9, 'beta': 0.1}, 'conditional_weights': {'given': 1.0, 'when': 1.0, 'then': 1.0}}"
0.4718434160756501,scen_G22_T31,vibration >= 63 AND p1 > 10 AND p3 > 10,delta_dt >= 10 AND h >= 100 AND p6 > 10 AND p7 > 10 AND p8 > 10,cand_low_speed_flying,h < 100 AND vibration >= 50 AND wind_speed > 60,delta_dt >= 10 AND h >= 90,0.06591819995082915,"{'parameter_weights': {'parameter_1': 1.0, 'parameter_n': 1.0}, 'tversky_weights': {'alpha': 0.9, 'beta': 0.1}, 'conditional_weights': {'given': 1.0, 'when': 1.0, 'then': 1.0}}"
0.763970473970474,scen_G23_T1,h < 100 AND vibration >= 63 AND p1 > 10 AND p3 > 10,delta_dt >= 10,cand_low_speed_flying,h < 100 AND vibration >= 50 AND wind_speed > 60,delta_dt >= 10 AND h >= 90,0.05743749998509884,"{'parameter_weights': {'parameter_1': 1.0, 'parameter_n': 1.0}, 'tversky_weights': {'alpha': 0.9, 'beta': 0.1}, 'conditional_weights': {'given': 1.0, 'when': 1.0, 'then': 1.0}}"
0.7084138073038074,scen_G23_T2,h < 100 AND vibration >= 63 AND p1 > 10 AND p3 > 10,h >= 100,cand_low_speed_flying,h < 100 AND vibration >= 50 AND wind_speed > 60,delta_dt >= 10 AND h >= 90,0.06458709994331002,"{'parameter_weights': {'parameter_1': 1.0, 'parameter_n': 1.0}, 'tversky_weights': {'alpha': 0.9, 'beta': 0.1}, 'conditional_weights': {'given': 1.0, 'when': 1.0, 'then': 1.0}}"
0.766495170940171,scen_G23_T3,h < 100 AND vibration >= 63 AND p1 > 10 AND p3 > 10,delta_dt >= 10 AND h >= 100,cand_low_speed_flying,h < 100 AND vibration >= 50 AND wind_speed > 60,delta_dt >= 10 AND h >= 90,0.059365799999795854,"{'parameter_weights': {'parameter_1': 1.0, 'parameter_n': 1.0}, 'tversky_weights': {'alpha': 0.9, 'beta': 0.1}, 'conditional_weights': {'given': 1.0, 'when': 1.0, 'then': 1.0}}"
0.6276068376068377,scen_G23_T5,h < 100 AND vibration >= 63 AND p1 > 10 AND p3 > 10,delta_dt >= 10 AND p6 > 10,cand_low_speed_flying,h < 100 AND vibration >= 50 AND wind_speed > 60,delta_dt >= 10 AND h >= 90,0.06139299995265901,"{'parameter_weights': {'parameter_1': 1.0, 'parameter_n': 1.0}, 'tversky_weights': {'alpha': 0.9, 'beta': 0.1}, 'conditional_weights': {'given': 1.0, 'when': 1.0, 'then': 1.0}}"
0.572050170940171,scen_G23_T6,h < 100 AND vibration >= 63 AND p1 > 10 AND p3 > 10,h >= 100 AND p6 > 10,cand_low_speed_flying,h < 100 AND vibration >= 50 AND wind_speed > 60,delta_dt >= 10 AND h >= 90,0.0565442000515759,"{'parameter_weights': {'parameter_1': 1.0, 'parameter_n': 1.0}, 'tversky_weights': {'alpha': 0.9, 'beta': 0.1}, 'conditional_weights': {'given': 1.0, 'when': 1.0, 'then': 1.0}}"
0.663046895078102,scen_G23_T7,h < 100 AND vibration >= 63 AND p1 > 10 AND p3 > 10,delta_dt >= 10 AND h >= 100 AND p6 > 10,cand_low_speed_flying,h < 100 AND vibration >= 50 AND wind_speed > 60,delta_dt >= 10 AND h >= 90,0.0654964999994263,"{'parameter_weights': {'parameter_1': 1.0, 'parameter_n': 1.0}, 'tversky_weights': {'alpha': 0.9, 'beta': 0.1}, 'conditional_weights': {'given': 1.0, 'when': 1.0, 'then': 1.0}}"
0.6276068376068377,scen_G23_T9,h < 100 AND vibration >= 63 AND p1 > 10 AND p3 > 10,delta_dt >= 10 AND p7 > 10,cand_low_speed_flying,h < 100 AND vibration >= 50 AND wind_speed > 60,delta_dt >= 10 AND h >= 90,0.061929200077429414,"{'parameter_weights': {'parameter_1': 1.0, 'parameter_n': 1.0}, 'tversky_weights': {'alpha': 0.9, 'beta': 0.1}, 'conditional_weights': {'given': 1.0, 'when': 1.0, 'then': 1.0}}"
0.572050170940171,scen_G23_T10,h < 100 AND vibration >= 63 AND p1 > 10 AND p3 > 10,h >= 100 AND p7 > 10,cand_low_speed_flying,h < 100 AND vibration >= 50 AND wind_speed > 60,delta_dt >= 10 AND h >= 90,0.05766270007006824,"{'parameter_weights': {'parameter_1': 1.0, 'parameter_n': 1.0}, 'tversky_weights': {'alpha': 0.9, 'beta': 0.1}, 'conditional_weights': {'given': 1.0, 'when': 1.0, 'then': 1.0}}"
0.663046895078102,scen_G23_T11,h < 100 AND vibration >= 63 AND p1 > 10 AND p3 > 10,delta_dt >= 10 AND h >= 100 AND p7 > 10,cand_low_speed_flying,h < 100 AND vibration >= 50 AND wind_speed > 60,delta_dt >= 10 AND h >= 90,0.07302859995979816,"{'parameter_weights': {'parameter_1': 1.0, 'parameter_n': 1.0}, 'tversky_weights': {'alpha': 0.9, 'beta': 0.1}, 'conditional_weights': {'given': 1.0, 'when': 1.0, 'then': 1.0}}"
0.5758826996758032,scen_G23_T13,h < 100 AND vibration >= 63 AND p1 > 10 AND p3 > 10,delta_dt >= 10 AND p6 > 10 AND p7 > 10,cand_low_speed_flying,h < 100 AND vibration >= 50 AND wind_speed > 60,delta_dt >= 10 AND h >= 90,0.061845800024457276,"{'parameter_weights': {'parameter_1': 1.0, 'parameter_n': 1.0}, 'tversky_weights': {'alpha': 0.9, 'beta': 0.1}, 'conditional_weights': {'given': 1.0, 'when': 1.0, 'then': 1.0}}"
0.5203260330091365,scen_G23_T14,h < 100 AND vibration >= 63 AND p1 > 10 AND p3 > 10,h >= 100 AND p6 > 10 AND p7 > 10,cand_low_speed_flying,h < 100 AND vibration >= 50 AND wind_speed > 60,delta_dt >= 10 AND h >= 90,0.0827450999058783,"{'parameter_weights': {'parameter_1': 1.0, 'parameter_n': 1.0}, 'tversky_weights': {'alpha': 0.9, 'beta': 0.1}, 'conditional_weights': {'given': 1.0, 'when': 1.0, 'then': 1.0}}"
0.6086004340980656,scen_G23_T15,h < 100 AND vibration >= 63 AND p1 > 10 AND p3 > 10,delta_dt >= 10 AND h >= 100 AND p6 > 10 AND p7 > 10,cand_low_speed_flying,h < 100 AND vibration >= 50 AND wind_speed > 60,delta_dt >= 10 AND h >= 90,0.06834859994705766,"{'parameter_weights': {'parameter_1': 1.0, 'parameter_n': 1.0}, 'tversky_weights': {'alpha': 0.9, 'beta': 0.1}, 'conditional_weights': {'given': 1.0, 'when': 1.0, 'then': 1.0}}"
0.6276068376068377,scen_G23_T17,h < 100 AND vibration >= 63 AND p1 > 10 AND p3 > 10,delta_dt >= 10 AND p8 > 10,cand_low_speed_flying,h < 100 AND vibration >= 50 AND wind_speed > 60,delta_dt >= 10 AND h >= 90,0.061517300084233284,"{'parameter_weights': {'parameter_1': 1.0, 'parameter_n': 1.0}, 'tversky_weights': {'alpha': 0.9, 'beta': 0.1}, 'conditional_weights': {'given': 1.0, 'when': 1.0, 'then': 1.0}}"
0.572050170940171,scen_G23_T18,h < 100 AND vibration >= 63 AND p1 > 10 AND p3 > 10,h >= 100 AND p8 > 10,cand_low_speed_flying,h < 100 AND vibration >= 50 AND wind_speed > 60,delta_dt >= 10 AND h >= 90,0.05790460004936904,"{'parameter_weights': {'parameter_1': 1.0, 'parameter_n': 1.0}, 'tversky_weights': {'alpha': 0.9, 'beta': 0.1}, 'conditional_weights': {'given': 1.0, 'when': 1.0, 'then': 1.0}}"
0.663046895078102,scen_G23_T19,h < 100 AND vibration >= 63 AND p1 > 10 AND p3 > 10,delta_dt >= 10 AND h >= 100 AND p8 > 10,cand_low_speed_flying,h < 100 AND vibration >= 50 AND wind_speed > 60,delta_dt >= 10 AND h >= 90,0.06389280001167208,"{'parameter_weights': {'parameter_1': 1.0, 'parameter_n': 1.0}, 'tversky_weights': {'alpha': 0.9, 'beta': 0.1}, 'conditional_weights': {'given': 1.0, 'when': 1.0, 'then': 1.0}}"
0.5758826996758032,scen_G23_T21,h < 100 AND vibration >= 63 AND p1 > 10 AND p3 > 10,delta_dt >= 10 AND p6 > 10 AND p8 > 10,cand_low_speed_flying,h < 100 AND vibration >= 50 AND wind_speed > 60,delta_dt >= 10 AND h >= 90,0.06246289995033294,"{'parameter_weights': {'parameter_1': 1.0, 'parameter_n': 1.0}, 'tversky_weights': {'alpha': 0.9, 'beta': 0.1}, 'conditional_weights': {'given': 1.0, 'when': 1.0, 'then': 1.0}}"
0.5203260330091365,scen_G23_T22,h < 100 AND vibration >= 63 AND p1 > 10 AND p3 > 10,h >= 100 AND p6 > 10 AND p8 > 10,cand_low_speed_flying,h < 100 AND vibration >= 50 AND wind_speed > 60,delta_dt >= 10 AND h >= 90,0.06546799989882857,"{'parameter_weights': {'parameter_1': 1.0, 'parameter_n': 1.0}, 'tversky_weights': {'alpha': 0.9, 'beta': 0.1}, 'conditional_weights': {'given': 1.0, 'when': 1.0, 'then': 1.0}}"
0.6086004340980656,scen_G23_T23,h < 100 AND vibration >= 63 AND p1 > 10 AND p3 > 10,delta_dt >= 10 AND h >= 100 AND p6 > 10 AND p8 > 10,cand_low_speed_flying,h < 100 AND vibration >= 50 AND wind_speed > 60,delta_dt >= 10 AND h >= 90,0.06925169995520264,"{'parameter_weights': {'parameter_1': 1.0, 'parameter_n': 1.0}, 'tversky_weights': {'alpha': 0.9, 'beta': 0.1}, 'conditional_weights': {'given': 1.0, 'when': 1.0, 'then': 1.0}}"
0.5758826996758032,scen_G23_T25,h < 100 AND vibration >= 63 AND p1 > 10 AND p3 > 10,delta_dt >= 10 AND p7 > 10 AND p8 > 10,cand_low_speed_flying,h < 100 AND vibration >= 50 AND wind_speed > 60,delta_dt >= 10 AND h >= 90,0.06284050003159791,"{'parameter_weights': {'parameter_1': 1.0, 'parameter_n': 1.0}, 'tversky_weights': {'alpha': 0.9, 'beta': 0.1}, 'conditional_weights': {'given': 1.0, 'when': 1.0, 'then': 1.0}}"
0.5203260330091365,scen_G23_T26,h < 100 AND vibration >= 63 AND p1 > 10 AND p3 > 10,h >= 100 AND p7 > 10 AND p8 > 10,cand_low_speed_flying,h < 100 AND vibration >= 50 AND wind_speed > 60,delta_dt >= 10 AND h >= 90,0.06492419994901866,"{'parameter_weights': {'parameter_1': 1.0, 'parameter_n': 1.0}, 'tversky_weights': {'alpha': 0.9, 'beta': 0.1}, 'conditional_weights': {'given': 1.0, 'when': 1.0, 'then': 1.0}}"
0.6086004340980656,scen_G23_T27,h < 100 AND vibration >= 63 AND p1 > 10 AND p3 > 10,delta_dt >= 10 AND h >= 100 AND p7 > 10 AND p8 > 10,cand_low_speed_flying,h < 100 AND vibration >= 50 AND wind_speed > 60,delta_dt >= 10 AND h >= 90,0.07066239998675883,"{'parameter_weights': {'parameter_1': 1.0, 'parameter_n': 1.0}, 'tversky_weights': {'alpha': 0.9, 'beta': 0.1}, 'conditional_weights': {'given': 1.0, 'when': 1.0, 'then': 1.0}}"
0.548659469185785,scen_G23_T29,h < 100 AND vibration >= 63 AND p1 > 10 AND p3 > 10,delta_dt >= 10 AND p6 > 10 AND p7 > 10 AND p8 > 10,cand_low_speed_flying,h < 100 AND vibration >= 50 AND wind_speed > 60,delta_dt >= 10 AND h >= 90,0.061647300026379526,"{'parameter_weights': {'parameter_1': 1.0, 'parameter_n': 1.0}, 'tversky_weights': {'alpha': 0.9, 'beta': 0.1}, 'conditional_weights': {'given': 1.0, 'when': 1.0, 'then': 1.0}}"
0.49310280251911837,scen_G23_T30,h < 100 AND vibration >= 63 AND p1 > 10 AND p3 > 10,h >= 100 AND p6 > 10 AND p7 > 10 AND p8 > 10,cand_low_speed_flying,h < 100 AND vibration >= 50 AND wind_speed > 60,delta_dt >= 10 AND h >= 90,0.06561279995366931,"{'parameter_weights': {'parameter_1': 1.0, 'parameter_n': 1.0}, 'tversky_weights': {'alpha': 0.9, 'beta': 0.1}, 'conditional_weights': {'given': 1.0, 'when': 1.0, 'then': 1.0}}"
0.5750058092380433,scen_G23_T31,h < 100 AND vibration >= 63 AND p1 > 10 AND p3 > 10,delta_dt >= 10 AND h >= 100 AND p6 > 10 AND p7 > 10 AND p8 > 10,cand_low_speed_flying,h < 100 AND vibration >= 50 AND wind_speed > 60,delta_dt >= 10 AND h >= 90,0.06844120007008314,"{'parameter_weights': {'parameter_1': 1.0, 'parameter_n': 1.0}, 'tversky_weights': {'alpha': 0.9, 'beta': 0.1}, 'conditional_weights': {'given': 1.0, 'when': 1.0, 'then': 1.0}}"
0.7474747474747474,scen_G25_T1,h < 100 AND p2 > 10 AND p3 > 10,delta_dt >= 10,cand_low_speed_flying,h < 100 AND vibration >= 50 AND wind_speed > 60,delta_dt >= 10 AND h >= 90,0.056396699976176023,"{'parameter_weights': {'parameter_1': 1.0, 'parameter_n': 1.0}, 'tversky_weights': {'alpha': 0.9, 'beta': 0.1}, 'conditional_weights': {'given': 1.0, 'when': 1.0, 'then': 1.0}}"
0.6919180808080808,scen_G25_T2,h < 100 AND p2 > 10 AND p3 > 10,h >= 100,cand_low_speed_flying,h < 100 AND vibration >= 50 AND wind_speed > 60,delta_dt >= 10 AND h >= 90,0.05998699995689094,"{'parameter_weights': {'parameter_1': 1.0, 'parameter_n': 1.0}, 'tversky_weights': {'alpha': 0.9, 'beta': 0.1}, 'conditional_weights': {'given': 1.0, 'when': 1.0, 'then': 1.0}}"
0.7499994444444443,scen_G25_T3,h < 100 AND p2 > 10 AND p3 > 10,delta_dt >= 10 AND h >= 100,cand_low_speed_flying,h < 100 AND vibration >= 50 AND wind_speed > 60,delta_dt >= 10 AND h >= 90,0.05779849993996322,"{'parameter_weights': {'parameter_1': 1.0, 'parameter_n': 1.0}, 'tversky_weights': {'alpha': 0.9, 'beta': 0.1}, 'conditional_weights': {'given': 1.0, 'when': 1.0, 'then': 1.0}}"
0.611111111111111,scen_G25_T5,h < 100 AND p2 > 10 AND p3 > 10,delta_dt >= 10 AND p6 > 10,cand_low_speed_flying,h < 100 AND vibration >= 50 AND wind_speed > 60,delta_dt >= 10 AND h >= 90,0.06476159999147058,"{'parameter_weights': {'parameter_1': 1.0, 'parameter_n': 1.0}, 'tversky_weights': {'alpha': 0.9, 'beta': 0.1}, 'conditional_weights': {'given': 1.0, 'when': 1.0, 'then': 1.0}}"
0.5555544444444444,scen_G25_T6,h < 100 AND p2 > 10 AND p3 > 10,h >= 100 AND p6 > 10,cand_low_speed_flying,h < 100 AND vibration >= 50 AND wind_speed > 60,delta_dt >= 10 AND h >= 90,0.059543499955907464,"{'parameter_weights': {'parameter_1': 1.0, 'parameter_n': 1.0}, 'tversky_weights': {'alpha': 0.9, 'beta': 0.1}, 'conditional_weights': {'given': 1.0, 'when': 1.0, 'then': 1.0}}"
0.6465511685823755,scen_G25_T7,h < 100 AND p2 > 10 AND p3 > 10,delta_dt >= 10 AND h >= 100 AND p6 > 10,cand_low_speed_flying,h < 100 AND vibration >= 50 AND wind_speed > 60,delta_dt >= 10 AND h >= 90,0.05878129997290671,"{'parameter_weights': {'parameter_1': 1.0, 'parameter_n': 1.0}, 'tversky_weights': {'alpha': 0.9, 'beta': 0.1}, 'conditional_weights': {'given': 1.0, 'when': 1.0, 'then': 1.0}}"
0.611111111111111,scen_G25_T9,h < 100 AND p2 > 10 AND p3 > 10,delta_dt >= 10 AND p7 > 10,cand_low_speed_flying,h < 100 AND vibration >= 50 AND wind_speed > 60,delta_dt >= 10 AND h >= 90,0.05443010001908988,"{'parameter_weights': {'parameter_1': 1.0, 'parameter_n': 1.0}, 'tversky_weights': {'alpha': 0.9, 'beta': 0.1}, 'conditional_weights': {'given': 1.0, 'when': 1.0, 'then': 1.0}}"
0.5555544444444444,scen_G25_T10,h < 100 AND p2 > 10 AND p3 > 10,h >= 100 AND p7 > 10,cand_low_speed_flying,h < 100 AND vibration >= 50 AND wind_speed > 60,delta_dt >= 10 AND h >= 90,0.057432400062680244,"{'parameter_weights': {'parameter_1': 1.0, 'parameter_n': 1.0}, 'tversky_weights': {'alpha': 0.9, 'beta': 0.1}, 'conditional_weights': {'given': 1.0, 'when': 1.0, 'then': 1.0}}"
0.6465511685823755,scen_G25_T11,h < 100 AND p2 > 10 AND p3 > 10,delta_dt >= 10 AND h >= 100 AND p7 > 10,cand_low_speed_flying,h < 100 AND vibration >= 50 AND wind_speed > 60,delta_dt >= 10 AND h >= 90,0.06012669997289777,"{'parameter_weights': {'parameter_1': 1.0, 'parameter_n': 1.0}, 'tversky_weights': {'alpha': 0.9, 'beta': 0.1}, 'conditional_weights': {'given': 1.0, 'when': 1.0, 'then': 1.0}}"
0.5593869731800766,scen_G25_T13,h < 100 AND p2 > 10 AND p3 > 10,delta_dt >= 10 AND p6 > 10 AND p7 > 10,cand_low_speed_flying,h < 100 AND vibration >= 50 AND wind_speed > 60,delta_dt >= 10 AND h >= 90,0.06958909996319562,"{'parameter_weights': {'parameter_1': 1.0, 'parameter_n': 1.0}, 'tversky_weights': {'alpha': 0.9, 'beta': 0.1}, 'conditional_weights': {'given': 1.0, 'when': 1.0, 'then': 1.0}}"
0.50383030651341,scen_G25_T14,h < 100 AND p2 > 10 AND p3 > 10,h >= 100 AND p6 > 10 AND p7 > 10,cand_low_speed_flying,h < 100 AND vibration >= 50 AND wind_speed > 60,delta_dt >= 10 AND h >= 90,0.06502129998989403,"{'parameter_weights': {'parameter_1': 1.0, 'parameter_n': 1.0}, 'tversky_weights': {'alpha': 0.9, 'beta': 0.1}, 'conditional_weights': {'given': 1.0, 'when': 1.0, 'then': 1.0}}"
0.5921047076023392,scen_G25_T15,h < 100 AND p2 > 10 AND p3 > 10,delta_dt >= 10 AND h >= 100 AND p6 > 10 AND p7 > 10,cand_low_speed_flying,h < 100 AND vibration >= 50 AND wind_speed > 60,delta_dt >= 10 AND h >= 90,0.06372420000843704,"{'parameter_weights': {'parameter_1': 1.0, 'parameter_n': 1.0}, 'tversky_weights': {'alpha': 0.9, 'beta': 0.1}, 'conditional_weights': {'given': 1.0, 'when': 1.0, 'then': 1.0}}"
0.611111111111111,scen_G25_T17,h < 100 AND p2 > 10 AND p3 > 10,delta_dt >= 10 AND p8 > 10,cand_low_speed_flying,h < 100 AND vibration >= 50 AND wind_speed > 60,delta_dt >= 10 AND h >= 90,0.06094560003839433,"{'parameter_weights': {'parameter_1': 1.0, 'parameter_n': 1.0}, 'tversky_weights': {'alpha': 0.9, 'beta': 0.1}, 'conditional_weights': {'given': 1.0, 'when': 1.0, 'then': 1.0}}"
0.5555544444444444,scen_G25_T18,h < 100 AND p2 > 10 AND p3 > 10,h >= 100 AND p8 > 10,cand_low_speed_flying,h < 100 AND vibration >= 50 AND wind_speed > 60,delta_dt >= 10 AND h >= 90,0.05839510005898774,"{'parameter_weights': {'parameter_1': 1.0, 'parameter_n': 1.0}, 'tversky_weights': {'alpha': 0.9, 'beta': 0.1}, 'conditional_weights': {'given': 1.0, 'when': 1.0, 'then': 1.0}}"
0.6465511685823755,scen_G25_T19,h < 100 AND p2 > 10 AND p3 > 10,delta_dt >= 10 AND h >= 100 AND p8 > 10,cand_low_speed_flying,h < 100 AND vibration >= 50 AND wind_speed > 60,delta_dt >= 10 AND h >= 90,0.059186500031501055,"{'parameter_weights': {'parameter_1': 1.0, 'parameter_n': 1.0}, 'tversky_weights': {'alpha': 0.9, 'beta': 0.1}, 'conditional_weights': {'given': 1.0, 'when': 1.0, 'then': 1.0}}"
0.5593869731800766,scen_G25_T21,h < 100 AND p2 > 10 AND p3 > 10,delta_dt >= 10 AND p6 > 10 AND p8 > 10,cand_low_speed_flying,h < 100 AND vibration >= 50 AND wind_speed > 60,delta_dt >= 10 AND h >= 90,0.058775699930265546,"{'parameter_weights': {'parameter_1': 1.0, 'parameter_n': 1.0}, 'tversky_weights': {'alpha': 0.9, 'beta': 0.1}, 'conditional_weights': {'given': 1.0, 'when': 1.0, 'then': 1.0}}"
0.50383030651341,scen_G25_T22,h < 100 AND p2 > 10 AND p3 > 10,h >= 100 AND p6 > 10 AND p8 > 10,cand_low_speed_flying,h < 100 AND vibration >= 50 AND wind_speed > 60,delta_dt >= 10 AND h >= 90,0.06076770008075982,"{'parameter_weights': {'parameter_1': 1.0, 'parameter_n': 1.0}, 'tversky_weights': {'alpha': 0.9, 'beta': 0.1}, 'conditional_weights': {'given': 1.0, 'when': 1.0, 'then': 1.0}}"
0.5921047076023392,scen_G25_T23,h < 100 AND p2 > 10 AND p3 > 10,delta_dt >= 10 AND h >= 100 AND p6 > 10 AND p8 > 10,cand_low_speed_flying,h < 100 AND vibration >= 50 AND wind_speed > 60,delta_dt >= 10 AND h >= 90,0.061393899959512055,"{'parameter_weights': {'parameter_1': 1.0, 'parameter_n': 1.0}, 'tversky_weights': {'alpha': 0.9, 'beta': 0.1}, 'conditional_weights': {'given': 1.0, 'when': 1.0, 'then': 1.0}}"
0.5593869731800766,scen_G25_T25,h < 100 AND p2 > 10 AND p3 > 10,delta_dt >= 10 AND p7 > 10 AND p8 > 10,cand_low_speed_flying,h < 100 AND vibration >= 50 AND wind_speed > 60,delta_dt >= 10 AND h >= 90,0.056360900052823126,"{'parameter_weights': {'parameter_1': 1.0, 'parameter_n': 1.0}, 'tversky_weights': {'alpha': 0.9, 'beta': 0.1}, 'conditional_weights': {'given': 1.0, 'when': 1.0, 'then': 1.0}}"
0.50383030651341,scen_G25_T26,h < 100 AND p2 > 10 AND p3 > 10,h >= 100 AND p7 > 10 AND p8 > 10,cand_low_speed_flying,h < 100 AND vibration >= 50 AND wind_speed > 60,delta_dt >= 10 AND h >= 90,0.06066459999419749,"{'parameter_weights': {'parameter_1': 1.0, 'parameter_n': 1.0}, 'tversky_weights': {'alpha': 0.9, 'beta': 0.1}, 'conditional_weights': {'given': 1.0, 'when': 1.0, 'then': 1.0}}"
0.5921047076023392,scen_G25_T27,h < 100 AND p2 > 10 AND p3 > 10,delta_dt >= 10 AND h >= 100 AND p7 > 10 AND p8 > 10,cand_low_speed_flying,h < 100 AND vibration >= 50 AND wind_speed > 60,delta_dt >= 10 AND h >= 90,0.062056099995970726,"{'parameter_weights': {'parameter_1': 1.0, 'parameter_n': 1.0}, 'tversky_weights': {'alpha': 0.9, 'beta': 0.1}, 'conditional_weights': {'given': 1.0, 'when': 1.0, 'then': 1.0}}"
0.5321637426900584,scen_G25_T29,h < 100 AND p2 > 10 AND p3 > 10,delta_dt >= 10 AND p6 > 10 AND p7 > 10 AND p8 > 10,cand_low_speed_flying,h < 100 AND vibration >= 50 AND wind_speed > 60,delta_dt >= 10 AND h >= 90,0.06220399995800108,"{'parameter_weights': {'parameter_1': 1.0, 'parameter_n': 1.0}, 'tversky_weights': {'alpha': 0.9, 'beta': 0.1}, 'conditional_weights': {'given': 1.0, 'when': 1.0, 'then': 1.0}}"
0.47660707602339175,scen_G25_T30,h < 100 AND p2 > 10 AND p3 > 10,h >= 100 AND p6 > 10 AND p7 > 10 AND p8 > 10,cand_low_speed_flying,h < 100 AND vibration >= 50 AND wind_speed > 60,delta_dt >= 10 AND h >= 90,0.06742670002859086,"{'parameter_weights': {'parameter_1': 1.0, 'parameter_n': 1.0}, 'tversky_weights': {'alpha': 0.9, 'beta': 0.1}, 'conditional_weights': {'given': 1.0, 'when': 1.0, 'then': 1.0}}"
0.5585100827423167,scen_G25_T31,h < 100 AND p2 > 10 AND p3 > 10,delta_dt >= 10 AND h >= 100 AND p6 > 10 AND p7 > 10 AND p8 > 10,cand_low_speed_flying,h < 100 AND vibration >= 50 AND wind_speed > 60,delta_dt >= 10 AND h >= 90,0.06672140001319349,"{'parameter_weights': {'parameter_1': 1.0, 'parameter_n': 1.0}, 'tversky_weights': {'alpha': 0.9, 'beta': 0.1}, 'conditional_weights': {'given': 1.0, 'when': 1.0, 'then': 1.0}}"
0.6608080808080808,scen_G26_T1,vibration >= 63 AND p2 > 10 AND p3 > 10,delta_dt >= 10,cand_low_speed_flying,h < 100 AND vibration >= 50 AND wind_speed > 60,delta_dt >= 10 AND h >= 90,0.05304429994430393,"{'parameter_weights': {'parameter_1': 1.0, 'parameter_n': 1.0}, 'tversky_weights': {'alpha': 0.9, 'beta': 0.1}, 'conditional_weights': {'given': 1.0, 'when': 1.0, 'then': 1.0}}"
0.6052514141414141,scen_G26_T2,vibration >= 63 AND p2 > 10 AND p3 > 10,h >= 100,cand_low_speed_flying,h < 100 AND vibration >= 50 AND wind_speed > 60,delta_dt >= 10 AND h >= 90,0.058544900035485625,"{'parameter_weights': {'parameter_1': 1.0, 'parameter_n': 1.0}, 'tversky_weights': {'alpha': 0.9, 'beta': 0.1}, 'conditional_weights': {'given': 1.0, 'when': 1.0, 'then': 1.0}}"
0.6633327777777778,scen_G26_T3,vibration >= 63 AND p2 > 10 AND p3 > 10,delta_dt >= 10 AND h >= 100,cand_low_speed_flying,h < 100 AND vibration >= 50 AND wind_speed > 60,delta_dt >= 10 AND h >= 90,0.07092849991749972,"{'parameter_weights': {'parameter_1': 1.0, 'parameter_n': 1.0}, 'tversky_weights': {'alpha': 0.9, 'beta': 0.1}, 'conditional_weights': {'given': 1.0, 'when': 1.0, 'then': 1.0}}"
0.5244444444444444,scen_G26_T5,vibration >= 63 AND p2 > 10 AND p3 > 10,delta_dt >= 10 AND p6 > 10,cand_low_speed_flying,h < 100 AND vibration >= 50 AND wind_speed > 60,delta_dt >= 10 AND h >= 90,0.05592790001537651,"{'parameter_weights': {'parameter_1': 1.0, 'parameter_n': 1.0}, 'tversky_weights': {'alpha': 0.9, 'beta': 0.1}, 'conditional_weights': {'given': 1.0, 'when': 1.0, 'then': 1.0}}"
0.4688877777777778,scen_G26_T6,vibration >= 63 AND p2 > 10 AND p3 > 10,h >= 100 AND p6 > 10,cand_low_speed_flying,h < 100 AND vibration >= 50 AND wind_speed > 60,delta_dt >= 10 AND h >= 90,0.05806439998559654,"{'parameter_weights': {'parameter_1': 1.0, 'parameter_n': 1.0}, 'tversky_weights': {'alpha': 0.9, 'beta': 0.1}, 'conditional_weights': {'given': 1.0, 'when': 1.0, 'then': 1.0}}"
0.5598845019157088,scen_G26_T7,vibration >= 63 AND p2 > 10 AND p3 > 10,delta_dt >= 10 AND h >= 100 AND p6 > 10,cand_low_speed_flying,h < 100 AND vibration >= 50 AND wind_speed > 60,delta_dt >= 10 AND h >= 90,0.05802410002797842,"{'parameter_weights': {'parameter_1': 1.0, 'parameter_n': 1.0}, 'tversky_weights': {'alpha': 0.9, 'beta': 0.1}, 'conditional_weights': {'given': 1.0, 'when': 1.0, 'then': 1.0}}"
0.5244444444444444,scen_G26_T9,vibration >= 63 AND p2 > 10 AND p3 > 10,delta_dt >= 10 AND p7 > 10,cand_low_speed_flying,h < 100 AND vibration >= 50 AND wind_speed > 60,delta_dt >= 10 AND h >= 90,0.06298190006054938,"{'parameter_weights': {'parameter_1': 1.0, 'parameter_n': 1.0}, 'tversky_weights': {'alpha': 0.9, 'beta': 0.1}, 'conditional_weights': {'given': 1.0, 'when': 1.0, 'then': 1.0}}"
0.4688877777777778,scen_G26_T10,vibration >= 63 AND p2 > 10 AND p3 > 10,h >= 100 AND p7 > 10,cand_low_speed_flying,h < 100 AND vibration >= 50 AND wind_speed > 60,delta_dt >= 10 AND h >= 90,0.05502640001941472,"{'parameter_weights': {'parameter_1': 1.0, 'parameter_n': 1.0}, 'tversky_weights': {'alpha': 0.9, 'beta': 0.1}, 'conditional_weights': {'given': 1.0, 'when': 1.0, 'then': 1.0}}"
0.5598845019157088,scen_G26_T11,vibration >= 63 AND p2 > 10 AND p3 > 10,delta_dt >= 10 AND h >= 100 AND p7 > 10,cand_low_speed_flying,h < 100 AND vibration >= 50 AND wind_speed > 60,delta_dt >= 10 AND h >= 90,0.05875440000090748,"{'parameter_weights': {'parameter_1': 1.0, 'parameter_n': 1.0}, 'tversky_weights': {'alpha': 0.9, 'beta': 0.1}, 'conditional_weights': {'given': 1.0, 'when': 1.0, 'then': 1.0}}"
0.47272030651340996,scen_G26_T13,vibration >= 63 AND p2 > 10 AND p3 > 10,delta_dt >= 10 AND p6 > 10 AND p7 > 10,cand_low_speed_flying,h < 100 AND vibration >= 50 AND wind_speed > 60,delta_dt >= 10 AND h >= 90,0.059104999992996454,"{'parameter_weights': {'parameter_1': 1.0, 'parameter_n': 1.0}, 'tversky_weights': {'alpha': 0.9, 'beta': 0.1}, 'conditional_weights': {'given': 1.0, 'when': 1.0, 'then': 1.0}}"
0.41716363984674326,scen_G26_T14,vibration >= 63 AND p2 > 10 AND p3 > 10,h >= 100 AND p6 > 10 AND p7 > 10,cand_low_speed_flying,h < 100 AND vibration >= 50 AND wind_speed > 60,delta_dt >= 10 AND h >= 90,0.05632770003285259,"{'parameter_weights': {'parameter_1': 1.0, 'parameter_n': 1.0}, 'tversky_weights': {'alpha': 0.9, 'beta': 0.1}, 'conditional_weights': {'given': 1.0, 'when': 1.0, 'then': 1.0}}"
0.5054380409356725,scen_G26_T15,vibration >= 63 AND p2 > 10 AND p3 > 10,delta_dt >= 10 AND h >= 100 AND p6 > 10 AND p7 > 10,cand_low_speed_flying,h < 100 AND vibration >= 50 AND wind_speed > 60,delta_dt >= 10 AND h >= 90,0.060143699985928833,"{'parameter_weights': {'parameter_1': 1.0, 'parameter_n': 1.0}, 'tversky_weights': {'alpha': 0.9, 'beta': 0.1}, 'conditional_weights': {'given': 1.0, 'when': 1.0, 'then': 1.0}}"
0.5244444444444444,scen_G26_T17,vibration >= 63 AND p2 > 10 AND p3 > 10,delta_dt >= 10 AND p8 > 10,cand_low_speed_flying,h < 100 AND vibration >= 50 AND wind_speed > 60,delta_dt >= 10 AND h >= 90,0.0628108000382781,"{'parameter_weights': {'parameter_1': 1.0, 'parameter_n': 1.0}, 'tversky_weights': {'alpha': 0.9, 'beta': 0.1}, 'conditional_weights': {'given': 1.0, 'when': 1.0, 'then': 1.0}}"
0.4688877777777778,scen_G26_T18,vibration >= 63 AND p2 > 10 AND p3 > 10,h >= 100 AND p8 > 10,cand_low_speed_flying,h < 100 AND vibration >= 50 AND wind_speed > 60,delta_dt >= 10 AND h >= 90,0.054499000078067183,"{'parameter_weights': {'parameter_1': 1.0, 'parameter_n': 1.0}, 'tversky_weights': {'alpha': 0.9, 'beta': 0.1}, 'conditional_weights': {'given': 1.0, 'when': 1.0, 'then': 1.0}}"
0.5598845019157088,scen_G26_T19,vibration >= 63 AND p2 > 10 AND p3 > 10,delta_dt >= 10 AND h >= 100 AND p8 > 10,cand_low_speed_flying,h < 100 AND vibration >= 50 AND wind_speed > 60,delta_dt >= 10 AND h >= 90,0.0676190999802202,"{'parameter_weights': {'parameter_1': 1.0, 'parameter_n': 1.0}, 'tversky_weights': {'alpha': 0.9, 'beta': 0.1}, 'conditional_weights': {'given': 1.0, 'when': 1.0, 'then': 1.0}}"
0.47272030651340996,scen_G26_T21,vibration >= 63 AND p2 > 10 AND p3 > 10,delta_dt >= 10 AND p6 > 10 AND p8 > 10,cand_low_speed_flying,h < 100 AND vibration >= 50 AND wind_speed > 60,delta_dt >= 10 AND h >= 90,0.06010869995225221,"{'parameter_weights': {'parameter_1': 1.0, 'parameter_n': 1.0}, 'tversky_weights': {'alpha': 0.9, 'beta': 0.1}, 'conditional_weights': {'given': 1.0, 'when': 1.0, 'then': 1.0}}"
0.41716363984674326,scen_G26_T22,vibration >= 63 AND p2 > 10 AND p3 > 10,h >= 100 AND p6 > 10 AND p8 > 10,cand_low_speed_flying,h < 100 AND vibration >= 50 AND wind_speed > 60,delta_dt >= 10 AND h >= 90,0.059889899916015565,"{'parameter_weights': {'parameter_1': 1.0, 'parameter_n': 1.0}, 'tversky_weights': {'alpha': 0.9, 'beta': 0.1}, 'conditional_weights': {'given': 1.0, 'when': 1.0, 'then': 1.0}}"
0.5054380409356725,scen_G26_T23,vibration >= 63 AND p2 > 10 AND p3 > 10,delta_dt >= 10 AND h >= 100 AND p6 > 10 AND p8 > 10,cand_low_speed_flying,h < 100 AND vibration >= 50 AND wind_speed > 60,delta_dt >= 10 AND h >= 90,0.0651742999907583,"{'parameter_weights': {'parameter_1': 1.0, 'parameter_n': 1.0}, 'tversky_weights': {'alpha': 0.9, 'beta': 0.1}, 'conditional_weights': {'given': 1.0, 'when': 1.0, 'then': 1.0}}"
0.47272030651340996,scen_G26_T25,vibration >= 63 AND p2 > 10 AND p3 > 10,delta_dt >= 10 AND p7 > 10 AND p8 > 10,cand_low_speed_flying,h < 100 AND vibration >= 50 AND wind_speed > 60,delta_dt >= 10 AND h >= 90,0.06032420007977635,"{'parameter_weights': {'parameter_1': 1.0, 'parameter_n': 1.0}, 'tversky_weights': {'alpha': 0.9, 'beta': 0.1}, 'conditional_weights': {'given': 1.0, 'when': 1.0, 'then': 1.0}}"
0.41716363984674326,scen_G26_T26,vibration >= 63 AND p2 > 10 AND p3 > 10,h >= 100 AND p7 > 10 AND p8 > 10,cand_low_speed_flying,h < 100 AND vibration >= 50 AND wind_speed > 60,delta_dt >= 10 AND h >= 90,0.05968770000617951,"{'parameter_weights': {'parameter_1': 1.0, 'parameter_n': 1.0}, 'tversky_weights': {'alpha': 0.9, 'beta': 0.1}, 'conditional_weights': {'given': 1.0, 'when': 1.0, 'then': 1.0}}"
0.5054380409356725,scen_G26_T27,vibration >= 63 AND p2 > 10 AND p3 > 10,delta_dt >= 10 AND h >= 100 AND p7 > 10 AND p8 > 10,cand_low_speed_flying,h < 100 AND vibration >= 50 AND wind_speed > 60,delta_dt >= 10 AND h >= 90,0.06264789996203035,"{'parameter_weights': {'parameter_1': 1.0, 'parameter_n': 1.0}, 'tversky_weights': {'alpha': 0.9, 'beta': 0.1}, 'conditional_weights': {'given': 1.0, 'when': 1.0, 'then': 1.0}}"
0.4454970760233918,scen_G26_T29,vibration >= 63 AND p2 > 10 AND p3 > 10,delta_dt >= 10 AND p6 > 10 AND p7 > 10 AND p8 > 10,cand_low_speed_flying,h < 100 AND vibration >= 50 AND wind_speed > 60,delta_dt >= 10 AND h >= 90,0.06396039994433522,"{'parameter_weights': {'parameter_1': 1.0, 'parameter_n': 1.0}, 'tversky_weights': {'alpha': 0.9, 'beta': 0.1}, 'conditional_weights': {'given': 1.0, 'when': 1.0, 'then': 1.0}}"
0.38994040935672514,scen_G26_T30,vibration >= 63 AND p2 > 10 AND p3 > 10,h >= 100 AND p6 > 10 AND p7 > 10 AND p8 > 10,cand_low_speed_flying,h < 100 AND vibration >= 50 AND wind_speed > 60,delta_dt >= 10 AND h >= 90,0.06445119995623827,"{'parameter_weights': {'parameter_1': 1.0, 'parameter_n': 1.0}, 'tversky_weights': {'alpha': 0.9, 'beta': 0.1}, 'conditional_weights': {'given': 1.0, 'when': 1.0, 'then': 1.0}}"
0.4718434160756501,scen_G26_T31,vibration >= 63 AND p2 > 10 AND p3 > 10,delta_dt >= 10 AND h >= 100 AND p6 > 10 AND p7 > 10 AND p8 > 10,cand_low_speed_flying,h < 100 AND vibration >= 50 AND wind_speed > 60,delta_dt >= 10 AND h >= 90,0.07789259997662157,"{'parameter_weights': {'parameter_1': 1.0, 'parameter_n': 1.0}, 'tversky_weights': {'alpha': 0.9, 'beta': 0.1}, 'conditional_weights': {'given': 1.0, 'when': 1.0, 'then': 1.0}}"
0.763970473970474,scen_G27_T1,h < 100 AND vibration >= 63 AND p2 > 10 AND p3 > 10,delta_dt >= 10,cand_low_speed_flying,h < 100 AND vibration >= 50 AND wind_speed > 60,delta_dt >= 10 AND h >= 90,0.05734519998077303,"{'parameter_weights': {'parameter_1': 1.0, 'parameter_n': 1.0}, 'tversky_weights': {'alpha': 0.9, 'beta': 0.1}, 'conditional_weights': {'given': 1.0, 'when': 1.0, 'then': 1.0}}"
0.7084138073038074,scen_G27_T2,h < 100 AND vibration >= 63 AND p2 > 10 AND p3 > 10,h >= 100,cand_low_speed_flying,h < 100 AND vibration >= 50 AND wind_speed > 60,delta_dt >= 10 AND h >= 90,0.052842100034467876,"{'parameter_weights': {'parameter_1': 1.0, 'parameter_n': 1.0}, 'tversky_weights': {'alpha': 0.9, 'beta': 0.1}, 'conditional_weights': {'given': 1.0, 'when': 1.0, 'then': 1.0}}"
0.766495170940171,scen_G27_T3,h < 100 AND vibration >= 63 AND p2 > 10 AND p3 > 10,delta_dt >= 10 AND h >= 100,cand_low_speed_flying,h < 100 AND vibration >= 50 AND wind_speed > 60,delta_dt >= 10 AND h >= 90,0.06435959995724261,"{'parameter_weights': {'parameter_1': 1.0, 'parameter_n': 1.0}, 'tversky_weights': {'alpha': 0.9, 'beta': 0.1}, 'conditional_weights': {'given': 1.0, 'when': 1.0, 'then': 1.0}}"
0.6276068376068377,scen_G27_T5,h < 100 AND vibration >= 63 AND p2 > 10 AND p3 > 10,delta_dt >= 10 AND p6 > 10,cand_low_speed_flying,h < 100 AND vibration >= 50 AND wind_speed > 60,delta_dt >= 10 AND h >= 90,0.06321029993705451,"{'parameter_weights': {'parameter_1': 1.0, 'parameter_n': 1.0}, 'tversky_weights': {'alpha': 0.9, 'beta': 0.1}, 'conditional_weights': {'given': 1.0, 'when': 1.0, 'then': 1.0}}"
0.572050170940171,scen_G27_T6,h < 100 AND vibration >= 63 AND p2 > 10 AND p3 > 10,h >= 100 AND p6 > 10,cand_low_speed_flying,h < 100 AND vibration >= 50 AND wind_speed > 60,delta_dt >= 10 AND h >= 90,0.06406140001490712,"{'parameter_weights': {'parameter_1': 1.0, 'parameter_n': 1.0}, 'tversky_weights': {'alpha': 0.9, 'beta': 0.1}, 'conditional_weights': {'given': 1.0, 'when': 1.0, 'then': 1.0}}"
0.663046895078102,scen_G27_T7,h < 100 AND vibration >= 63 AND p2 > 10 AND p3 > 10,delta_dt >= 10 AND h >= 100 AND p6 > 10,cand_low_speed_flying,h < 100 AND vibration >= 50 AND wind_speed > 60,delta_dt >= 10 AND h >= 90,0.06682320008985698,"{'parameter_weights': {'parameter_1': 1.0, 'parameter_n': 1.0}, 'tversky_weights': {'alpha': 0.9, 'beta': 0.1}, 'conditional_weights': {'given': 1.0, 'when': 1.0, 'then': 1.0}}"
0.6276068376068377,scen_G27_T9,h < 100 AND vibration >= 63 AND p2 > 10 AND p3 > 10,delta_dt >= 10 AND p7 > 10,cand_low_speed_flying,h < 100 AND vibration >= 50 AND wind_speed > 60,delta_dt >= 10 AND h >= 90,0.057075000018812716,"{'parameter_weights': {'parameter_1': 1.0, 'parameter_n': 1.0}, 'tversky_weights': {'alpha': 0.9, 'beta': 0.1}, 'conditional_weights': {'given': 1.0, 'when': 1.0, 'then': 1.0}}"
0.572050170940171,scen_G27_T10,h < 100 AND vibration >= 63 AND p2 > 10 AND p3 > 10,h >= 100 AND p7 > 10,cand_low_speed_flying,h < 100 AND vibration >= 50 AND wind_speed > 60,delta_dt >= 10 AND h >= 90,0.0649952000239864,"{'parameter_weights': {'parameter_1': 1.0, 'parameter_n': 1.0}, 'tversky_weights': {'alpha': 0.9, 'beta': 0.1}, 'conditional_weights': {'given': 1.0, 'when': 1.0, 'then': 1.0}}"
0.663046895078102,scen_G27_T11,h < 100 AND vibration >= 63 AND p2 > 10 AND p3 > 10,delta_dt >= 10 AND h >= 100 AND p7 > 10,cand_low_speed_flying,h < 100 AND vibration >= 50 AND wind_speed > 60,delta_dt >= 10 AND h >= 90,0.06235279992688447,"{'parameter_weights': {'parameter_1': 1.0, 'parameter_n': 1.0}, 'tversky_weights': {'alpha': 0.9, 'beta': 0.1}, 'conditional_weights': {'given': 1.0, 'when': 1.0, 'then': 1.0}}"
0.5758826996758032,scen_G27_T13,h < 100 AND vibration >= 63 AND p2 > 10 AND p3 > 10,delta_dt >= 10 AND p6 > 10 AND p7 > 10,cand_low_speed_flying,h < 100 AND vibration >= 50 AND wind_speed > 60,delta_dt >= 10 AND h >= 90,0.06029409996699542,"{'parameter_weights': {'parameter_1': 1.0, 'parameter_n': 1.0}, 'tversky_weights': {'alpha': 0.9, 'beta': 0.1}, 'conditional_weights': {'given': 1.0, 'when': 1.0, 'then': 1.0}}"
0.5203260330091365,scen_G27_T14,h < 100 AND vibration >= 63 AND p2 > 10 AND p3 > 10,h >= 100 AND p6 > 10 AND p7 > 10,cand_low_speed_flying,h < 100 AND vibration >= 50 AND wind_speed > 60,delta_dt >= 10 AND h >= 90,0.06309920002240688,"{'parameter_weights': {'parameter_1': 1.0, 'parameter_n': 1.0}, 'tversky_weights': {'alpha': 0.9, 'beta': 0.1}, 'conditional_weights': {'given': 1.0, 'when': 1.0, 'then': 1.0}}"
0.6086004340980656,scen_G27_T15,h < 100 AND vibration >= 63 AND p2 > 10 AND p3 > 10,delta_dt >= 10 AND h >= 100 AND p6 > 10 AND p7 > 10,cand_low_speed_flying,h < 100 AND vibration >= 50 AND wind_speed > 60,delta_dt >= 10 AND h >= 90,0.08158400002866983,"{'parameter_weights': {'parameter_1': 1.0, 'parameter_n': 1.0}, 'tversky_weights': {'alpha': 0.9, 'beta': 0.1}, 'conditional_weights': {'given': 1.0, 'when': 1.0, 'then': 1.0}}"
0.6276068376068377,scen_G27_T17,h < 100 AND vibration >= 63 AND p2 > 10 AND p3 > 10,delta_dt >= 10 AND p8 > 10,cand_low_speed_flying,h < 100 AND vibration >= 50 AND wind_speed > 60,delta_dt >= 10 AND h >= 90,0.08062560006510466,"{'parameter_weights': {'parameter_1': 1.0, 'parameter_n': 1.0}, 'tversky_weights': {'alpha': 0.9, 'beta': 0.1}, 'conditional_weights': {'given': 1.0, 'when': 1.0, 'then': 1.0}}"
0.572050170940171,scen_G27_T18,h < 100 AND vibration >= 63 AND p2 > 10 AND p3 > 10,h >= 100 AND p8 > 10,cand_low_speed_flying,h < 100 AND vibration >= 50 AND wind_speed > 60,delta_dt >= 10 AND h >= 90,0.0697827999247238,"{'parameter_weights': {'parameter_1': 1.0, 'parameter_n': 1.0}, 'tversky_weights': {'alpha': 0.9, 'beta': 0.1}, 'conditional_weights': {'given': 1.0, 'when': 1.0, 'then': 1.0}}"
0.663046895078102,scen_G27_T19,h < 100 AND vibration >= 63 AND p2 > 10 AND p3 > 10,delta_dt >= 10 AND h >= 100 AND p8 > 10,cand_low_speed_flying,h < 100 AND vibration >= 50 AND wind_speed > 60,delta_dt >= 10 AND h >= 90,0.08704189991112798,"{'parameter_weights': {'parameter_1': 1.0, 'parameter_n': 1.0}, 'tversky_weights': {'alpha': 0.9, 'beta': 0.1}, 'conditional_weights': {'given': 1.0, 'when': 1.0, 'then': 1.0}}"
0.5758826996758032,scen_G27_T21,h < 100 AND vibration >= 63 AND p2 > 10 AND p3 > 10,delta_dt >= 10 AND p6 > 10 AND p8 > 10,cand_low_speed_flying,h < 100 AND vibration >= 50 AND wind_speed > 60,delta_dt >= 10 AND h >= 90,0.09337600006256253,"{'parameter_weights': {'parameter_1': 1.0, 'parameter_n': 1.0}, 'tversky_weights': {'alpha': 0.9, 'beta': 0.1}, 'conditional_weights': {'given': 1.0, 'when': 1.0, 'then': 1.0}}"
0.5203260330091365,scen_G27_T22,h < 100 AND vibration >= 63 AND p2 > 10 AND p3 > 10,h >= 100 AND p6 > 10 AND p8 > 10,cand_low_speed_flying,h < 100 AND vibration >= 50 AND wind_speed > 60,delta_dt >= 10 AND h >= 90,0.0842139000305906,"{'parameter_weights': {'parameter_1': 1.0, 'parameter_n': 1.0}, 'tversky_weights': {'alpha': 0.9, 'beta': 0.1}, 'conditional_weights': {'given': 1.0, 'when': 1.0, 'then': 1.0}}"
0.6086004340980656,scen_G27_T23,h < 100 AND vibration >= 63 AND p2 > 10 AND p3 > 10,delta_dt >= 10 AND h >= 100 AND p6 > 10 AND p8 > 10,cand_low_speed_flying,h < 100 AND vibration >= 50 AND wind_speed > 60,delta_dt >= 10 AND h >= 90,0.08431950001977384,"{'parameter_weights': {'parameter_1': 1.0, 'parameter_n': 1.0}, 'tversky_weights': {'alpha': 0.9, 'beta': 0.1}, 'conditional_weights': {'given': 1.0, 'when': 1.0, 'then': 1.0}}"
0.5758826996758032,scen_G27_T25,h < 100 AND vibration >= 63 AND p2 > 10 AND p3 > 10,delta_dt >= 10 AND p7 > 10 AND p8 > 10,cand_low_speed_flying,h < 100 AND vibration >= 50 AND wind_speed > 60,delta_dt >= 10 AND h >= 90,0.09236160002183169,"{'parameter_weights': {'parameter_1': 1.0, 'parameter_n': 1.0}, 'tversky_weights': {'alpha': 0.9, 'beta': 0.1}, 'conditional_weights': {'given': 1.0, 'when': 1.0, 'then': 1.0}}"
0.5203260330091365,scen_G27_T26,h < 100 AND vibration >= 63 AND p2 > 10 AND p3 > 10,h >= 100 AND p7 > 10 AND p8 > 10,cand_low_speed_flying,h < 100 AND vibration >= 50 AND wind_speed > 60,delta_dt >= 10 AND h >= 90,0.062210300005972385,"{'parameter_weights': {'parameter_1': 1.0, 'parameter_n': 1.0}, 'tversky_weights': {'alpha': 0.9, 'beta': 0.1}, 'conditional_weights': {'given': 1.0, 'when': 1.0, 'then': 1.0}}"
0.6086004340980656,scen_G27_T27,h < 100 AND vibration >= 63 AND p2 > 10 AND p3 > 10,delta_dt >= 10 AND h >= 100 AND p7 > 10 AND p8 > 10,cand_low_speed_flying,h < 100 AND vibration >= 50 AND wind_speed > 60,delta_dt >= 10 AND h >= 90,0.06890149996615946,"{'parameter_weights': {'parameter_1': 1.0, 'parameter_n': 1.0}, 'tversky_weights': {'alpha': 0.9, 'beta': 0.1}, 'conditional_weights': {'given': 1.0, 'when': 1.0, 'then': 1.0}}"
0.548659469185785,scen_G27_T29,h < 100 AND vibration >= 63 AND p2 > 10 AND p3 > 10,delta_dt >= 10 AND p6 > 10 AND p7 > 10 AND p8 > 10,cand_low_speed_flying,h < 100 AND vibration >= 50 AND wind_speed > 60,delta_dt >= 10 AND h >= 90,0.09563819994218647,"{'parameter_weights': {'parameter_1': 1.0, 'parameter_n': 1.0}, 'tversky_weights': {'alpha': 0.9, 'beta': 0.1}, 'conditional_weights': {'given': 1.0, 'when': 1.0, 'then': 1.0}}"
0.49310280251911837,scen_G27_T30,h < 100 AND vibration >= 63 AND p2 > 10 AND p3 > 10,h >= 100 AND p6 > 10 AND p7 > 10 AND p8 > 10,cand_low_speed_flying,h < 100 AND vibration >= 50 AND wind_speed > 60,delta_dt >= 10 AND h >= 90,0.06536650005728006,"{'parameter_weights': {'parameter_1': 1.0, 'parameter_n': 1.0}, 'tversky_weights': {'alpha': 0.9, 'beta': 0.1}, 'conditional_weights': {'given': 1.0, 'when': 1.0, 'then': 1.0}}"
0.5750058092380433,scen_G27_T31,h < 100 AND vibration >= 63 AND p2 > 10 AND p3 > 10,delta_dt >= 10 AND h >= 100 AND p6 > 10 AND p7 > 10 AND p8 > 10,cand_low_speed_flying,h < 100 AND vibration >= 50 AND wind_speed > 60,delta_dt >= 10 AND h >= 90,0.0723716999636963,"{'parameter_weights': {'parameter_1': 1.0, 'parameter_n': 1.0}, 'tversky_weights': {'alpha': 0.9, 'beta': 0.1}, 'conditional_weights': {'given': 1.0, 'when': 1.0, 'then': 1.0}}"
0.7218337218337219,scen_G29_T1,h < 100 AND p1 > 10 AND p2 > 10 AND p3 > 10,delta_dt >= 10,cand_low_speed_flying,h < 100 AND vibration >= 50 AND wind_speed > 60,delta_dt >= 10 AND h >= 90,0.053135800058953464,"{'parameter_weights': {'parameter_1': 1.0, 'parameter_n': 1.0}, 'tversky_weights': {'alpha': 0.9, 'beta': 0.1}, 'conditional_weights': {'given': 1.0, 'when': 1.0, 'then': 1.0}}"
0.6662770551670552,scen_G29_T2,h < 100 AND p1 > 10 AND p2 > 10 AND p3 > 10,h >= 100,cand_low_speed_flying,h < 100 AND vibration >= 50 AND wind_speed > 60,delta_dt >= 10 AND h >= 90,0.05235819995868951,"{'parameter_weights': {'parameter_1': 1.0, 'parameter_n': 1.0}, 'tversky_weights': {'alpha': 0.9, 'beta': 0.1}, 'conditional_weights': {'given': 1.0, 'when': 1.0, 'then': 1.0}}"
0.7243584188034188,scen_G29_T3,h < 100 AND p1 > 10 AND p2 > 10 AND p3 > 10,delta_dt >= 10 AND h >= 100,cand_low_speed_flying,h < 100 AND vibration >= 50 AND wind_speed > 60,delta_dt >= 10 AND h >= 90,0.06952669995371252,"{'parameter_weights': {'parameter_1': 1.0, 'parameter_n': 1.0}, 'tversky_weights': {'alpha': 0.9, 'beta': 0.1}, 'conditional_weights': {'given': 1.0, 'when': 1.0, 'then': 1.0}}"
0.5854700854700855,scen_G29_T5,h < 100 AND p1 > 10 AND p2 > 10 AND p3 > 10,delta_dt >= 10 AND p6 > 10,cand_low_speed_flying,h < 100 AND vibration >= 50 AND wind_speed > 60,delta_dt >= 10 AND h >= 90,0.10109449992887676,"{'parameter_weights': {'parameter_1': 1.0, 'parameter_n': 1.0}, 'tversky_weights': {'alpha': 0.9, 'beta': 0.1}, 'conditional_weights': {'given': 1.0, 'when': 1.0, 'then': 1.0}}"
0.5299134188034188,scen_G29_T6,h < 100 AND p1 > 10 AND p2 > 10 AND p3 > 10,h >= 100 AND p6 > 10,cand_low_speed_flying,h < 100 AND vibration >= 50 AND wind_speed > 60,delta_dt >= 10 AND h >= 90,0.06431349995546043,"{'parameter_weights': {'parameter_1': 1.0, 'parameter_n': 1.0}, 'tversky_weights': {'alpha': 0.9, 'beta': 0.1}, 'conditional_weights': {'given': 1.0, 'when': 1.0, 'then': 1.0}}"
0.6209101429413498,scen_G29_T7,h < 100 AND p1 > 10 AND p2 > 10 AND p3 > 10,delta_dt >= 10 AND h >= 100 AND p6 > 10,cand_low_speed_flying,h < 100 AND vibration >= 50 AND wind_speed > 60,delta_dt >= 10 AND h >= 90,0.09367360000032932,"{'parameter_weights': {'parameter_1': 1.0, 'parameter_n': 1.0}, 'tversky_weights': {'alpha': 0.9, 'beta': 0.1}, 'conditional_weights': {'given': 1.0, 'when': 1.0, 'then': 1.0}}"
0.5854700854700855,scen_G29_T9,h < 100 AND p1 > 10 AND p2 > 10 AND p3 > 10,delta_dt >= 10 AND p7 > 10,cand_low_speed_flying,h < 100 AND vibration >= 50 AND wind_speed > 60,delta_dt >= 10 AND h >= 90,0.06369920005090535,"{'parameter_weights': {'parameter_1': 1.0, 'parameter_n': 1.0}, 'tversky_weights': {'alpha': 0.9, 'beta': 0.1}, 'conditional_weights': {'given': 1.0, 'when': 1.0, 'then': 1.0}}"
0.5299134188034188,scen_G29_T10,h < 100 AND p1 > 10 AND p2 > 10 AND p3 > 10,h >= 100 AND p7 > 10,cand_low_speed_flying,h < 100 AND vibration >= 50 AND wind_speed > 60,delta_dt >= 10 AND h >= 90,0.056680699926801026,"{'parameter_weights': {'parameter_1': 1.0, 'parameter_n': 1.0}, 'tversky_weights': {'alpha': 0.9, 'beta': 0.1}, 'conditional_weights': {'given': 1.0, 'when': 1.0, 'then': 1.0}}"
0.6209101429413498,scen_G29_T11,h < 100 AND p1 > 10 AND p2 > 10 AND p3 > 10,delta_dt >= 10 AND h >= 100 AND p7 > 10,cand_low_speed_flying,h < 100 AND vibration >= 50 AND wind_speed > 60,delta_dt >= 10 AND h >= 90,0.11700789991300553,"{'parameter_weights': {'parameter_1': 1.0, 'parameter_n': 1.0}, 'tversky_weights': {'alpha': 0.9, 'beta': 0.1}, 'conditional_weights': {'given': 1.0, 'when': 1.0, 'then': 1.0}}"
0.533745947539051,scen_G29_T13,h < 100 AND p1 > 10 AND p2 > 10 AND p3 > 10,delta_dt >= 10 AND p6 > 10 AND p7 > 10,cand_low_speed_flying,h < 100 AND vibration >= 50 AND wind_speed > 60,delta_dt >= 10 AND h >= 90,0.098603600054048,"{'parameter_weights': {'parameter_1': 1.0, 'parameter_n': 1.0}, 'tversky_weights': {'alpha': 0.9, 'beta': 0.1}, 'conditional_weights': {'given': 1.0, 'when': 1.0, 'then': 1.0}}"
0.47818928087238427,scen_G29_T14,h < 100 AND p1 > 10 AND p2 > 10 AND p3 > 10,h >= 100 AND p6 > 10 AND p7 > 10,cand_low_speed_flying,h < 100 AND vibration >= 50 AND wind_speed > 60,delta_dt >= 10 AND h >= 90,0.05588050000369549,"{'parameter_weights': {'parameter_1': 1.0, 'parameter_n': 1.0}, 'tversky_weights': {'alpha': 0.9, 'beta': 0.1}, 'conditional_weights': {'given': 1.0, 'when': 1.0, 'then': 1.0}}"
0.5664636819613135,scen_G29_T15,h < 100 AND p1 > 10 AND p2 > 10 AND p3 > 10,delta_dt >= 10 AND h >= 100 AND p6 > 10 AND p7 > 10,cand_low_speed_flying,h < 100 AND vibration >= 50 AND wind_speed > 60,delta_dt >= 10 AND h >= 90,0.06449819996487349,"{'parameter_weights': {'parameter_1': 1.0, 'parameter_n': 1.0}, 'tversky_weights': {'alpha': 0.9, 'beta': 0.1}, 'conditional_weights': {'given': 1.0, 'when': 1.0, 'then': 1.0}}"
0.5854700854700855,scen_G29_T17,h < 100 AND p1 > 10 AND p2 > 10 AND p3 > 10,delta_dt >= 10 AND p8 > 10,cand_low_speed_flying,h < 100 AND vibration >= 50 AND wind_speed > 60,delta_dt >= 10 AND h >= 90,0.08789580001030117,"{'parameter_weights': {'parameter_1': 1.0, 'parameter_n': 1.0}, 'tversky_weights': {'alpha': 0.9, 'beta': 0.1}, 'conditional_weights': {'given': 1.0, 'when': 1.0, 'then': 1.0}}"
0.5299134188034188,scen_G29_T18,h < 100 AND p1 > 10 AND p2 > 10 AND p3 > 10,h >= 100 AND p8 > 10,cand_low_speed_flying,h < 100 AND vibration >= 50 AND wind_speed > 60,delta_dt >= 10 AND h >= 90,0.06893950002267957,"{'parameter_weights': {'parameter_1': 1.0, 'parameter_n': 1.0}, 'tversky_weights': {'alpha': 0.9, 'beta': 0.1}, 'conditional_weights': {'given': 1.0, 'when': 1.0, 'then': 1.0}}"
0.6209101429413498,scen_G29_T19,h < 100 AND p1 > 10 AND p2 > 10 AND p3 > 10,delta_dt >= 10 AND h >= 100 AND p8 > 10,cand_low_speed_flying,h < 100 AND vibration >= 50 AND wind_speed > 60,delta_dt >= 10 AND h >= 90,0.07616209995467216,"{'parameter_weights': {'parameter_1': 1.0, 'parameter_n': 1.0}, 'tversky_weights': {'alpha': 0.9, 'beta': 0.1}, 'conditional_weights': {'given': 1.0, 'when': 1.0, 'then': 1.0}}"
0.533745947539051,scen_G29_T21,h < 100 AND p1 > 10 AND p2 > 10 AND p3 > 10,delta_dt >= 10 AND p6 > 10 AND p8 > 10,cand_low_speed_flying,h < 100 AND vibration >= 50 AND wind_speed > 60,delta_dt >= 10 AND h >= 90,0.1121629000408575,"{'parameter_weights': {'parameter_1': 1.0, 'parameter_n': 1.0}, 'tversky_weights': {'alpha': 0.9, 'beta': 0.1}, 'conditional_weights': {'given': 1.0, 'when': 1.0, 'then': 1.0}}"
0.47818928087238427,scen_G29_T22,h < 100 AND p1 > 10 AND p2 > 10 AND p3 > 10,h >= 100 AND p6 > 10 AND p8 > 10,cand_low_speed_flying,h < 100 AND vibration >= 50 AND wind_speed > 60,delta_dt >= 10 AND h >= 90,0.11753379995934665,"{'parameter_weights': {'parameter_1': 1.0, 'parameter_n': 1.0}, 'tversky_weights': {'alpha': 0.9, 'beta': 0.1}, 'conditional_weights': {'given': 1.0, 'when': 1.0, 'then': 1.0}}"
0.5664636819613135,scen_G29_T23,h < 100 AND p1 > 10 AND p2 > 10 AND p3 > 10,delta_dt >= 10 AND h >= 100 AND p6 > 10 AND p8 > 10,cand_low_speed_flying,h < 100 AND vibration >= 50 AND wind_speed > 60,delta_dt >= 10 AND h >= 90,0.06867659999988973,"{'parameter_weights': {'parameter_1': 1.0, 'parameter_n': 1.0}, 'tversky_weights': {'alpha': 0.9, 'beta': 0.1}, 'conditional_weights': {'given': 1.0, 'when': 1.0, 'then': 1.0}}"
0.533745947539051,scen_G29_T25,h < 100 AND p1 > 10 AND p2 > 10 AND p3 > 10,delta_dt >= 10 AND p7 > 10 AND p8 > 10,cand_low_speed_flying,h < 100 AND vibration >= 50 AND wind_speed > 60,delta_dt >= 10 AND h >= 90,0.06945349997840822,"{'parameter_weights': {'parameter_1': 1.0, 'parameter_n': 1.0}, 'tversky_weights': {'alpha': 0.9, 'beta': 0.1}, 'conditional_weights': {'given': 1.0, 'when': 1.0, 'then': 1.0}}"
0.47818928087238427,scen_G29_T26,h < 100 AND p1 > 10 AND p2 > 10 AND p3 > 10,h >= 100 AND p7 > 10 AND p8 > 10,cand_low_speed_flying,h < 100 AND vibration >= 50 AND wind_speed > 60,delta_dt >= 10 AND h >= 90,0.06904360000044107,"{'parameter_weights': {'parameter_1': 1.0, 'parameter_n': 1.0}, 'tversky_weights': {'alpha': 0.9, 'beta': 0.1}, 'conditional_weights': {'given': 1.0, 'when': 1.0, 'then': 1.0}}"
0.5664636819613135,scen_G29_T27,h < 100 AND p1 > 10 AND p2 > 10 AND p3 > 10,delta_dt >= 10 AND h >= 100 AND p7 > 10 AND p8 > 10,cand_low_speed_flying,h < 100 AND vibration >= 50 AND wind_speed > 60,delta_dt >= 10 AND h >= 90,0.06738630007021129,"{'parameter_weights': {'parameter_1': 1.0, 'parameter_n': 1.0}, 'tversky_weights': {'alpha': 0.9, 'beta': 0.1}, 'conditional_weights': {'given': 1.0, 'when': 1.0, 'then': 1.0}}"
0.5065227170490328,scen_G29_T29,h < 100 AND p1 > 10 AND p2 > 10 AND p3 > 10,delta_dt >= 10 AND p6 > 10 AND p7 > 10 AND p8 > 10,cand_low_speed_flying,h < 100 AND vibration >= 50 AND wind_speed > 60,delta_dt >= 10 AND h >= 90,0.07871499995235354,"{'parameter_weights': {'parameter_1': 1.0, 'parameter_n': 1.0}, 'tversky_weights': {'alpha': 0.9, 'beta': 0.1}, 'conditional_weights': {'given': 1.0, 'when': 1.0, 'then': 1.0}}"
0.4509660503823662,scen_G29_T30,h < 100 AND p1 > 10 AND p2 > 10 AND p3 > 10,h >= 100 AND p6 > 10 AND p7 > 10 AND p8 > 10,cand_low_speed_flying,h < 100 AND vibration >= 50 AND wind_speed > 60,delta_dt >= 10 AND h >= 90,0.07798040006309748,"{'parameter_weights': {'parameter_1': 1.0, 'parameter_n': 1.0}, 'tversky_weights': {'alpha': 0.9, 'beta': 0.1}, 'conditional_weights': {'given': 1.0, 'when': 1.0, 'then': 1.0}}"
0.5328690571012912,scen_G29_T31,h < 100 AND p1 > 10 AND p2 > 10 AND p3 > 10,delta_dt >= 10 AND h >= 100 AND p6 > 10 AND p7 > 10 AND p8 > 10,cand_low_speed_flying,h < 100 AND vibration >= 50 AND wind_speed > 60,delta_dt >= 10 AND h >= 90,0.0923327999189496,"{'parameter_weights': {'parameter_1': 1.0, 'parameter_n': 1.0}, 'tversky_weights': {'alpha': 0.9, 'beta': 0.1}, 'conditional_weights': {'given': 1.0, 'when': 1.0, 'then': 1.0}}"
0.6363636363636364,scen_G30_T1,vibration >= 63 AND p1 > 10 AND p2 > 10 AND p3 > 10,delta_dt >= 10,cand_low_speed_flying,h < 100 AND vibration >= 50 AND wind_speed > 60,delta_dt >= 10 AND h >= 90,0.05907009996008128,"{'parameter_weights': {'parameter_1': 1.0, 'parameter_n': 1.0}, 'tversky_weights': {'alpha': 0.9, 'beta': 0.1}, 'conditional_weights': {'given': 1.0, 'when': 1.0, 'then': 1.0}}"
0.5808069696969697,scen_G30_T2,vibration >= 63 AND p1 > 10 AND p2 > 10 AND p3 > 10,h >= 100,cand_low_speed_flying,h < 100 AND vibration >= 50 AND wind_speed > 60,delta_dt >= 10 AND h >= 90,0.1052539999363944,"{'parameter_weights': {'parameter_1': 1.0, 'parameter_n': 1.0}, 'tversky_weights': {'alpha': 0.9, 'beta': 0.1}, 'conditional_weights': {'given': 1.0, 'when': 1.0, 'then': 1.0}}"
0.6388883333333334,scen_G30_T3,vibration >= 63 AND p1 > 10 AND p2 > 10 AND p3 > 10,delta_dt >= 10 AND h >= 100,cand_low_speed_flying,h < 100 AND vibration >= 50 AND wind_speed > 60,delta_dt >= 10 AND h >= 90,0.06530999997630715,"{'parameter_weights': {'parameter_1': 1.0, 'parameter_n': 1.0}, 'tversky_weights': {'alpha': 0.9, 'beta': 0.1}, 'conditional_weights': {'given': 1.0, 'when': 1.0, 'then': 1.0}}"
0.5,scen_G30_T5,vibration >= 63 AND p1 > 10 AND p2 > 10 AND p3 > 10,delta_dt >= 10 AND p6 > 10,cand_low_speed_flying,h < 100 AND vibration >= 50 AND wind_speed > 60,delta_dt >= 10 AND h >= 90,0.09306569991167635,"{'parameter_weights': {'parameter_1': 1.0, 'parameter_n': 1.0}, 'tversky_weights': {'alpha': 0.9, 'beta': 0.1}, 'conditional_weights': {'given': 1.0, 'when': 1.0, 'then': 1.0}}"
0.44444333333333336,scen_G30_T6,vibration >= 63 AND p1 > 10 AND p2 > 10 AND p3 > 10,h >= 100 AND p6 > 10,cand_low_speed_flying,h < 100 AND vibration >= 50 AND wind_speed > 60,delta_dt >= 10 AND h >= 90,0.07410979992710054,"{'parameter_weights': {'parameter_1': 1.0, 'parameter_n': 1.0}, 'tversky_weights': {'alpha': 0.9, 'beta': 0.1}, 'conditional_weights': {'given': 1.0, 'when': 1.0, 'then': 1.0}}"
0.5354400574712644,scen_G30_T7,vibration >= 63 AND p1 > 10 AND p2 > 10 AND p3 > 10,delta_dt >= 10 AND h >= 100 AND p6 > 10,cand_low_speed_flying,h < 100 AND vibration >= 50 AND wind_speed > 60,delta_dt >= 10 AND h >= 90,0.08481899998150766,"{'parameter_weights': {'parameter_1': 1.0, 'parameter_n': 1.0}, 'tversky_weights': {'alpha': 0.9, 'beta': 0.1}, 'conditional_weights': {'given': 1.0, 'when': 1.0, 'then': 1.0}}"
0.5,scen_G30_T9,vibration >= 63 AND p1 > 10 AND p2 > 10 AND p3 > 10,delta_dt >= 10 AND p7 > 10,cand_low_speed_flying,h < 100 AND vibration >= 50 AND wind_speed > 60,delta_dt >= 10 AND h >= 90,0.07296969997696579,"{'parameter_weights': {'parameter_1': 1.0, 'parameter_n': 1.0}, 'tversky_weights': {'alpha': 0.9, 'beta': 0.1}, 'conditional_weights': {'given': 1.0, 'when': 1.0, 'then': 1.0}}"
0.44444333333333336,scen_G30_T10,vibration >= 63 AND p1 > 10 AND p2 > 10 AND p3 > 10,h >= 100 AND p7 > 10,cand_low_speed_flying,h < 100 AND vibration >= 50 AND wind_speed > 60,delta_dt >= 10 AND h >= 90,0.08357109990902245,"{'parameter_weights': {'parameter_1': 1.0, 'parameter_n': 1.0}, 'tversky_weights': {'alpha': 0.9, 'beta': 0.1}, 'conditional_weights': {'given': 1.0, 'when': 1.0, 'then': 1.0}}"
0.5354400574712644,scen_G30_T11,vibration >= 63 AND p1 > 10 AND p2 > 10 AND p3 > 10,delta_dt >= 10 AND h >= 100 AND p7 > 10,cand_low_speed_flying,h < 100 AND vibration >= 50 AND wind_speed > 60,delta_dt >= 10 AND h >= 90,0.0799233999568969,"{'parameter_weights': {'parameter_1': 1.0, 'parameter_n': 1.0}, 'tversky_weights': {'alpha': 0.9, 'beta': 0.1}, 'conditional_weights': {'given': 1.0, 'when': 1.0, 'then': 1.0}}"
0.4482758620689655,scen_G30_T13,vibration >= 63 AND p1 > 10 AND p2 > 10 AND p3 > 10,delta_dt >= 10 AND p6 > 10 AND p7 > 10,cand_low_speed_flying,h < 100 AND vibration >= 50 AND wind_speed > 60,delta_dt >= 10 AND h >= 90,0.06766459997743368,"{'parameter_weights': {'parameter_1': 1.0, 'parameter_n': 1.0}, 'tversky_weights': {'alpha': 0.9, 'beta': 0.1}, 'conditional_weights': {'given': 1.0, 'when': 1.0, 'then': 1.0}}"
0.3927191954022988,scen_G30_T14,vibration >= 63 AND p1 > 10 AND p2 > 10 AND p3 > 10,h >= 100 AND p6 > 10 AND p7 > 10,cand_low_speed_flying,h < 100 AND vibration >= 50 AND wind_speed > 60,delta_dt >= 10 AND h >= 90,0.06944869994185865,"{'parameter_weights': {'parameter_1': 1.0, 'parameter_n': 1.0}, 'tversky_weights': {'alpha': 0.9, 'beta': 0.1}, 'conditional_weights': {'given': 1.0, 'when': 1.0, 'then': 1.0}}"
0.480993596491228,scen_G30_T15,vibration >= 63 AND p1 > 10 AND p2 > 10 AND p3 > 10,delta_dt >= 10 AND h >= 100 AND p6 > 10 AND p7 > 10,cand_low_speed_flying,h < 100 AND vibration >= 50 AND wind_speed > 60,delta_dt >= 10 AND h >= 90,0.08552979992236942,"{'parameter_weights': {'parameter_1': 1.0, 'parameter_n': 1.0}, 'tversky_weights': {'alpha': 0.9, 'beta': 0.1}, 'conditional_weights': {'given': 1.0, 'when': 1.0, 'then': 1.0}}"
0.5,scen_G30_T17,vibration >= 63 AND p1 > 10 AND p2 > 10 AND p3 > 10,delta_dt >= 10 AND p8 > 10,cand_low_speed_flying,h < 100 AND vibration >= 50 AND wind_speed > 60,delta_dt >= 10 AND h >= 90,0.10844459990039468,"{'parameter_weights': {'parameter_1': 1.0, 'parameter_n': 1.0}, 'tversky_weights': {'alpha': 0.9, 'beta': 0.1}, 'conditional_weights': {'given': 1.0, 'when': 1.0, 'then': 1.0}}"
0.44444333333333336,scen_G30_T18,vibration >= 63 AND p1 > 10 AND p2 > 10 AND p3 > 10,h >= 100 AND p8 > 10,cand_low_speed_flying,h < 100 AND vibration >= 50 AND wind_speed > 60,delta_dt >= 10 AND h >= 90,0.09847799991257489,"{'parameter_weights': {'parameter_1': 1.0, 'parameter_n': 1.0}, 'tversky_weights': {'alpha': 0.9, 'beta': 0.1}, 'conditional_weights': {'given': 1.0, 'when': 1.0, 'then': 1.0}}"
0.5354400574712644,scen_G30_T19,vibration >= 63 AND p1 > 10 AND p2 > 10 AND p3 > 10,delta_dt >= 10 AND h >= 100 AND p8 > 10,cand_low_speed_flying,h < 100 AND vibration >= 50 AND wind_speed > 60,delta_dt >= 10 AND h >= 90,0.06031720002647489,"{'parameter_weights': {'parameter_1': 1.0, 'parameter_n': 1.0}, 'tversky_weights': {'alpha': 0.9, 'beta': 0.1}, 'conditional_weights': {'given': 1.0, 'when': 1.0, 'then': 1.0}}"
0.4482758620689655,scen_G30_T21,vibration >= 63 AND p1 > 10 AND p2 > 10 AND p3 > 10,delta_dt >= 10 AND p6 > 10 AND p8 > 10,cand_low_speed_flying,h < 100 AND vibration >= 50 AND wind_speed > 60,delta_dt >= 10 AND h >= 90,0.06878420000430197,"{'parameter_weights': {'parameter_1': 1.0, 'parameter_n': 1.0}, 'tversky_weights': {'alpha': 0.9, 'beta': 0.1}, 'conditional_weights': {'given': 1.0, 'when': 1.0, 'then': 1.0}}"
0.3927191954022988,scen_G30_T22,vibration >= 63 AND p1 > 10 AND p2 > 10 AND p3 > 10,h >= 100 AND p6 > 10 AND p8 > 10,cand_low_speed_flying,h < 100 AND vibration >= 50 AND wind_speed > 60,delta_dt >= 10 AND h >= 90,0.08155220001935959,"{'parameter_weights': {'parameter_1': 1.0, 'parameter_n': 1.0}, 'tversky_weights': {'alpha': 0.9, 'beta': 0.1}, 'conditional_weights': {'given': 1.0, 'when': 1.0, 'then': 1.0}}"
0.480993596491228,scen_G30_T23,vibration >= 63 AND p1 > 10 AND p2 > 10 AND p3 > 10,delta_dt >= 10 AND h >= 100 AND p6 > 10 AND p8 > 10,cand_low_speed_flying,h < 100 AND vibration >= 50 AND wind_speed > 60,delta_dt >= 10 AND h >= 90,0.11272009997628629,"{'parameter_weights': {'parameter_1': 1.0, 'parameter_n': 1.0}, 'tversky_weights': {'alpha': 0.9, 'beta': 0.1}, 'conditional_weights': {'given': 1.0, 'when': 1.0, 'then': 1.0}}"
0.4482758620689655,scen_G30_T25,vibration >= 63 AND p1 > 10 AND p2 > 10 AND p3 > 10,delta_dt >= 10 AND p7 > 10 AND p8 > 10,cand_low_speed_flying,h < 100 AND vibration >= 50 AND wind_speed > 60,delta_dt >= 10 AND h >= 90,0.06476700003258884,"{'parameter_weights': {'parameter_1': 1.0, 'parameter_n': 1.0}, 'tversky_weights': {'alpha': 0.9, 'beta': 0.1}, 'conditional_weights': {'given': 1.0, 'when': 1.0, 'then': 1.0}}"
0.3927191954022988,scen_G30_T26,vibration >= 63 AND p1 > 10 AND p2 > 10 AND p3 > 10,h >= 100 AND p7 > 10 AND p8 > 10,cand_low_speed_flying,h < 100 AND vibration >= 50 AND wind_speed > 60,delta_dt >= 10 AND h >= 90,0.0915082999272272,"{'parameter_weights': {'parameter_1': 1.0, 'parameter_n': 1.0}, 'tversky_weights': {'alpha': 0.9, 'beta': 0.1}, 'conditional_weights': {'given': 1.0, 'when': 1.0, 'then': 1.0}}"
0.480993596491228,scen_G30_T27,vibration >= 63 AND p1 > 10 AND p2 > 10 AND p3 > 10,delta_dt >= 10 AND h >= 100 AND p7 > 10 AND p8 > 10,cand_low_speed_flying,h < 100 AND vibration >= 50 AND wind_speed > 60,delta_dt >= 10 AND h >= 90,0.07654669997282326,"{'parameter_weights': {'parameter_1': 1.0, 'parameter_n': 1.0}, 'tversky_weights': {'alpha': 0.9, 'beta': 0.1}, 'conditional_weights': {'given': 1.0, 'when': 1.0, 'then': 1.0}}"
0.42105263157894735,scen_G30_T29,vibration >= 63 AND p1 > 10 AND p2 > 10 AND p3 > 10,delta_dt >= 10 AND p6 > 10 AND p7 > 10 AND p8 > 10,cand_low_speed_flying,h < 100 AND vibration >= 50 AND wind_speed > 60,delta_dt >= 10 AND h >= 90,0.06444009998813272,"{'parameter_weights': {'parameter_1': 1.0, 'parameter_n': 1.0}, 'tversky_weights': {'alpha': 0.9, 'beta': 0.1}, 'conditional_weights': {'given': 1.0, 'when': 1.0, 'then': 1.0}}"
0.3654959649122807,scen_G30_T30,vibration >= 63 AND p1 > 10 AND p2 > 10 AND p3 > 10,h >= 100 AND p6 > 10 AND p7 > 10 AND p8 > 10,cand_low_speed_flying,h < 100 AND vibration >= 50 AND wind_speed > 60,delta_dt >= 10 AND h >= 90,0.07425599999260157,"{'parameter_weights': {'parameter_1': 1.0, 'parameter_n': 1.0}, 'tversky_weights': {'alpha': 0.9, 'beta': 0.1}, 'conditional_weights': {'given': 1.0, 'when': 1.0, 'then': 1.0}}"
0.4473989716312057,scen_G30_T31,vibration >= 63 AND p1 > 10 AND p2 > 10 AND p3 > 10,delta_dt >= 10 AND h >= 100 AND p6 > 10 AND p7 > 10 AND p8 > 10,cand_low_speed_flying,h < 100 AND vibration >= 50 AND wind_speed > 60,delta_dt >= 10 AND h >= 90,0.07289209996815771,"{'parameter_weights': {'parameter_1': 1.0, 'parameter_n': 1.0}, 'tversky_weights': {'alpha': 0.9, 'beta': 0.1}, 'conditional_weights': {'given': 1.0, 'when': 1.0, 'then': 1.0}}"
0.731919191919192,scen_G31_T1,h < 100 AND vibration >= 63 AND p1 > 10 AND p2 > 10 AND p3 > 10,delta_dt >= 10,cand_low_speed_flying,h < 100 AND vibration >= 50 AND wind_speed > 60,delta_dt >= 10 AND h >= 90,0.08604759990703315,"{'parameter_weights': {'parameter_1': 1.0, 'parameter_n': 1.0}, 'tversky_weights': {'alpha': 0.9, 'beta': 0.1}, 'conditional_weights': {'given': 1.0, 'when': 1.0, 'then': 1.0}}"
0.6763625252525252,scen_G31_T2,h < 100 AND vibration >= 63 AND p1 > 10 AND p2 > 10 AND p3 > 10,h >= 100,cand_low_speed_flying,h < 100 AND vibration >= 50 AND wind_speed > 60,delta_dt >= 10 AND h >= 90,0.07819529995322227,"{'parameter_weights': {'parameter_1': 1.0, 'parameter_n': 1.0}, 'tversky_weights': {'alpha': 0.9, 'beta': 0.1}, 'conditional_weights': {'given': 1.0, 'when': 1.0, 'then': 1.0}}"
0.7344438888888889,scen_G31_T3,h < 100 AND vibration >= 63 AND p1 > 10 AND p2 > 10 AND p3 > 10,delta_dt >= 10 AND h >= 100,cand_low_speed_flying,h < 100 AND vibration >= 50 AND wind_speed > 60,delta_dt >= 10 AND h >= 90,0.07066610001493245,"{'parameter_weights': {'parameter_1': 1.0, 'parameter_n': 1.0}, 'tversky_weights': {'alpha': 0.9, 'beta': 0.1}, 'conditional_weights': {'given': 1.0, 'when': 1.0, 'then': 1.0}}"
0.5955555555555555,scen_G31_T5,h < 100 AND vibration >= 63 AND p1 > 10 AND p2 > 10 AND p3 > 10,delta_dt >= 10 AND p6 > 10,cand_low_speed_flying,h < 100 AND vibration >= 50 AND wind_speed > 60,delta_dt >= 10 AND h >= 90,0.07915959996171296,"{'parameter_weights': {'parameter_1': 1.0, 'parameter_n': 1.0}, 'tversky_weights': {'alpha': 0.9, 'beta': 0.1}, 'conditional_weights': {'given': 1.0, 'when': 1.0, 'then': 1.0}}"
0.5399988888888889,scen_G31_T6,h < 100 AND vibration >= 63 AND p1 > 10 AND p2 > 10 AND p3 > 10,h >= 100 AND p6 > 10,cand_low_speed_flying,h < 100 AND vibration >= 50 AND wind_speed > 60,delta_dt >= 10 AND h >= 90,0.08347499999217689,"{'parameter_weights': {'parameter_1': 1.0, 'parameter_n': 1.0}, 'tversky_weights': {'alpha': 0.9, 'beta': 0.1}, 'conditional_weights': {'given': 1.0, 'when': 1.0, 'then': 1.0}}"
0.63099561302682,scen_G31_T7,h < 100 AND vibration >= 63 AND p1 > 10 AND p2 > 10 AND p3 > 10,delta_dt >= 10 AND h >= 100 AND p6 > 10,cand_low_speed_flying,h < 100 AND vibration >= 50 AND wind_speed > 60,delta_dt >= 10 AND h >= 90,0.07486860000062734,"{'parameter_weights': {'parameter_1': 1.0, 'parameter_n': 1.0}, 'tversky_weights': {'alpha': 0.9, 'beta': 0.1}, 'conditional_weights': {'given': 1.0, 'when': 1.0, 'then': 1.0}}"
0.5955555555555555,scen_G31_T9,h < 100 AND vibration >= 63 AND p1 > 10 AND p2 > 10 AND p3 > 10,delta_dt >= 10 AND p7 > 10,cand_low_speed_flying,h < 100 AND vibration >= 50 AND wind_speed > 60,delta_dt >= 10 AND h >= 90,0.06616309995297343,"{'parameter_weights': {'parameter_1': 1.0, 'parameter_n': 1.0}, 'tversky_weights': {'alpha': 0.9, 'beta': 0.1}, 'conditional_weights': {'given': 1.0, 'when': 1.0, 'then': 1.0}}"
0.5399988888888889,scen_G31_T10,h < 100 AND vibration >= 63 AND p1 > 10 AND p2 > 10 AND p3 > 10,h >= 100 AND p7 > 10,cand_low_speed_flying,h < 100 AND vibration >= 50 AND wind_speed > 60,delta_dt >= 10 AND h >= 90,0.06520680000539869,"{'parameter_weights': {'parameter_1': 1.0, 'parameter_n': 1.0}, 'tversky_weights': {'alpha': 0.9, 'beta': 0.1}, 'conditional_weights': {'given': 1.0, 'when': 1.0, 'then': 1.0}}"
0.63099561302682,scen_G31_T11,h < 100 AND vibration >= 63 AND p1 > 10 AND p2 > 10 AND p3 > 10,delta_dt >= 10 AND h >= 100 AND p7 > 10,cand_low_speed_flying,h < 100 AND vibration >= 50 AND wind_speed > 60,delta_dt >= 10 AND h >= 90,0.06268930004443973,"{'parameter_weights': {'parameter_1': 1.0, 'parameter_n': 1.0}, 'tversky_weights': {'alpha': 0.9, 'beta': 0.1}, 'conditional_weights': {'given': 1.0, 'when': 1.0, 'then': 1.0}}"
0.543831417624521,scen_G31_T13,h < 100 AND vibration >= 63 AND p1 > 10 AND p2 > 10 AND p3 > 10,delta_dt >= 10 AND p6 > 10 AND p7 > 10,cand_low_speed_flying,h < 100 AND vibration >= 50 AND wind_speed > 60,delta_dt >= 10 AND h >= 90,0.07049969991203398,"{'parameter_weights': {'parameter_1': 1.0, 'parameter_n': 1.0}, 'tversky_weights': {'alpha': 0.9, 'beta': 0.1}, 'conditional_weights': {'given': 1.0, 'when': 1.0, 'then': 1.0}}"
0.4882747509578544,scen_G31_T14,h < 100 AND vibration >= 63 AND p1 > 10 AND p2 > 10 AND p3 > 10,h >= 100 AND p6 > 10 AND p7 > 10,cand_low_speed_flying,h < 100 AND vibration >= 50 AND wind_speed > 60,delta_dt >= 10 AND h >= 90,0.06812219996936619,"{'parameter_weights': {'parameter_1': 1.0, 'parameter_n': 1.0}, 'tversky_weights': {'alpha': 0.9, 'beta': 0.1}, 'conditional_weights': {'given': 1.0, 'when': 1.0, 'then': 1.0}}"
0.5765491520467836,scen_G31_T15,h < 100 AND vibration >= 63 AND p1 > 10 AND p2 > 10 AND p3 > 10,delta_dt >= 10 AND h >= 100 AND p6 > 10 AND p7 > 10,cand_low_speed_flying,h < 100 AND vibration >= 50 AND wind_speed > 60,delta_dt >= 10 AND h >= 90,0.07034490001387894,"{'parameter_weights': {'parameter_1': 1.0, 'parameter_n': 1.0}, 'tversky_weights': {'alpha': 0.9, 'beta': 0.1}, 'conditional_weights': {'given': 1.0, 'when': 1.0, 'then': 1.0}}"
0.5955555555555555,scen_G31_T17,h < 100 AND vibration >= 63 AND p1 > 10 AND p2 > 10 AND p3 > 10,delta_dt >= 10 AND p8 > 10,cand_low_speed_flying,h < 100 AND vibration >= 50 AND wind_speed > 60,delta_dt >= 10 AND h >= 90,0.06364299997221678,"{'parameter_weights': {'parameter_1': 1.0, 'parameter_n': 1.0}, 'tversky_weights': {'alpha': 0.9, 'beta': 0.1}, 'conditional_weights': {'given': 1.0, 'when': 1.0, 'then': 1.0}}"
0.5399988888888889,scen_G31_T18,h < 100 AND vibration >= 63 AND p1 > 10 AND p2 > 10 AND p3 > 10,h >= 100 AND p8 > 10,cand_low_speed_flying,h < 100 AND vibration >= 50 AND wind_speed > 60,delta_dt >= 10 AND h >= 90,0.06255829997826368,"{'parameter_weights': {'parameter_1': 1.0, 'parameter_n': 1.0}, 'tversky_weights': {'alpha': 0.9, 'beta': 0.1}, 'conditional_weights': {'given': 1.0, 'when': 1.0, 'then': 1.0}}"
0.63099561302682,scen_G31_T19,h < 100 AND vibration >= 63 AND p1 > 10 AND p2 > 10 AND p3 > 10,delta_dt >= 10 AND h >= 100 AND p8 > 10,cand_low_speed_flying,h < 100 AND vibration >= 50 AND wind_speed > 60,delta_dt >= 10 AND h >= 90,0.06719550001434982,"{'parameter_weights': {'parameter_1': 1.0, 'parameter_n': 1.0}, 'tversky_weights': {'alpha': 0.9, 'beta': 0.1}, 'conditional_weights': {'given': 1.0, 'when': 1.0, 'then': 1.0}}"
0.543831417624521,scen_G31_T21,h < 100 AND vibration >= 63 AND p1 > 10 AND p2 > 10 AND p3 > 10,delta_dt >= 10 AND p6 > 10 AND p8 > 10,cand_low_speed_flying,h < 100 AND vibration >= 50 AND wind_speed > 60,delta_dt >= 10 AND h >= 90,0.06179629999678582,"{'parameter_weights': {'parameter_1': 1.0, 'parameter_n': 1.0}, 'tversky_weights': {'alpha': 0.9, 'beta': 0.1}, 'conditional_weights': {'given': 1.0, 'when': 1.0, 'then': 1.0}}"
0.4882747509578544,scen_G31_T22,h < 100 AND vibration >= 63 AND p1 > 10 AND p2 > 10 AND p3 > 10,h >= 100 AND p6 > 10 AND p8 > 10,cand_low_speed_flying,h < 100 AND vibration >= 50 AND wind_speed > 60,delta_dt >= 10 AND h >= 90,0.06793290004134178,"{'parameter_weights': {'parameter_1': 1.0, 'parameter_n': 1.0}, 'tversky_weights': {'alpha': 0.9, 'beta': 0.1}, 'conditional_weights': {'given': 1.0, 'when': 1.0, 'then': 1.0}}"
0.5765491520467836,scen_G31_T23,h < 100 AND vibration >= 63 AND p1 > 10 AND p2 > 10 AND p3 > 10,delta_dt >= 10 AND h >= 100 AND p6 > 10 AND p8 > 10,cand_low_speed_flying,h < 100 AND vibration >= 50 AND wind_speed > 60,delta_dt >= 10 AND h >= 90,0.06645020004361868,"{'parameter_weights': {'parameter_1': 1.0, 'parameter_n': 1.0}, 'tversky_weights': {'alpha': 0.9, 'beta': 0.1}, 'conditional_weights': {'given': 1.0, 'when': 1.0, 'then': 1.0}}"
0.543831417624521,scen_G31_T25,h < 100 AND vibration >= 63 AND p1 > 10 AND p2 > 10 AND p3 > 10,delta_dt >= 10 AND p7 > 10 AND p8 > 10,cand_low_speed_flying,h < 100 AND vibration >= 50 AND wind_speed > 60,delta_dt >= 10 AND h >= 90,0.06597470003180206,"{'parameter_weights': {'parameter_1': 1.0, 'parameter_n': 1.0}, 'tversky_weights': {'alpha': 0.9, 'beta': 0.1}, 'conditional_weights': {'given': 1.0, 'when': 1.0, 'then': 1.0}}"
0.4882747509578544,scen_G31_T26,h < 100 AND vibration >= 63 AND p1 > 10 AND p2 > 10 AND p3 > 10,h >= 100 AND p7 > 10 AND p8 > 10,cand_low_speed_flying,h < 100 AND vibration >= 50 AND wind_speed > 60,delta_dt >= 10 AND h >= 90,0.06088500004261732,"{'parameter_weights': {'parameter_1': 1.0, 'parameter_n': 1.0}, 'tversky_weights': {'alpha': 0.9, 'beta': 0.1}, 'conditional_weights': {'given': 1.0, 'when': 1.0, 'then': 1.0}}"
0.5765491520467836,scen_G31_T27,h < 100 AND vibration >= 63 AND p1 > 10 AND p2 > 10 AND p3 > 10,delta_dt >= 10 AND h >= 100 AND p7 > 10 AND p8 > 10,cand_low_speed_flying,h < 100 AND vibration >= 50 AND wind_speed > 60,delta_dt >= 10 AND h >= 90,0.06672620004974306,"{'parameter_weights': {'parameter_1': 1.0, 'parameter_n': 1.0}, 'tversky_weights': {'alpha': 0.9, 'beta': 0.1}, 'conditional_weights': {'given': 1.0, 'when': 1.0, 'then': 1.0}}"
0.5166081871345028,scen_G31_T29,h < 100 AND vibration >= 63 AND p1 > 10 AND p2 > 10 AND p3 > 10,delta_dt >= 10 AND p6 > 10 AND p7 > 10 AND p8 > 10,cand_low_speed_flying,h < 100 AND vibration >= 50 AND wind_speed > 60,delta_dt >= 10 AND h >= 90,0.054276300012134016,"{'parameter_weights': {'parameter_1': 1.0, 'parameter_n': 1.0}, 'tversky_weights': {'alpha': 0.9, 'beta': 0.1}, 'conditional_weights': {'given': 1.0, 'when': 1.0, 'then': 1.0}}"
0.46105152046783626,scen_G31_T30,h < 100 AND vibration >= 63 AND p1 > 10 AND p2 > 10 AND p3 > 10,h >= 100 AND p6 > 10 AND p7 > 10 AND p8 > 10,cand_low_speed_flying,h < 100 AND vibration >= 50 AND wind_speed > 60,delta_dt >= 10 AND h >= 90,0.060316499904729426,"{'parameter_weights': {'parameter_1': 1.0, 'parameter_n': 1.0}, 'tversky_weights': {'alpha': 0.9, 'beta': 0.1}, 'conditional_weights': {'given': 1.0, 'when': 1.0, 'then': 1.0}}"
0.5429545271867612,scen_G31_T31,h < 100 AND vibration >= 63 AND p1 > 10 AND p2 > 10 AND p3 > 10,delta_dt >= 10 AND h >= 100 AND p6 > 10 AND p7 > 10 AND p8 > 10,cand_low_speed_flying,h < 100 AND vibration >= 50 AND wind_speed > 60,delta_dt >= 10 AND h >= 90,0.05830839998088777,"{'parameter_weights': {'parameter_1': 1.0, 'parameter_n': 1.0}, 'tversky_weights': {'alpha': 0.9, 'beta': 0.1}, 'conditional_weights': {'given': 1.0, 'when': 1.0, 'then': 1.0}}"
