desired_identifier,cadidate_identifier,desired_given_exp,candidate_given_exp,Penality Given,Global Similarity Given,Final Similarity Given,desired_then_exp,candidate_then_exp,Penality Then,Global Similarity Then,Final Similarity Then,Scenario Similarity,desired_given_vars,candidate_given_vars,desired_then_vars,candidate_then_vars,intersection_given_vars,intersection_then_vars,given_plus,given_less,then_plus,then_less,#given_plus,#given_less,#then_plus,#then_less,tipo_de_erro,tipo_de_erro_num,tipo_de_erro_jittered
Desired_1,candidate,battery >= 10,battery >= 10 AND satellite_count >= 7 AND wind_speed <= 36,0.1666666666666666,1.0,0.8333333333333334,height >= 30,height >= 30 AND source_distance == 0,0.0909090909090909,1.0,0.9090909090909092,0.914,battery,"battery, satellite_count, wind_speed",height,"height, source_distance",battery,height,,"satellite_count, wind_speed",,source_distance,0,2,0,1,Missing,0,-0.07239462328674665
Desired_2,candidate,battery >= 10,battery >= 10 AND satellite_count >= 7 AND wind_speed <= 36,0.1666666666666666,1.0,0.8333333333333334,source_distance == 0,height >= 30 AND source_distance == 0,0.0909090909090909,1.0,0.9090909090909092,0.914,battery,"battery, satellite_count, wind_speed",source_distance,"height, source_distance",battery,source_distance,,"satellite_count, wind_speed",,height,0,2,0,1,Missing,0,0.08973275574585529
Desired_3,candidate,battery >= 10,battery >= 10 AND satellite_count >= 7 AND wind_speed <= 36,0.1666666666666666,1.0,0.8333333333333334,a > 10,height >= 30 AND source_distance == 0,1.0,0.0,-1.0,0.278,battery,"battery, satellite_count, wind_speed",a,"height, source_distance",battery,,,"satellite_count, wind_speed",a,"source_distance, height",0,2,1,2,Combined,1,1.0461910077705694
Desired_4,candidate,battery >= 10,battery >= 10 AND satellite_count >= 7 AND wind_speed <= 36,0.1666666666666666,1.0,0.8333333333333334,b > 10,height >= 30 AND source_distance == 0,1.0,0.0,-1.0,0.278,battery,"battery, satellite_count, wind_speed",b,"height, source_distance",battery,,,"satellite_count, wind_speed",b,"source_distance, height",0,2,1,2,Combined,1,0.992593839755248
Desired_5,candidate,battery >= 10,battery >= 10 AND satellite_count >= 7 AND wind_speed <= 36,0.1666666666666666,1.0,0.8333333333333334,height >= 30 AND source_distance == 0,height >= 30 AND source_distance == 0,0.0,1.0,1.0,0.944,battery,"battery, satellite_count, wind_speed","height, source_distance","height, source_distance",battery,"source_distance, height",,"satellite_count, wind_speed",,,0,2,0,0,Missing,0,0.05018684508673177
Desired_6,candidate,battery >= 10,battery >= 10 AND satellite_count >= 7 AND wind_speed <= 36,0.1666666666666666,1.0,0.8333333333333334,height >= 30 AND a > 10,height >= 30 AND source_distance == 0,0.5,1.0,0.5,0.778,battery,"battery, satellite_count, wind_speed","height, a","height, source_distance",battery,height,,"satellite_count, wind_speed",a,source_distance,0,2,1,1,Combined,1,0.9466784133881266
Desired_7,candidate,battery >= 10,battery >= 10 AND satellite_count >= 7 AND wind_speed <= 36,0.1666666666666666,1.0,0.8333333333333334,height >= 30 AND b > 10,height >= 30 AND source_distance == 0,0.5,1.0,0.5,0.778,battery,"battery, satellite_count, wind_speed","height, b","height, source_distance",battery,height,,"satellite_count, wind_speed",b,source_distance,0,2,1,1,Combined,1,0.9741632748363988
Desired_8,candidate,battery >= 10,battery >= 10 AND satellite_count >= 7 AND wind_speed <= 36,0.1666666666666666,1.0,0.8333333333333334,source_distance == 0 AND a > 10,height >= 30 AND source_distance == 0,0.5,1.0,0.5,0.778,battery,"battery, satellite_count, wind_speed","source_distance, a","height, source_distance",battery,source_distance,,"satellite_count, wind_speed",a,height,0,2,1,1,Combined,1,1.0039588163779798
Desired_9,candidate,battery >= 10,battery >= 10 AND satellite_count >= 7 AND wind_speed <= 36,0.1666666666666666,1.0,0.8333333333333334,source_distance == 0 AND b > 10,height >= 30 AND source_distance == 0,0.5,1.0,0.5,0.778,battery,"battery, satellite_count, wind_speed","source_distance, b","height, source_distance",battery,source_distance,,"satellite_count, wind_speed",b,height,0,2,1,1,Combined,1,0.9329659075064283
Desired_10,candidate,battery >= 10,battery >= 10 AND satellite_count >= 7 AND wind_speed <= 36,0.1666666666666666,1.0,0.8333333333333334,a > 10 AND b > 10,height >= 30 AND source_distance == 0,1.0,0.0,-1.0,0.278,battery,"battery, satellite_count, wind_speed","a, b","height, source_distance",battery,,,"satellite_count, wind_speed","a, b","source_distance, height",0,2,2,2,Combined,1,1.0903352749715547
Desired_11,candidate,battery >= 10,battery >= 10 AND satellite_count >= 7 AND wind_speed <= 36,0.1666666666666666,1.0,0.8333333333333334,height >= 30 AND source_distance == 0 AND a > 10,height >= 30 AND source_distance == 0,0.3103448275862068,1.0,0.6896551724137931,0.841,battery,"battery, satellite_count, wind_speed","height, source_distance, a","height, source_distance",battery,"source_distance, height",,"satellite_count, wind_speed",a,,0,2,1,0,Combined,1,1.0962875811631005
Desired_12,candidate,battery >= 10,battery >= 10 AND satellite_count >= 7 AND wind_speed <= 36,0.1666666666666666,1.0,0.8333333333333334,height >= 30 AND source_distance == 0 AND b > 10,height >= 30 AND source_distance == 0,0.3103448275862068,1.0,0.6896551724137931,0.841,battery,"battery, satellite_count, wind_speed","height, source_distance, b","height, source_distance",battery,"source_distance, height",,"satellite_count, wind_speed",b,,0,2,1,0,Combined,1,1.0417405645282112
Desired_13,candidate,battery >= 10,battery >= 10 AND satellite_count >= 7 AND wind_speed <= 36,0.1666666666666666,1.0,0.8333333333333334,height >= 30 AND a > 10 AND b > 10,height >= 30 AND source_distance == 0,0.6551724137931034,1.0,0.3448275862068966,0.726,battery,"battery, satellite_count, wind_speed","height, a, b","height, source_distance",battery,height,,"satellite_count, wind_speed","a, b",source_distance,0,2,2,1,Combined,1,1.0735311112168044
Desired_14,candidate,battery >= 10,battery >= 10 AND satellite_count >= 7 AND wind_speed <= 36,0.1666666666666666,1.0,0.8333333333333334,source_distance == 0 AND a > 10 AND b > 10,height >= 30 AND source_distance == 0,0.6551724137931034,1.0,0.3448275862068966,0.726,battery,"battery, satellite_count, wind_speed","source_distance, a, b","height, source_distance",battery,source_distance,,"satellite_count, wind_speed","a, b",height,0,2,2,1,Combined,1,0.9512514806675988
Desired_15,candidate,battery >= 10,battery >= 10 AND satellite_count >= 7 AND wind_speed <= 36,0.1666666666666666,1.0,0.8333333333333334,height >= 30 AND source_distance == 0 AND a > 10 AND b > 10,height >= 30 AND source_distance == 0,0.4736842105263158,1.0,0.5263157894736842,0.787,battery,"battery, satellite_count, wind_speed","height, source_distance, a, b","height, source_distance",battery,"source_distance, height",,"satellite_count, wind_speed","a, b",,0,2,2,0,Combined,1,0.9930035422426409
Desired_16,candidate,satellite_count >= 7,battery >= 10 AND satellite_count >= 7 AND wind_speed <= 36,0.1666666666666666,1.0,0.8333333333333334,height >= 30,height >= 30 AND source_distance == 0,0.0909090909090909,1.0,0.9090909090909092,0.914,satellite_count,"battery, satellite_count, wind_speed",height,"height, source_distance",satellite_count,height,,"battery, wind_speed",,source_distance,0,2,0,1,Missing,0,0.08787095395047692
Desired_17,candidate,satellite_count >= 7,battery >= 10 AND satellite_count >= 7 AND wind_speed <= 36,0.1666666666666666,1.0,0.8333333333333334,source_distance == 0,height >= 30 AND source_distance == 0,0.0909090909090909,1.0,0.9090909090909092,0.914,satellite_count,"battery, satellite_count, wind_speed",source_distance,"height, source_distance",satellite_count,source_distance,,"battery, wind_speed",,height,0,2,0,1,Missing,0,0.021339761116089706
Desired_18,candidate,satellite_count >= 7,battery >= 10 AND satellite_count >= 7 AND wind_speed <= 36,0.1666666666666666,1.0,0.8333333333333334,a > 10,height >= 30 AND source_distance == 0,1.0,0.0,-1.0,0.278,satellite_count,"battery, satellite_count, wind_speed",a,"height, source_distance",satellite_count,,,"battery, wind_speed",a,"source_distance, height",0,2,1,2,Combined,1,0.9754679533063738
Desired_19,candidate,satellite_count >= 7,battery >= 10 AND satellite_count >= 7 AND wind_speed <= 36,0.1666666666666666,1.0,0.8333333333333334,b > 10,height >= 30 AND source_distance == 0,1.0,0.0,-1.0,0.278,satellite_count,"battery, satellite_count, wind_speed",b,"height, source_distance",satellite_count,,,"battery, wind_speed",b,"source_distance, height",0,2,1,2,Combined,1,0.930327254394909
Desired_20,candidate,satellite_count >= 7,battery >= 10 AND satellite_count >= 7 AND wind_speed <= 36,0.1666666666666666,1.0,0.8333333333333334,height >= 30 AND source_distance == 0,height >= 30 AND source_distance == 0,0.0,1.0,1.0,0.944,satellite_count,"battery, satellite_count, wind_speed","height, source_distance","height, source_distance",satellite_count,"source_distance, height",,"battery, wind_speed",,,0,2,0,0,Missing,0,0.030158802279836944
Desired_21,candidate,satellite_count >= 7,battery >= 10 AND satellite_count >= 7 AND wind_speed <= 36,0.1666666666666666,1.0,0.8333333333333334,height >= 30 AND a > 10,height >= 30 AND source_distance == 0,0.5,1.0,0.5,0.778,satellite_count,"battery, satellite_count, wind_speed","height, a","height, source_distance",satellite_count,height,,"battery, wind_speed",a,source_distance,0,2,1,1,Combined,1,1.016221545202386
Desired_22,candidate,satellite_count >= 7,battery >= 10 AND satellite_count >= 7 AND wind_speed <= 36,0.1666666666666666,1.0,0.8333333333333334,height >= 30 AND b > 10,height >= 30 AND source_distance == 0,0.5,1.0,0.5,0.778,satellite_count,"battery, satellite_count, wind_speed","height, b","height, source_distance",satellite_count,height,,"battery, wind_speed",b,source_distance,0,2,1,1,Combined,1,1.0801713575480427
Desired_23,candidate,satellite_count >= 7,battery >= 10 AND satellite_count >= 7 AND wind_speed <= 36,0.1666666666666666,1.0,0.8333333333333334,source_distance == 0 AND a > 10,height >= 30 AND source_distance == 0,0.5,1.0,0.5,0.778,satellite_count,"battery, satellite_count, wind_speed","source_distance, a","height, source_distance",satellite_count,source_distance,,"battery, wind_speed",a,height,0,2,1,1,Combined,1,1.0423517755394178
Desired_24,candidate,satellite_count >= 7,battery >= 10 AND satellite_count >= 7 AND wind_speed <= 36,0.1666666666666666,1.0,0.8333333333333334,source_distance == 0 AND b > 10,height >= 30 AND source_distance == 0,0.5,1.0,0.5,0.778,satellite_count,"battery, satellite_count, wind_speed","source_distance, b","height, source_distance",satellite_count,source_distance,,"battery, wind_speed",b,height,0,2,1,1,Combined,1,1.020698040811124
Desired_25,candidate,satellite_count >= 7,battery >= 10 AND satellite_count >= 7 AND wind_speed <= 36,0.1666666666666666,1.0,0.8333333333333334,a > 10 AND b > 10,height >= 30 AND source_distance == 0,1.0,0.0,-1.0,0.278,satellite_count,"battery, satellite_count, wind_speed","a, b","height, source_distance",satellite_count,,,"battery, wind_speed","a, b","source_distance, height",0,2,2,2,Combined,1,0.9659407086786101
Desired_26,candidate,satellite_count >= 7,battery >= 10 AND satellite_count >= 7 AND wind_speed <= 36,0.1666666666666666,1.0,0.8333333333333334,height >= 30 AND source_distance == 0 AND a > 10,height >= 30 AND source_distance == 0,0.3103448275862068,1.0,0.6896551724137931,0.841,satellite_count,"battery, satellite_count, wind_speed","height, source_distance, a","height, source_distance",satellite_count,"source_distance, height",,"battery, wind_speed",a,,0,2,1,0,Combined,1,0.9651476749509182
Desired_27,candidate,satellite_count >= 7,battery >= 10 AND satellite_count >= 7 AND wind_speed <= 36,0.1666666666666666,1.0,0.8333333333333334,height >= 30 AND source_distance == 0 AND b > 10,height >= 30 AND source_distance == 0,0.3103448275862068,1.0,0.6896551724137931,0.841,satellite_count,"battery, satellite_count, wind_speed","height, source_distance, b","height, source_distance",satellite_count,"source_distance, height",,"battery, wind_speed",b,,0,2,1,0,Combined,1,0.981368566308096
Desired_28,candidate,satellite_count >= 7,battery >= 10 AND satellite_count >= 7 AND wind_speed <= 36,0.1666666666666666,1.0,0.8333333333333334,height >= 30 AND a > 10 AND b > 10,height >= 30 AND source_distance == 0,0.6551724137931034,1.0,0.3448275862068966,0.726,satellite_count,"battery, satellite_count, wind_speed","height, a, b","height, source_distance",satellite_count,height,,"battery, wind_speed","a, b",source_distance,0,2,2,1,Combined,1,1.040989767852775
Desired_29,candidate,satellite_count >= 7,battery >= 10 AND satellite_count >= 7 AND wind_speed <= 36,0.1666666666666666,1.0,0.8333333333333334,source_distance == 0 AND a > 10 AND b > 10,height >= 30 AND source_distance == 0,0.6551724137931034,1.0,0.3448275862068966,0.726,satellite_count,"battery, satellite_count, wind_speed","source_distance, a, b","height, source_distance",satellite_count,source_distance,,"battery, wind_speed","a, b",height,0,2,2,1,Combined,1,1.0502447444022789
Desired_30,candidate,satellite_count >= 7,battery >= 10 AND satellite_count >= 7 AND wind_speed <= 36,0.1666666666666666,1.0,0.8333333333333334,height >= 30 AND source_distance == 0 AND a > 10 AND b > 10,height >= 30 AND source_distance == 0,0.4736842105263158,1.0,0.5263157894736842,0.787,satellite_count,"battery, satellite_count, wind_speed","height, source_distance, a, b","height, source_distance",satellite_count,"source_distance, height",,"battery, wind_speed","a, b",,0,2,2,0,Combined,1,1.0723312078722382
Desired_31,candidate,wind_speed <= 36,battery >= 10 AND satellite_count >= 7 AND wind_speed <= 36,0.1666666666666666,1.0,0.8333333333333334,height >= 30,height >= 30 AND source_distance == 0,0.0909090909090909,1.0,0.9090909090909092,0.914,wind_speed,"battery, satellite_count, wind_speed",height,"height, source_distance",wind_speed,height,,"satellite_count, battery",,source_distance,0,2,0,1,Missing,0,0.049254245329845514
Desired_32,candidate,wind_speed <= 36,battery >= 10 AND satellite_count >= 7 AND wind_speed <= 36,0.1666666666666666,1.0,0.8333333333333334,source_distance == 0,height >= 30 AND source_distance == 0,0.0909090909090909,1.0,0.9090909090909092,0.914,wind_speed,"battery, satellite_count, wind_speed",source_distance,"height, source_distance",wind_speed,source_distance,,"satellite_count, battery",,height,0,2,0,1,Missing,0,0.09235190832546378
Desired_33,candidate,wind_speed <= 36,battery >= 10 AND satellite_count >= 7 AND wind_speed <= 36,0.1666666666666666,1.0,0.8333333333333334,a > 10,height >= 30 AND source_distance == 0,1.0,0.0,-1.0,0.278,wind_speed,"battery, satellite_count, wind_speed",a,"height, source_distance",wind_speed,,,"satellite_count, battery",a,"source_distance, height",0,2,1,2,Combined,1,1.01319924685654
Desired_34,candidate,wind_speed <= 36,battery >= 10 AND satellite_count >= 7 AND wind_speed <= 36,0.1666666666666666,1.0,0.8333333333333334,b > 10,height >= 30 AND source_distance == 0,1.0,0.0,-1.0,0.278,wind_speed,"battery, satellite_count, wind_speed",b,"height, source_distance",wind_speed,,,"satellite_count, battery",b,"source_distance, height",0,2,1,2,Combined,1,1.0185335178248276
Desired_35,candidate,wind_speed <= 36,battery >= 10 AND satellite_count >= 7 AND wind_speed <= 36,0.1666666666666666,1.0,0.8333333333333334,height >= 30 AND source_distance == 0,height >= 30 AND source_distance == 0,0.0,1.0,1.0,0.944,wind_speed,"battery, satellite_count, wind_speed","height, source_distance","height, source_distance",wind_speed,"source_distance, height",,"satellite_count, battery",,,0,2,0,0,Missing,0,-0.002210743887217495
Desired_36,candidate,wind_speed <= 36,battery >= 10 AND satellite_count >= 7 AND wind_speed <= 36,0.1666666666666666,1.0,0.8333333333333334,height >= 30 AND a > 10,height >= 30 AND source_distance == 0,0.5,1.0,0.5,0.778,wind_speed,"battery, satellite_count, wind_speed","height, a","height, source_distance",wind_speed,height,,"satellite_count, battery",a,source_distance,0,2,1,1,Combined,1,0.9498918861978464
Desired_37,candidate,wind_speed <= 36,battery >= 10 AND satellite_count >= 7 AND wind_speed <= 36,0.1666666666666666,1.0,0.8333333333333334,height >= 30 AND b > 10,height >= 30 AND source_distance == 0,0.5,1.0,0.5,0.778,wind_speed,"battery, satellite_count, wind_speed","height, b","height, source_distance",wind_speed,height,,"satellite_count, battery",b,source_distance,0,2,1,1,Combined,1,0.9078179895533195
Desired_38,candidate,wind_speed <= 36,battery >= 10 AND satellite_count >= 7 AND wind_speed <= 36,0.1666666666666666,1.0,0.8333333333333334,source_distance == 0 AND a > 10,height >= 30 AND source_distance == 0,0.5,1.0,0.5,0.778,wind_speed,"battery, satellite_count, wind_speed","source_distance, a","height, source_distance",wind_speed,source_distance,,"satellite_count, battery",a,height,0,2,1,1,Combined,1,1.085847976878729
Desired_39,candidate,wind_speed <= 36,battery >= 10 AND satellite_count >= 7 AND wind_speed <= 36,0.1666666666666666,1.0,0.8333333333333334,source_distance == 0 AND b > 10,height >= 30 AND source_distance == 0,0.5,1.0,0.5,0.778,wind_speed,"battery, satellite_count, wind_speed","source_distance, b","height, source_distance",wind_speed,source_distance,,"satellite_count, battery",b,height,0,2,1,1,Combined,1,1.053772741263416
Desired_40,candidate,wind_speed <= 36,battery >= 10 AND satellite_count >= 7 AND wind_speed <= 36,0.1666666666666666,1.0,0.8333333333333334,a > 10 AND b > 10,height >= 30 AND source_distance == 0,1.0,0.0,-1.0,0.278,wind_speed,"battery, satellite_count, wind_speed","a, b","height, source_distance",wind_speed,,,"satellite_count, battery","a, b","source_distance, height",0,2,2,2,Combined,1,1.087253994214558
Desired_41,candidate,wind_speed <= 36,battery >= 10 AND satellite_count >= 7 AND wind_speed <= 36,0.1666666666666666,1.0,0.8333333333333334,height >= 30 AND source_distance == 0 AND a > 10,height >= 30 AND source_distance == 0,0.3103448275862068,1.0,0.6896551724137931,0.841,wind_speed,"battery, satellite_count, wind_speed","height, source_distance, a","height, source_distance",wind_speed,"source_distance, height",,"satellite_count, battery",a,,0,2,1,0,Combined,1,0.98212457857484
Desired_42,candidate,wind_speed <= 36,battery >= 10 AND satellite_count >= 7 AND wind_speed <= 36,0.1666666666666666,1.0,0.8333333333333334,height >= 30 AND source_distance == 0 AND b > 10,height >= 30 AND source_distance == 0,0.3103448275862068,1.0,0.6896551724137931,0.841,wind_speed,"battery, satellite_count, wind_speed","height, source_distance, b","height, source_distance",wind_speed,"source_distance, height",,"satellite_count, battery",b,,0,2,1,0,Combined,1,0.984181632950005
Desired_43,candidate,wind_speed <= 36,battery >= 10 AND satellite_count >= 7 AND wind_speed <= 36,0.1666666666666666,1.0,0.8333333333333334,height >= 30 AND a > 10 AND b > 10,height >= 30 AND source_distance == 0,0.6551724137931034,1.0,0.3448275862068966,0.726,wind_speed,"battery, satellite_count, wind_speed","height, a, b","height, source_distance",wind_speed,height,,"satellite_count, battery","a, b",source_distance,0,2,2,1,Combined,1,0.9659727621449562
Desired_44,candidate,wind_speed <= 36,battery >= 10 AND satellite_count >= 7 AND wind_speed <= 36,0.1666666666666666,1.0,0.8333333333333334,source_distance == 0 AND a > 10 AND b > 10,height >= 30 AND source_distance == 0,0.6551724137931034,1.0,0.3448275862068966,0.726,wind_speed,"battery, satellite_count, wind_speed","source_distance, a, b","height, source_distance",wind_speed,source_distance,,"satellite_count, battery","a, b",height,0,2,2,1,Combined,1,1.0601019296801877
Desired_45,candidate,wind_speed <= 36,battery >= 10 AND satellite_count >= 7 AND wind_speed <= 36,0.1666666666666666,1.0,0.8333333333333334,height >= 30 AND source_distance == 0 AND a > 10 AND b > 10,height >= 30 AND source_distance == 0,0.4736842105263158,1.0,0.5263157894736842,0.787,wind_speed,"battery, satellite_count, wind_speed","height, source_distance, a, b","height, source_distance",wind_speed,"source_distance, height",,"satellite_count, battery","a, b",,0,2,2,0,Combined,1,1.025459763717391
Desired_46,candidate,a > 10,battery >= 10 AND satellite_count >= 7 AND wind_speed <= 36,1.0,0.0,-1.0,height >= 30,height >= 30 AND source_distance == 0,0.0909090909090909,1.0,0.9090909090909092,0.303,a,"battery, satellite_count, wind_speed",height,"height, source_distance",,height,a,"satellite_count, battery, wind_speed",,source_distance,1,3,0,1,Combined,1,0.9532454524405165
Desired_47,candidate,a > 10,battery >= 10 AND satellite_count >= 7 AND wind_speed <= 36,1.0,0.0,-1.0,source_distance == 0,height >= 30 AND source_distance == 0,0.0909090909090909,1.0,0.9090909090909092,0.303,a,"battery, satellite_count, wind_speed",source_distance,"height, source_distance",,source_distance,a,"satellite_count, battery, wind_speed",,height,1,3,0,1,Combined,1,0.9798259858322272
Desired_48,candidate,a > 10,battery >= 10 AND satellite_count >= 7 AND wind_speed <= 36,1.0,0.0,-1.0,a > 10,height >= 30 AND source_distance == 0,1.0,0.0,-1.0,0.0,a,"battery, satellite_count, wind_speed",a,"height, source_distance",,,a,"satellite_count, battery, wind_speed",a,"source_distance, height",1,3,1,2,Combined,1,1.0686326451882193
Desired_49,candidate,a > 10,battery >= 10 AND satellite_count >= 7 AND wind_speed <= 36,1.0,0.0,-1.0,b > 10,height >= 30 AND source_distance == 0,1.0,0.0,-1.0,0.0,a,"battery, satellite_count, wind_speed",b,"height, source_distance",,,a,"satellite_count, battery, wind_speed",b,"source_distance, height",1,3,1,2,Combined,1,0.9194501005807696
Desired_50,candidate,a > 10,battery >= 10 AND satellite_count >= 7 AND wind_speed <= 36,1.0,0.0,-1.0,height >= 30 AND source_distance == 0,height >= 30 AND source_distance == 0,0.0,1.0,1.0,0.333,a,"battery, satellite_count, wind_speed","height, source_distance","height, source_distance",,"source_distance, height",a,"satellite_count, battery, wind_speed",,,1,3,0,0,Combined,1,0.942098423025904
Desired_51,candidate,a > 10,battery >= 10 AND satellite_count >= 7 AND wind_speed <= 36,1.0,0.0,-1.0,height >= 30 AND a > 10,height >= 30 AND source_distance == 0,0.5,1.0,0.5,0.167,a,"battery, satellite_count, wind_speed","height, a","height, source_distance",,height,a,"satellite_count, battery, wind_speed",a,source_distance,1,3,1,1,Combined,1,0.9529633381332726
Desired_52,candidate,a > 10,battery >= 10 AND satellite_count >= 7 AND wind_speed <= 36,1.0,0.0,-1.0,height >= 30 AND b > 10,height >= 30 AND source_distance == 0,0.5,1.0,0.5,0.167,a,"battery, satellite_count, wind_speed","height, b","height, source_distance",,height,a,"satellite_count, battery, wind_speed",b,source_distance,1,3,1,1,Combined,1,1.0364752456543513
Desired_53,candidate,a > 10,battery >= 10 AND satellite_count >= 7 AND wind_speed <= 36,1.0,0.0,-1.0,source_distance == 0 AND a > 10,height >= 30 AND source_distance == 0,0.5,1.0,0.5,0.167,a,"battery, satellite_count, wind_speed","source_distance, a","height, source_distance",,source_distance,a,"satellite_count, battery, wind_speed",a,height,1,3,1,1,Combined,1,1.0445830667528841
Desired_54,candidate,a > 10,battery >= 10 AND satellite_count >= 7 AND wind_speed <= 36,1.0,0.0,-1.0,source_distance == 0 AND b > 10,height >= 30 AND source_distance == 0,0.5,1.0,0.5,0.167,a,"battery, satellite_count, wind_speed","source_distance, b","height, source_distance",,source_distance,a,"satellite_count, battery, wind_speed",b,height,1,3,1,1,Combined,1,0.9495872913645117
Desired_55,candidate,a > 10,battery >= 10 AND satellite_count >= 7 AND wind_speed <= 36,1.0,0.0,-1.0,a > 10 AND b > 10,height >= 30 AND source_distance == 0,1.0,0.0,-1.0,0.0,a,"battery, satellite_count, wind_speed","a, b","height, source_distance",,,a,"satellite_count, battery, wind_speed","a, b","source_distance, height",1,3,2,2,Combined,1,1.0173889640323417
Desired_56,candidate,a > 10,battery >= 10 AND satellite_count >= 7 AND wind_speed <= 36,1.0,0.0,-1.0,height >= 30 AND source_distance == 0 AND a > 10,height >= 30 AND source_distance == 0,0.3103448275862068,1.0,0.6896551724137931,0.23,a,"battery, satellite_count, wind_speed","height, source_distance, a","height, source_distance",,"source_distance, height",a,"satellite_count, battery, wind_speed",a,,1,3,1,0,Combined,1,1.0878265328219978
Desired_57,candidate,a > 10,battery >= 10 AND satellite_count >= 7 AND wind_speed <= 36,1.0,0.0,-1.0,height >= 30 AND source_distance == 0 AND b > 10,height >= 30 AND source_distance == 0,0.3103448275862068,1.0,0.6896551724137931,0.23,a,"battery, satellite_count, wind_speed","height, source_distance, b","height, source_distance",,"source_distance, height",a,"satellite_count, battery, wind_speed",b,,1,3,1,0,Combined,1,0.9401490554197055
Desired_58,candidate,a > 10,battery >= 10 AND satellite_count >= 7 AND wind_speed <= 36,1.0,0.0,-1.0,height >= 30 AND a > 10 AND b > 10,height >= 30 AND source_distance == 0,0.6551724137931034,1.0,0.3448275862068966,0.115,a,"battery, satellite_count, wind_speed","height, a, b","height, source_distance",,height,a,"satellite_count, battery, wind_speed","a, b",source_distance,1,3,2,1,Combined,1,0.979019521286669
Desired_59,candidate,a > 10,battery >= 10 AND satellite_count >= 7 AND wind_speed <= 36,1.0,0.0,-1.0,source_distance == 0 AND a > 10 AND b > 10,height >= 30 AND source_distance == 0,0.6551724137931034,1.0,0.3448275862068966,0.115,a,"battery, satellite_count, wind_speed","source_distance, a, b","height, source_distance",,source_distance,a,"satellite_count, battery, wind_speed","a, b",height,1,3,2,1,Combined,1,1.0749013126586457
Desired_60,candidate,a > 10,battery >= 10 AND satellite_count >= 7 AND wind_speed <= 36,1.0,0.0,-1.0,height >= 30 AND source_distance == 0 AND a > 10 AND b > 10,height >= 30 AND source_distance == 0,0.4736842105263158,1.0,0.5263157894736842,0.175,a,"battery, satellite_count, wind_speed","height, source_distance, a, b","height, source_distance",,"source_distance, height",a,"satellite_count, battery, wind_speed","a, b",,1,3,2,0,Combined,1,1.0246968065190871
Desired_61,candidate,b > 10,battery >= 10 AND satellite_count >= 7 AND wind_speed <= 36,1.0,0.0,-1.0,height >= 30,height >= 30 AND source_distance == 0,0.0909090909090909,1.0,0.9090909090909092,0.303,b,"battery, satellite_count, wind_speed",height,"height, source_distance",,height,b,"satellite_count, battery, wind_speed",,source_distance,1,3,0,1,Combined,1,1.0110521727420843
Desired_62,candidate,b > 10,battery >= 10 AND satellite_count >= 7 AND wind_speed <= 36,1.0,0.0,-1.0,source_distance == 0,height >= 30 AND source_distance == 0,0.0909090909090909,1.0,0.9090909090909092,0.303,b,"battery, satellite_count, wind_speed",source_distance,"height, source_distance",,source_distance,b,"satellite_count, battery, wind_speed",,height,1,3,0,1,Combined,1,0.9314650529098135
Desired_63,candidate,b > 10,battery >= 10 AND satellite_count >= 7 AND wind_speed <= 36,1.0,0.0,-1.0,a > 10,height >= 30 AND source_distance == 0,1.0,0.0,-1.0,0.0,b,"battery, satellite_count, wind_speed",a,"height, source_distance",,,b,"satellite_count, battery, wind_speed",a,"source_distance, height",1,3,1,2,Combined,1,1.0079709338623128
Desired_64,candidate,b > 10,battery >= 10 AND satellite_count >= 7 AND wind_speed <= 36,1.0,0.0,-1.0,b > 10,height >= 30 AND source_distance == 0,1.0,0.0,-1.0,0.0,b,"battery, satellite_count, wind_speed",b,"height, source_distance",,,b,"satellite_count, battery, wind_speed",b,"source_distance, height",1,3,1,2,Combined,1,1.0283843726273276
Desired_65,candidate,b > 10,battery >= 10 AND satellite_count >= 7 AND wind_speed <= 36,1.0,0.0,-1.0,height >= 30 AND source_distance == 0,height >= 30 AND source_distance == 0,0.0,1.0,1.0,0.333,b,"battery, satellite_count, wind_speed","height, source_distance","height, source_distance",,"source_distance, height",b,"satellite_count, battery, wind_speed",,,1,3,0,0,Combined,1,0.9599234672793402
Desired_66,candidate,b > 10,battery >= 10 AND satellite_count >= 7 AND wind_speed <= 36,1.0,0.0,-1.0,height >= 30 AND a > 10,height >= 30 AND source_distance == 0,0.5,1.0,0.5,0.167,b,"battery, satellite_count, wind_speed","height, a","height, source_distance",,height,b,"satellite_count, battery, wind_speed",a,source_distance,1,3,1,1,Combined,1,1.0182107638884506
Desired_67,candidate,b > 10,battery >= 10 AND satellite_count >= 7 AND wind_speed <= 36,1.0,0.0,-1.0,height >= 30 AND b > 10,height >= 30 AND source_distance == 0,0.5,1.0,0.5,0.167,b,"battery, satellite_count, wind_speed","height, b","height, source_distance",,height,b,"satellite_count, battery, wind_speed",b,source_distance,1,3,1,1,Combined,1,1.0483729839655904
Desired_68,candidate,b > 10,battery >= 10 AND satellite_count >= 7 AND wind_speed <= 36,1.0,0.0,-1.0,source_distance == 0 AND a > 10,height >= 30 AND source_distance == 0,0.5,1.0,0.5,0.167,b,"battery, satellite_count, wind_speed","source_distance, a","height, source_distance",,source_distance,b,"satellite_count, battery, wind_speed",a,height,1,3,1,1,Combined,1,0.9949221890344799
Desired_69,candidate,b > 10,battery >= 10 AND satellite_count >= 7 AND wind_speed <= 36,1.0,0.0,-1.0,source_distance == 0 AND b > 10,height >= 30 AND source_distance == 0,0.5,1.0,0.5,0.167,b,"battery, satellite_count, wind_speed","source_distance, b","height, source_distance",,source_distance,b,"satellite_count, battery, wind_speed",b,height,1,3,1,1,Combined,1,1.0281970514925112
Desired_70,candidate,b > 10,battery >= 10 AND satellite_count >= 7 AND wind_speed <= 36,1.0,0.0,-1.0,a > 10 AND b > 10,height >= 30 AND source_distance == 0,1.0,0.0,-1.0,0.0,b,"battery, satellite_count, wind_speed","a, b","height, source_distance",,,b,"satellite_count, battery, wind_speed","a, b","source_distance, height",1,3,2,2,Combined,1,0.9539078467494266
Desired_71,candidate,b > 10,battery >= 10 AND satellite_count >= 7 AND wind_speed <= 36,1.0,0.0,-1.0,height >= 30 AND source_distance == 0 AND a > 10,height >= 30 AND source_distance == 0,0.3103448275862068,1.0,0.6896551724137931,0.23,b,"battery, satellite_count, wind_speed","height, source_distance, a","height, source_distance",,"source_distance, height",b,"satellite_count, battery, wind_speed",a,,1,3,1,0,Combined,1,1.017304833899349
Desired_72,candidate,b > 10,battery >= 10 AND satellite_count >= 7 AND wind_speed <= 36,1.0,0.0,-1.0,height >= 30 AND source_distance == 0 AND b > 10,height >= 30 AND source_distance == 0,0.3103448275862068,1.0,0.6896551724137931,0.23,b,"battery, satellite_count, wind_speed","height, source_distance, b","height, source_distance",,"source_distance, height",b,"satellite_count, battery, wind_speed",b,,1,3,1,0,Combined,1,0.9136207117434847
Desired_73,candidate,b > 10,battery >= 10 AND satellite_count >= 7 AND wind_speed <= 36,1.0,0.0,-1.0,height >= 30 AND a > 10 AND b > 10,height >= 30 AND source_distance == 0,0.6551724137931034,1.0,0.3448275862068966,0.115,b,"battery, satellite_count, wind_speed","height, a, b","height, source_distance",,height,b,"satellite_count, battery, wind_speed","a, b",source_distance,1,3,2,1,Combined,1,1.0074107985070317
Desired_74,candidate,b > 10,battery >= 10 AND satellite_count >= 7 AND wind_speed <= 36,1.0,0.0,-1.0,source_distance == 0 AND a > 10 AND b > 10,height >= 30 AND source_distance == 0,0.6551724137931034,1.0,0.3448275862068966,0.115,b,"battery, satellite_count, wind_speed","source_distance, a, b","height, source_distance",,source_distance,b,"satellite_count, battery, wind_speed","a, b",height,1,3,2,1,Combined,1,1.0733990492006007
Desired_75,candidate,b > 10,battery >= 10 AND satellite_count >= 7 AND wind_speed <= 36,1.0,0.0,-1.0,height >= 30 AND source_distance == 0 AND a > 10 AND b > 10,height >= 30 AND source_distance == 0,0.4736842105263158,1.0,0.5263157894736842,0.175,b,"battery, satellite_count, wind_speed","height, source_distance, a, b","height, source_distance",,"source_distance, height",b,"satellite_count, battery, wind_speed","a, b",,1,3,2,0,Combined,1,0.9428541783988279
Desired_76,candidate,battery >= 10 AND satellite_count >= 7,battery >= 10 AND satellite_count >= 7 AND wind_speed <= 36,0.0476190476190476,1.0,0.9523809523809524,height >= 30,height >= 30 AND source_distance == 0,0.0909090909090909,1.0,0.9090909090909092,0.954,"battery, satellite_count","battery, satellite_count, wind_speed",height,"height, source_distance","satellite_count, battery",height,,wind_speed,,source_distance,0,1,0,1,Missing,0,0.08980590953553214
Desired_77,candidate,battery >= 10 AND satellite_count >= 7,battery >= 10 AND satellite_count >= 7 AND wind_speed <= 36,0.0476190476190476,1.0,0.9523809523809524,source_distance == 0,height >= 30 AND source_distance == 0,0.0909090909090909,1.0,0.9090909090909092,0.954,"battery, satellite_count","battery, satellite_count, wind_speed",source_distance,"height, source_distance","satellite_count, battery",source_distance,,wind_speed,,height,0,1,0,1,Missing,0,0.09555858281048285
Desired_78,candidate,battery >= 10 AND satellite_count >= 7,battery >= 10 AND satellite_count >= 7 AND wind_speed <= 36,0.0476190476190476,1.0,0.9523809523809524,a > 10,height >= 30 AND source_distance == 0,1.0,0.0,-1.0,0.317,"battery, satellite_count","battery, satellite_count, wind_speed",a,"height, source_distance","satellite_count, battery",,,wind_speed,a,"source_distance, height",0,1,1,2,Combined,1,1.023624807291763
Desired_79,candidate,battery >= 10 AND satellite_count >= 7,battery >= 10 AND satellite_count >= 7 AND wind_speed <= 36,0.0476190476190476,1.0,0.9523809523809524,b > 10,height >= 30 AND source_distance == 0,1.0,0.0,-1.0,0.317,"battery, satellite_count","battery, satellite_count, wind_speed",b,"height, source_distance","satellite_count, battery",,,wind_speed,b,"source_distance, height",0,1,1,2,Combined,1,1.0789958090455305
Desired_80,candidate,battery >= 10 AND satellite_count >= 7,battery >= 10 AND satellite_count >= 7 AND wind_speed <= 36,0.0476190476190476,1.0,0.9523809523809524,height >= 30 AND source_distance == 0,height >= 30 AND source_distance == 0,0.0,1.0,1.0,0.984,"battery, satellite_count","battery, satellite_count, wind_speed","height, source_distance","height, source_distance","satellite_count, battery","source_distance, height",,wind_speed,,,0,1,0,0,Missing,0,0.021217928453119914
Desired_81,candidate,battery >= 10 AND satellite_count >= 7,battery >= 10 AND satellite_count >= 7 AND wind_speed <= 36,0.0476190476190476,1.0,0.9523809523809524,height >= 30 AND a > 10,height >= 30 AND source_distance == 0,0.5,1.0,0.5,0.817,"battery, satellite_count","battery, satellite_count, wind_speed","height, a","height, source_distance","satellite_count, battery",height,,wind_speed,a,source_distance,0,1,1,1,Combined,1,1.0352935484849741
Desired_82,candidate,battery >= 10 AND satellite_count >= 7,battery >= 10 AND satellite_count >= 7 AND wind_speed <= 36,0.0476190476190476,1.0,0.9523809523809524,height >= 30 AND b > 10,height >= 30 AND source_distance == 0,0.5,1.0,0.5,0.817,"battery, satellite_count","battery, satellite_count, wind_speed","height, b","height, source_distance","satellite_count, battery",height,,wind_speed,b,source_distance,0,1,1,1,Combined,1,1.0222898670288683
Desired_83,candidate,battery >= 10 AND satellite_count >= 7,battery >= 10 AND satellite_count >= 7 AND wind_speed <= 36,0.0476190476190476,1.0,0.9523809523809524,source_distance == 0 AND a > 10,height >= 30 AND source_distance == 0,0.5,1.0,0.5,0.817,"battery, satellite_count","battery, satellite_count, wind_speed","source_distance, a","height, source_distance","satellite_count, battery",source_distance,,wind_speed,a,height,0,1,1,1,Combined,1,0.9878079095723669
Desired_84,candidate,battery >= 10 AND satellite_count >= 7,battery >= 10 AND satellite_count >= 7 AND wind_speed <= 36,0.0476190476190476,1.0,0.9523809523809524,source_distance == 0 AND b > 10,height >= 30 AND source_distance == 0,0.5,1.0,0.5,0.817,"battery, satellite_count","battery, satellite_count, wind_speed","source_distance, b","height, source_distance","satellite_count, battery",source_distance,,wind_speed,b,height,0,1,1,1,Combined,1,0.9291822431075234
Desired_85,candidate,battery >= 10 AND satellite_count >= 7,battery >= 10 AND satellite_count >= 7 AND wind_speed <= 36,0.0476190476190476,1.0,0.9523809523809524,a > 10 AND b > 10,height >= 30 AND source_distance == 0,1.0,0.0,-1.0,0.317,"battery, satellite_count","battery, satellite_count, wind_speed","a, b","height, source_distance","satellite_count, battery",,,wind_speed,"a, b","source_distance, height",0,1,2,2,Combined,1,1.002851936171164
Desired_86,candidate,battery >= 10 AND satellite_count >= 7,battery >= 10 AND satellite_count >= 7 AND wind_speed <= 36,0.0476190476190476,1.0,0.9523809523809524,height >= 30 AND source_distance == 0 AND a > 10,height >= 30 AND source_distance == 0,0.3103448275862068,1.0,0.6896551724137931,0.881,"battery, satellite_count","battery, satellite_count, wind_speed","height, source_distance, a","height, source_distance","satellite_count, battery","source_distance, height",,wind_speed,a,,0,1,1,0,Combined,1,0.9312651774672017
Desired_87,candidate,battery >= 10 AND satellite_count >= 7,battery >= 10 AND satellite_count >= 7 AND wind_speed <= 36,0.0476190476190476,1.0,0.9523809523809524,height >= 30 AND source_distance == 0 AND b > 10,height >= 30 AND source_distance == 0,0.3103448275862068,1.0,0.6896551724137931,0.881,"battery, satellite_count","battery, satellite_count, wind_speed","height, source_distance, b","height, source_distance","satellite_count, battery","source_distance, height",,wind_speed,b,,0,1,1,0,Combined,1,1.0519237060628859
Desired_88,candidate,battery >= 10 AND satellite_count >= 7,battery >= 10 AND satellite_count >= 7 AND wind_speed <= 36,0.0476190476190476,1.0,0.9523809523809524,height >= 30 AND a > 10 AND b > 10,height >= 30 AND source_distance == 0,0.6551724137931034,1.0,0.3448275862068966,0.766,"battery, satellite_count","battery, satellite_count, wind_speed","height, a, b","height, source_distance","satellite_count, battery",height,,wind_speed,"a, b",source_distance,0,1,2,1,Combined,1,1.0136905735912094
Desired_89,candidate,battery >= 10 AND satellite_count >= 7,battery >= 10 AND satellite_count >= 7 AND wind_speed <= 36,0.0476190476190476,1.0,0.9523809523809524,source_distance == 0 AND a > 10 AND b > 10,height >= 30 AND source_distance == 0,0.6551724137931034,1.0,0.3448275862068966,0.766,"battery, satellite_count","battery, satellite_count, wind_speed","source_distance, a, b","height, source_distance","satellite_count, battery",source_distance,,wind_speed,"a, b",height,0,1,2,1,Combined,1,0.9761018313425406
Desired_90,candidate,battery >= 10 AND satellite_count >= 7,battery >= 10 AND satellite_count >= 7 AND wind_speed <= 36,0.0476190476190476,1.0,0.9523809523809524,height >= 30 AND source_distance == 0 AND a > 10 AND b > 10,height >= 30 AND source_distance == 0,0.4736842105263158,1.0,0.5263157894736842,0.826,"battery, satellite_count","battery, satellite_count, wind_speed","height, source_distance, a, b","height, source_distance","satellite_count, battery","source_distance, height",,wind_speed,"a, b",,0,1,2,0,Combined,1,0.916746176478505
Desired_91,candidate,battery >= 10 AND wind_speed <= 36,battery >= 10 AND satellite_count >= 7 AND wind_speed <= 36,0.0476190476190476,1.0,0.9523809523809524,height >= 30,height >= 30 AND source_distance == 0,0.0909090909090909,1.0,0.9090909090909092,0.954,"battery, wind_speed","battery, satellite_count, wind_speed",height,"height, source_distance","battery, wind_speed",height,,satellite_count,,source_distance,0,1,0,1,Missing,0,-0.04201887257858126
Desired_92,candidate,battery >= 10 AND wind_speed <= 36,battery >= 10 AND satellite_count >= 7 AND wind_speed <= 36,0.0476190476190476,1.0,0.9523809523809524,source_distance == 0,height >= 30 AND source_distance == 0,0.0909090909090909,1.0,0.9090909090909092,0.954,"battery, wind_speed","battery, satellite_count, wind_speed",source_distance,"height, source_distance","battery, wind_speed",source_distance,,satellite_count,,height,0,1,0,1,Missing,0,0.031155306286977213
Desired_93,candidate,battery >= 10 AND wind_speed <= 36,battery >= 10 AND satellite_count >= 7 AND wind_speed <= 36,0.0476190476190476,1.0,0.9523809523809524,a > 10,height >= 30 AND source_distance == 0,1.0,0.0,-1.0,0.317,"battery, wind_speed","battery, satellite_count, wind_speed",a,"height, source_distance","battery, wind_speed",,,satellite_count,a,"source_distance, height",0,1,1,2,Combined,1,1.052097717842935
Desired_94,candidate,battery >= 10 AND wind_speed <= 36,battery >= 10 AND satellite_count >= 7 AND wind_speed <= 36,0.0476190476190476,1.0,0.9523809523809524,b > 10,height >= 30 AND source_distance == 0,1.0,0.0,-1.0,0.317,"battery, wind_speed","battery, satellite_count, wind_speed",b,"height, source_distance","battery, wind_speed",,,satellite_count,b,"source_distance, height",0,1,1,2,Combined,1,1.0411040995188583
Desired_95,candidate,battery >= 10 AND wind_speed <= 36,battery >= 10 AND satellite_count >= 7 AND wind_speed <= 36,0.0476190476190476,1.0,0.9523809523809524,height >= 30 AND source_distance == 0,height >= 30 AND source_distance == 0,0.0,1.0,1.0,0.984,"battery, wind_speed","battery, satellite_count, wind_speed","height, source_distance","height, source_distance","battery, wind_speed","source_distance, height",,satellite_count,,,0,1,0,0,Missing,0,0.016897988271707604
Desired_96,candidate,battery >= 10 AND wind_speed <= 36,battery >= 10 AND satellite_count >= 7 AND wind_speed <= 36,0.0476190476190476,1.0,0.9523809523809524,height >= 30 AND a > 10,height >= 30 AND source_distance == 0,0.5,1.0,0.5,0.817,"battery, wind_speed","battery, satellite_count, wind_speed","height, a","height, source_distance","battery, wind_speed",height,,satellite_count,a,source_distance,0,1,1,1,Combined,1,1.07449474456625
Desired_97,candidate,battery >= 10 AND wind_speed <= 36,battery >= 10 AND satellite_count >= 7 AND wind_speed <= 36,0.0476190476190476,1.0,0.9523809523809524,height >= 30 AND b > 10,height >= 30 AND source_distance == 0,0.5,1.0,0.5,0.817,"battery, wind_speed","battery, satellite_count, wind_speed","height, b","height, source_distance","battery, wind_speed",height,,satellite_count,b,source_distance,0,1,1,1,Combined,1,1.0879370959210406
Desired_98,candidate,battery >= 10 AND wind_speed <= 36,battery >= 10 AND satellite_count >= 7 AND wind_speed <= 36,0.0476190476190476,1.0,0.9523809523809524,source_distance == 0 AND a > 10,height >= 30 AND source_distance == 0,0.5,1.0,0.5,0.817,"battery, wind_speed","battery, satellite_count, wind_speed","source_distance, a","height, source_distance","battery, wind_speed",source_distance,,satellite_count,a,height,0,1,1,1,Combined,1,0.9736861789077945
Desired_99,candidate,battery >= 10 AND wind_speed <= 36,battery >= 10 AND satellite_count >= 7 AND wind_speed <= 36,0.0476190476190476,1.0,0.9523809523809524,source_distance == 0 AND b > 10,height >= 30 AND source_distance == 0,0.5,1.0,0.5,0.817,"battery, wind_speed","battery, satellite_count, wind_speed","source_distance, b","height, source_distance","battery, wind_speed",source_distance,,satellite_count,b,height,0,1,1,1,Combined,1,1.0355330315091817
Desired_100,candidate,battery >= 10 AND wind_speed <= 36,battery >= 10 AND satellite_count >= 7 AND wind_speed <= 36,0.0476190476190476,1.0,0.9523809523809524,a > 10 AND b > 10,height >= 30 AND source_distance == 0,1.0,0.0,-1.0,0.317,"battery, wind_speed","battery, satellite_count, wind_speed","a, b","height, source_distance","battery, wind_speed",,,satellite_count,"a, b","source_distance, height",0,1,2,2,Combined,1,0.9195353678299002
Desired_101,candidate,battery >= 10 AND wind_speed <= 36,battery >= 10 AND satellite_count >= 7 AND wind_speed <= 36,0.0476190476190476,1.0,0.9523809523809524,height >= 30 AND source_distance == 0 AND a > 10,height >= 30 AND source_distance == 0,0.3103448275862068,1.0,0.6896551724137931,0.881,"battery, wind_speed","battery, satellite_count, wind_speed","height, source_distance, a","height, source_distance","battery, wind_speed","source_distance, height",,satellite_count,a,,0,1,1,0,Combined,1,1.0260027488177026
Desired_102,candidate,battery >= 10 AND wind_speed <= 36,battery >= 10 AND satellite_count >= 7 AND wind_speed <= 36,0.0476190476190476,1.0,0.9523809523809524,height >= 30 AND source_distance == 0 AND b > 10,height >= 30 AND source_distance == 0,0.3103448275862068,1.0,0.6896551724137931,0.881,"battery, wind_speed","battery, satellite_count, wind_speed","height, source_distance, b","height, source_distance","battery, wind_speed","source_distance, height",,satellite_count,b,,0,1,1,0,Combined,1,0.9062344794520494
Desired_103,candidate,battery >= 10 AND wind_speed <= 36,battery >= 10 AND satellite_count >= 7 AND wind_speed <= 36,0.0476190476190476,1.0,0.9523809523809524,height >= 30 AND a > 10 AND b > 10,height >= 30 AND source_distance == 0,0.6551724137931034,1.0,0.3448275862068966,0.766,"battery, wind_speed","battery, satellite_count, wind_speed","height, a, b","height, source_distance","battery, wind_speed",height,,satellite_count,"a, b",source_distance,0,1,2,1,Combined,1,1.0078317592423567
Desired_104,candidate,battery >= 10 AND wind_speed <= 36,battery >= 10 AND satellite_count >= 7 AND wind_speed <= 36,0.0476190476190476,1.0,0.9523809523809524,source_distance == 0 AND a > 10 AND b > 10,height >= 30 AND source_distance == 0,0.6551724137931034,1.0,0.3448275862068966,0.766,"battery, wind_speed","battery, satellite_count, wind_speed","source_distance, a, b","height, source_distance","battery, wind_speed",source_distance,,satellite_count,"a, b",height,0,1,2,1,Combined,1,0.9021904784781881
Desired_105,candidate,battery >= 10 AND wind_speed <= 36,battery >= 10 AND satellite_count >= 7 AND wind_speed <= 36,0.0476190476190476,1.0,0.9523809523809524,height >= 30 AND source_distance == 0 AND a > 10 AND b > 10,height >= 30 AND source_distance == 0,0.4736842105263158,1.0,0.5263157894736842,0.826,"battery, wind_speed","battery, satellite_count, wind_speed","height, source_distance, a, b","height, source_distance","battery, wind_speed","source_distance, height",,satellite_count,"a, b",,0,1,2,0,Combined,1,0.9353260183295311
Desired_106,candidate,battery >= 10 AND a > 10,battery >= 10 AND satellite_count >= 7 AND wind_speed <= 36,0.5238095238095238,1.0,0.4761904761904761,height >= 30,height >= 30 AND source_distance == 0,0.0909090909090909,1.0,0.9090909090909092,0.795,"battery, a","battery, satellite_count, wind_speed",height,"height, source_distance",battery,height,a,"satellite_count, wind_speed",,source_distance,1,2,0,1,Combined,1,1.077489299183667
Desired_107,candidate,battery >= 10 AND a > 10,battery >= 10 AND satellite_count >= 7 AND wind_speed <= 36,0.5238095238095238,1.0,0.4761904761904761,source_distance == 0,height >= 30 AND source_distance == 0,0.0909090909090909,1.0,0.9090909090909092,0.795,"battery, a","battery, satellite_count, wind_speed",source_distance,"height, source_distance",battery,source_distance,a,"satellite_count, wind_speed",,height,1,2,0,1,Combined,1,0.98241421346297
Desired_108,candidate,battery >= 10 AND a > 10,battery >= 10 AND satellite_count >= 7 AND wind_speed <= 36,0.5238095238095238,1.0,0.4761904761904761,a > 10,height >= 30 AND source_distance == 0,1.0,0.0,-1.0,0.159,"battery, a","battery, satellite_count, wind_speed",a,"height, source_distance",battery,,a,"satellite_count, wind_speed",a,"source_distance, height",1,2,1,2,Combined,1,0.9998449704943813
Desired_109,candidate,battery >= 10 AND a > 10,battery >= 10 AND satellite_count >= 7 AND wind_speed <= 36,0.5238095238095238,1.0,0.4761904761904761,b > 10,height >= 30 AND source_distance == 0,1.0,0.0,-1.0,0.159,"battery, a","battery, satellite_count, wind_speed",b,"height, source_distance",battery,,a,"satellite_count, wind_speed",b,"source_distance, height",1,2,1,2,Combined,1,1.0574846712722004
Desired_110,candidate,battery >= 10 AND a > 10,battery >= 10 AND satellite_count >= 7 AND wind_speed <= 36,0.5238095238095238,1.0,0.4761904761904761,height >= 30 AND source_distance == 0,height >= 30 AND source_distance == 0,0.0,1.0,1.0,0.825,"battery, a","battery, satellite_count, wind_speed","height, source_distance","height, source_distance",battery,"source_distance, height",a,"satellite_count, wind_speed",,,1,2,0,0,Combined,1,1.0624252820050968
Desired_111,candidate,battery >= 10 AND a > 10,battery >= 10 AND satellite_count >= 7 AND wind_speed <= 36,0.5238095238095238,1.0,0.4761904761904761,height >= 30 AND a > 10,height >= 30 AND source_distance == 0,0.5,1.0,0.5,0.659,"battery, a","battery, satellite_count, wind_speed","height, a","height, source_distance",battery,height,a,"satellite_count, wind_speed",a,source_distance,1,2,1,1,Combined,1,1.0335406193355352
Desired_112,candidate,battery >= 10 AND a > 10,battery >= 10 AND satellite_count >= 7 AND wind_speed <= 36,0.5238095238095238,1.0,0.4761904761904761,height >= 30 AND b > 10,height >= 30 AND source_distance == 0,0.5,1.0,0.5,0.659,"battery, a","battery, satellite_count, wind_speed","height, b","height, source_distance",battery,height,a,"satellite_count, wind_speed",b,source_distance,1,2,1,1,Combined,1,0.9425263951266262
Desired_113,candidate,battery >= 10 AND a > 10,battery >= 10 AND satellite_count >= 7 AND wind_speed <= 36,0.5238095238095238,1.0,0.4761904761904761,source_distance == 0 AND a > 10,height >= 30 AND source_distance == 0,0.5,1.0,0.5,0.659,"battery, a","battery, satellite_count, wind_speed","source_distance, a","height, source_distance",battery,source_distance,a,"satellite_count, wind_speed",a,height,1,2,1,1,Combined,1,0.9675908949489062
Desired_114,candidate,battery >= 10 AND a > 10,battery >= 10 AND satellite_count >= 7 AND wind_speed <= 36,0.5238095238095238,1.0,0.4761904761904761,source_distance == 0 AND b > 10,height >= 30 AND source_distance == 0,0.5,1.0,0.5,0.659,"battery, a","battery, satellite_count, wind_speed","source_distance, b","height, source_distance",battery,source_distance,a,"satellite_count, wind_speed",b,height,1,2,1,1,Combined,1,0.9730611120852585
Desired_115,candidate,battery >= 10 AND a > 10,battery >= 10 AND satellite_count >= 7 AND wind_speed <= 36,0.5238095238095238,1.0,0.4761904761904761,a > 10 AND b > 10,height >= 30 AND source_distance == 0,1.0,0.0,-1.0,0.159,"battery, a","battery, satellite_count, wind_speed","a, b","height, source_distance",battery,,a,"satellite_count, wind_speed","a, b","source_distance, height",1,2,2,2,Combined,1,1.0249285076125345
Desired_116,candidate,battery >= 10 AND a > 10,battery >= 10 AND satellite_count >= 7 AND wind_speed <= 36,0.5238095238095238,1.0,0.4761904761904761,height >= 30 AND source_distance == 0 AND a > 10,height >= 30 AND source_distance == 0,0.3103448275862068,1.0,0.6896551724137931,0.722,"battery, a","battery, satellite_count, wind_speed","height, source_distance, a","height, source_distance",battery,"source_distance, height",a,"satellite_count, wind_speed",a,,1,2,1,0,Combined,1,0.9277396400728308
Desired_117,candidate,battery >= 10 AND a > 10,battery >= 10 AND satellite_count >= 7 AND wind_speed <= 36,0.5238095238095238,1.0,0.4761904761904761,height >= 30 AND source_distance == 0 AND b > 10,height >= 30 AND source_distance == 0,0.3103448275862068,1.0,0.6896551724137931,0.722,"battery, a","battery, satellite_count, wind_speed","height, source_distance, b","height, source_distance",battery,"source_distance, height",a,"satellite_count, wind_speed",b,,1,2,1,0,Combined,1,0.9100310968614093
Desired_118,candidate,battery >= 10 AND a > 10,battery >= 10 AND satellite_count >= 7 AND wind_speed <= 36,0.5238095238095238,1.0,0.4761904761904761,height >= 30 AND a > 10 AND b > 10,height >= 30 AND source_distance == 0,0.6551724137931034,1.0,0.3448275862068966,0.607,"battery, a","battery, satellite_count, wind_speed","height, a, b","height, source_distance",battery,height,a,"satellite_count, wind_speed","a, b",source_distance,1,2,2,1,Combined,1,1.0085648520157178
Desired_119,candidate,battery >= 10 AND a > 10,battery >= 10 AND satellite_count >= 7 AND wind_speed <= 36,0.5238095238095238,1.0,0.4761904761904761,source_distance == 0 AND a > 10 AND b > 10,height >= 30 AND source_distance == 0,0.6551724137931034,1.0,0.3448275862068966,0.607,"battery, a","battery, satellite_count, wind_speed","source_distance, a, b","height, source_distance",battery,source_distance,a,"satellite_count, wind_speed","a, b",height,1,2,2,1,Combined,1,0.9878244484361229
Desired_120,candidate,battery >= 10 AND a > 10,battery >= 10 AND satellite_count >= 7 AND wind_speed <= 36,0.5238095238095238,1.0,0.4761904761904761,height >= 30 AND source_distance == 0 AND a > 10 AND b > 10,height >= 30 AND source_distance == 0,0.4736842105263158,1.0,0.5263157894736842,0.668,"battery, a","battery, satellite_count, wind_speed","height, source_distance, a, b","height, source_distance",battery,"source_distance, height",a,"satellite_count, wind_speed","a, b",,1,2,2,0,Combined,1,1.0065643329026033
Desired_121,candidate,battery >= 10 AND b > 10,battery >= 10 AND satellite_count >= 7 AND wind_speed <= 36,0.5238095238095238,1.0,0.4761904761904761,height >= 30,height >= 30 AND source_distance == 0,0.0909090909090909,1.0,0.9090909090909092,0.795,"battery, b","battery, satellite_count, wind_speed",height,"height, source_distance",battery,height,b,"satellite_count, wind_speed",,source_distance,1,2,0,1,Combined,1,0.9118121274758249
Desired_122,candidate,battery >= 10 AND b > 10,battery >= 10 AND satellite_count >= 7 AND wind_speed <= 36,0.5238095238095238,1.0,0.4761904761904761,source_distance == 0,height >= 30 AND source_distance == 0,0.0909090909090909,1.0,0.9090909090909092,0.795,"battery, b","battery, satellite_count, wind_speed",source_distance,"height, source_distance",battery,source_distance,b,"satellite_count, wind_speed",,height,1,2,0,1,Combined,1,1.0870446931770654
Desired_123,candidate,battery >= 10 AND b > 10,battery >= 10 AND satellite_count >= 7 AND wind_speed <= 36,0.5238095238095238,1.0,0.4761904761904761,a > 10,height >= 30 AND source_distance == 0,1.0,0.0,-1.0,0.159,"battery, b","battery, satellite_count, wind_speed",a,"height, source_distance",battery,,b,"satellite_count, wind_speed",a,"source_distance, height",1,2,1,2,Combined,1,0.922706702377903
Desired_124,candidate,battery >= 10 AND b > 10,battery >= 10 AND satellite_count >= 7 AND wind_speed <= 36,0.5238095238095238,1.0,0.4761904761904761,b > 10,height >= 30 AND source_distance == 0,1.0,0.0,-1.0,0.159,"battery, b","battery, satellite_count, wind_speed",b,"height, source_distance",battery,,b,"satellite_count, wind_speed",b,"source_distance, height",1,2,1,2,Combined,1,1.0458707942418317
Desired_125,candidate,battery >= 10 AND b > 10,battery >= 10 AND satellite_count >= 7 AND wind_speed <= 36,0.5238095238095238,1.0,0.4761904761904761,height >= 30 AND source_distance == 0,height >= 30 AND source_distance == 0,0.0,1.0,1.0,0.825,"battery, b","battery, satellite_count, wind_speed","height, source_distance","height, source_distance",battery,"source_distance, height",b,"satellite_count, wind_speed",,,1,2,0,0,Combined,1,0.9252754000954915
Desired_126,candidate,battery >= 10 AND b > 10,battery >= 10 AND satellite_count >= 7 AND wind_speed <= 36,0.5238095238095238,1.0,0.4761904761904761,height >= 30 AND a > 10,height >= 30 AND source_distance == 0,0.5,1.0,0.5,0.659,"battery, b","battery, satellite_count, wind_speed","height, a","height, source_distance",battery,height,b,"satellite_count, wind_speed",a,source_distance,1,2,1,1,Combined,1,0.9484888057302353
Desired_127,candidate,battery >= 10 AND b > 10,battery >= 10 AND satellite_count >= 7 AND wind_speed <= 36,0.5238095238095238,1.0,0.4761904761904761,height >= 30 AND b > 10,height >= 30 AND source_distance == 0,0.5,1.0,0.5,0.659,"battery, b","battery, satellite_count, wind_speed","height, b","height, source_distance",battery,height,b,"satellite_count, wind_speed",b,source_distance,1,2,1,1,Combined,1,1.0734214100642454
Desired_128,candidate,battery >= 10 AND b > 10,battery >= 10 AND satellite_count >= 7 AND wind_speed <= 36,0.5238095238095238,1.0,0.4761904761904761,source_distance == 0 AND a > 10,height >= 30 AND source_distance == 0,0.5,1.0,0.5,0.659,"battery, b","battery, satellite_count, wind_speed","source_distance, a","height, source_distance",battery,source_distance,b,"satellite_count, wind_speed",a,height,1,2,1,1,Combined,1,0.976803367829318
Desired_129,candidate,battery >= 10 AND b > 10,battery >= 10 AND satellite_count >= 7 AND wind_speed <= 36,0.5238095238095238,1.0,0.4761904761904761,source_distance == 0 AND b > 10,height >= 30 AND source_distance == 0,0.5,1.0,0.5,0.659,"battery, b","battery, satellite_count, wind_speed","source_distance, b","height, source_distance",battery,source_distance,b,"satellite_count, wind_speed",b,height,1,2,1,1,Combined,1,0.934283362957934
Desired_130,candidate,battery >= 10 AND b > 10,battery >= 10 AND satellite_count >= 7 AND wind_speed <= 36,0.5238095238095238,1.0,0.4761904761904761,a > 10 AND b > 10,height >= 30 AND source_distance == 0,1.0,0.0,-1.0,0.159,"battery, b","battery, satellite_count, wind_speed","a, b","height, source_distance",battery,,b,"satellite_count, wind_speed","a, b","source_distance, height",1,2,2,2,Combined,1,0.9886315579393025
Desired_131,candidate,battery >= 10 AND b > 10,battery >= 10 AND satellite_count >= 7 AND wind_speed <= 36,0.5238095238095238,1.0,0.4761904761904761,height >= 30 AND source_distance == 0 AND a > 10,height >= 30 AND source_distance == 0,0.3103448275862068,1.0,0.6896551724137931,0.722,"battery, b","battery, satellite_count, wind_speed","height, source_distance, a","height, source_distance",battery,"source_distance, height",b,"satellite_count, wind_speed",a,,1,2,1,0,Combined,1,1.020793203536139
Desired_132,candidate,battery >= 10 AND b > 10,battery >= 10 AND satellite_count >= 7 AND wind_speed <= 36,0.5238095238095238,1.0,0.4761904761904761,height >= 30 AND source_distance == 0 AND b > 10,height >= 30 AND source_distance == 0,0.3103448275862068,1.0,0.6896551724137931,0.722,"battery, b","battery, satellite_count, wind_speed","height, source_distance, b","height, source_distance",battery,"source_distance, height",b,"satellite_count, wind_speed",b,,1,2,1,0,Combined,1,0.9484279702207771
Desired_133,candidate,battery >= 10 AND b > 10,battery >= 10 AND satellite_count >= 7 AND wind_speed <= 36,0.5238095238095238,1.0,0.4761904761904761,height >= 30 AND a > 10 AND b > 10,height >= 30 AND source_distance == 0,0.6551724137931034,1.0,0.3448275862068966,0.607,"battery, b","battery, satellite_count, wind_speed","height, a, b","height, source_distance",battery,height,b,"satellite_count, wind_speed","a, b",source_distance,1,2,2,1,Combined,1,1.0667366242662604
Desired_134,candidate,battery >= 10 AND b > 10,battery >= 10 AND satellite_count >= 7 AND wind_speed <= 36,0.5238095238095238,1.0,0.4761904761904761,source_distance == 0 AND a > 10 AND b > 10,height >= 30 AND source_distance == 0,0.6551724137931034,1.0,0.3448275862068966,0.607,"battery, b","battery, satellite_count, wind_speed","source_distance, a, b","height, source_distance",battery,source_distance,b,"satellite_count, wind_speed","a, b",height,1,2,2,1,Combined,1,0.9467430141393883
Desired_135,candidate,battery >= 10 AND b > 10,battery >= 10 AND satellite_count >= 7 AND wind_speed <= 36,0.5238095238095238,1.0,0.4761904761904761,height >= 30 AND source_distance == 0 AND a > 10 AND b > 10,height >= 30 AND source_distance == 0,0.4736842105263158,1.0,0.5263157894736842,0.668,"battery, b","battery, satellite_count, wind_speed","height, source_distance, a, b","height, source_distance",battery,"source_distance, height",b,"satellite_count, wind_speed","a, b",,1,2,2,0,Combined,1,0.9401102165938334
Desired_136,candidate,satellite_count >= 7 AND wind_speed <= 36,battery >= 10 AND satellite_count >= 7 AND wind_speed <= 36,0.0476190476190476,1.0,0.9523809523809524,height >= 30,height >= 30 AND source_distance == 0,0.0909090909090909,1.0,0.9090909090909092,0.954,"satellite_count, wind_speed","battery, satellite_count, wind_speed",height,"height, source_distance","satellite_count, wind_speed",height,,battery,,source_distance,0,1,0,1,Missing,0,-0.019683070209951053
Desired_137,candidate,satellite_count >= 7 AND wind_speed <= 36,battery >= 10 AND satellite_count >= 7 AND wind_speed <= 36,0.0476190476190476,1.0,0.9523809523809524,source_distance == 0,height >= 30 AND source_distance == 0,0.0909090909090909,1.0,0.9090909090909092,0.954,"satellite_count, wind_speed","battery, satellite_count, wind_speed",source_distance,"height, source_distance","satellite_count, wind_speed",source_distance,,battery,,height,0,1,0,1,Missing,0,-0.0015744507083615272
Desired_138,candidate,satellite_count >= 7 AND wind_speed <= 36,battery >= 10 AND satellite_count >= 7 AND wind_speed <= 36,0.0476190476190476,1.0,0.9523809523809524,a > 10,height >= 30 AND source_distance == 0,1.0,0.0,-1.0,0.317,"satellite_count, wind_speed","battery, satellite_count, wind_speed",a,"height, source_distance","satellite_count, wind_speed",,,battery,a,"source_distance, height",0,1,1,2,Combined,1,1.0371834549692522
Desired_139,candidate,satellite_count >= 7 AND wind_speed <= 36,battery >= 10 AND satellite_count >= 7 AND wind_speed <= 36,0.0476190476190476,1.0,0.9523809523809524,b > 10,height >= 30 AND source_distance == 0,1.0,0.0,-1.0,0.317,"satellite_count, wind_speed","battery, satellite_count, wind_speed",b,"height, source_distance","satellite_count, wind_speed",,,battery,b,"source_distance, height",0,1,1,2,Combined,1,0.9808173633090679
Desired_140,candidate,satellite_count >= 7 AND wind_speed <= 36,battery >= 10 AND satellite_count >= 7 AND wind_speed <= 36,0.0476190476190476,1.0,0.9523809523809524,height >= 30 AND source_distance == 0,height >= 30 AND source_distance == 0,0.0,1.0,1.0,0.984,"satellite_count, wind_speed","battery, satellite_count, wind_speed","height, source_distance","height, source_distance","satellite_count, wind_speed","source_distance, height",,battery,,,0,1,0,0,Missing,0,-0.002747942448735552
Desired_141,candidate,satellite_count >= 7 AND wind_speed <= 36,battery >= 10 AND satellite_count >= 7 AND wind_speed <= 36,0.0476190476190476,1.0,0.9523809523809524,height >= 30 AND a > 10,height >= 30 AND source_distance == 0,0.5,1.0,0.5,0.817,"satellite_count, wind_speed","battery, satellite_count, wind_speed","height, a","height, source_distance","satellite_count, wind_speed",height,,battery,a,source_distance,0,1,1,1,Combined,1,0.9374904792534334
Desired_142,candidate,satellite_count >= 7 AND wind_speed <= 36,battery >= 10 AND satellite_count >= 7 AND wind_speed <= 36,0.0476190476190476,1.0,0.9523809523809524,height >= 30 AND b > 10,height >= 30 AND source_distance == 0,0.5,1.0,0.5,0.817,"satellite_count, wind_speed","battery, satellite_count, wind_speed","height, b","height, source_distance","satellite_count, wind_speed",height,,battery,b,source_distance,0,1,1,1,Combined,1,0.9046997138445005
Desired_143,candidate,satellite_count >= 7 AND wind_speed <= 36,battery >= 10 AND satellite_count >= 7 AND wind_speed <= 36,0.0476190476190476,1.0,0.9523809523809524,source_distance == 0 AND a > 10,height >= 30 AND source_distance == 0,0.5,1.0,0.5,0.817,"satellite_count, wind_speed","battery, satellite_count, wind_speed","source_distance, a","height, source_distance","satellite_count, wind_speed",source_distance,,battery,a,height,0,1,1,1,Combined,1,1.0574077773788737
Desired_144,candidate,satellite_count >= 7 AND wind_speed <= 36,battery >= 10 AND satellite_count >= 7 AND wind_speed <= 36,0.0476190476190476,1.0,0.9523809523809524,source_distance == 0 AND b > 10,height >= 30 AND source_distance == 0,0.5,1.0,0.5,0.817,"satellite_count, wind_speed","battery, satellite_count, wind_speed","source_distance, b","height, source_distance","satellite_count, wind_speed",source_distance,,battery,b,height,0,1,1,1,Combined,1,1.0796824270827734
Desired_145,candidate,satellite_count >= 7 AND wind_speed <= 36,battery >= 10 AND satellite_count >= 7 AND wind_speed <= 36,0.0476190476190476,1.0,0.9523809523809524,a > 10 AND b > 10,height >= 30 AND source_distance == 0,1.0,0.0,-1.0,0.317,"satellite_count, wind_speed","battery, satellite_count, wind_speed","a, b","height, source_distance","satellite_count, wind_speed",,,battery,"a, b","source_distance, height",0,1,2,2,Combined,1,0.915207817496128
Desired_146,candidate,satellite_count >= 7 AND wind_speed <= 36,battery >= 10 AND satellite_count >= 7 AND wind_speed <= 36,0.0476190476190476,1.0,0.9523809523809524,height >= 30 AND source_distance == 0 AND a > 10,height >= 30 AND source_distance == 0,0.3103448275862068,1.0,0.6896551724137931,0.881,"satellite_count, wind_speed","battery, satellite_count, wind_speed","height, source_distance, a","height, source_distance","satellite_count, wind_speed","source_distance, height",,battery,a,,0,1,1,0,Combined,1,0.920843663919605
Desired_147,candidate,satellite_count >= 7 AND wind_speed <= 36,battery >= 10 AND satellite_count >= 7 AND wind_speed <= 36,0.0476190476190476,1.0,0.9523809523809524,height >= 30 AND source_distance == 0 AND b > 10,height >= 30 AND source_distance == 0,0.3103448275862068,1.0,0.6896551724137931,0.881,"satellite_count, wind_speed","battery, satellite_count, wind_speed","height, source_distance, b","height, source_distance","satellite_count, wind_speed","source_distance, height",,battery,b,,0,1,1,0,Combined,1,0.9870578194209421
Desired_148,candidate,satellite_count >= 7 AND wind_speed <= 36,battery >= 10 AND satellite_count >= 7 AND wind_speed <= 36,0.0476190476190476,1.0,0.9523809523809524,height >= 30 AND a > 10 AND b > 10,height >= 30 AND source_distance == 0,0.6551724137931034,1.0,0.3448275862068966,0.766,"satellite_count, wind_speed","battery, satellite_count, wind_speed","height, a, b","height, source_distance","satellite_count, wind_speed",height,,battery,"a, b",source_distance,0,1,2,1,Combined,1,1.0614502807157167
Desired_149,candidate,satellite_count >= 7 AND wind_speed <= 36,battery >= 10 AND satellite_count >= 7 AND wind_speed <= 36,0.0476190476190476,1.0,0.9523809523809524,source_distance == 0 AND a > 10 AND b > 10,height >= 30 AND source_distance == 0,0.6551724137931034,1.0,0.3448275862068966,0.766,"satellite_count, wind_speed","battery, satellite_count, wind_speed","source_distance, a, b","height, source_distance","satellite_count, wind_speed",source_distance,,battery,"a, b",height,0,1,2,1,Combined,1,1.0796530096783967
Desired_150,candidate,satellite_count >= 7 AND wind_speed <= 36,battery >= 10 AND satellite_count >= 7 AND wind_speed <= 36,0.0476190476190476,1.0,0.9523809523809524,height >= 30 AND source_distance == 0 AND a > 10 AND b > 10,height >= 30 AND source_distance == 0,0.4736842105263158,1.0,0.5263157894736842,0.826,"satellite_count, wind_speed","battery, satellite_count, wind_speed","height, source_distance, a, b","height, source_distance","satellite_count, wind_speed","source_distance, height",,battery,"a, b",,0,1,2,0,Combined,1,1.0519052496794818
Desired_151,candidate,satellite_count >= 7 AND a > 10,battery >= 10 AND satellite_count >= 7 AND wind_speed <= 36,0.5238095238095238,1.0,0.4761904761904761,height >= 30,height >= 30 AND source_distance == 0,0.0909090909090909,1.0,0.9090909090909092,0.795,"satellite_count, a","battery, satellite_count, wind_speed",height,"height, source_distance",satellite_count,height,a,"battery, wind_speed",,source_distance,1,2,0,1,Combined,1,1.0375211929301187
Desired_152,candidate,satellite_count >= 7 AND a > 10,battery >= 10 AND satellite_count >= 7 AND wind_speed <= 36,0.5238095238095238,1.0,0.4761904761904761,source_distance == 0,height >= 30 AND source_distance == 0,0.0909090909090909,1.0,0.9090909090909092,0.795,"satellite_count, a","battery, satellite_count, wind_speed",source_distance,"height, source_distance",satellite_count,source_distance,a,"battery, wind_speed",,height,1,2,0,1,Combined,1,0.9179378957980089
Desired_153,candidate,satellite_count >= 7 AND a > 10,battery >= 10 AND satellite_count >= 7 AND wind_speed <= 36,0.5238095238095238,1.0,0.4761904761904761,a > 10,height >= 30 AND source_distance == 0,1.0,0.0,-1.0,0.159,"satellite_count, a","battery, satellite_count, wind_speed",a,"height, source_distance",satellite_count,,a,"battery, wind_speed",a,"source_distance, height",1,2,1,2,Combined,1,1.0657790275571652
Desired_154,candidate,satellite_count >= 7 AND a > 10,battery >= 10 AND satellite_count >= 7 AND wind_speed <= 36,0.5238095238095238,1.0,0.4761904761904761,b > 10,height >= 30 AND source_distance == 0,1.0,0.0,-1.0,0.159,"satellite_count, a","battery, satellite_count, wind_speed",b,"height, source_distance",satellite_count,,a,"battery, wind_speed",b,"source_distance, height",1,2,1,2,Combined,1,0.9458206201236538
Desired_155,candidate,satellite_count >= 7 AND a > 10,battery >= 10 AND satellite_count >= 7 AND wind_speed <= 36,0.5238095238095238,1.0,0.4761904761904761,height >= 30 AND source_distance == 0,height >= 30 AND source_distance == 0,0.0,1.0,1.0,0.825,"satellite_count, a","battery, satellite_count, wind_speed","height, source_distance","height, source_distance",satellite_count,"source_distance, height",a,"battery, wind_speed",,,1,2,0,0,Combined,1,1.046675835112912
Desired_156,candidate,satellite_count >= 7 AND a > 10,battery >= 10 AND satellite_count >= 7 AND wind_speed <= 36,0.5238095238095238,1.0,0.4761904761904761,height >= 30 AND a > 10,height >= 30 AND source_distance == 0,0.5,1.0,0.5,0.659,"satellite_count, a","battery, satellite_count, wind_speed","height, a","height, source_distance",satellite_count,height,a,"battery, wind_speed",a,source_distance,1,2,1,1,Combined,1,0.9298130760831297
Desired_157,candidate,satellite_count >= 7 AND a > 10,battery >= 10 AND satellite_count >= 7 AND wind_speed <= 36,0.5238095238095238,1.0,0.4761904761904761,height >= 30 AND b > 10,height >= 30 AND source_distance == 0,0.5,1.0,0.5,0.659,"satellite_count, a","battery, satellite_count, wind_speed","height, b","height, source_distance",satellite_count,height,a,"battery, wind_speed",b,source_distance,1,2,1,1,Combined,1,1.0027859751035444
Desired_158,candidate,satellite_count >= 7 AND a > 10,battery >= 10 AND satellite_count >= 7 AND wind_speed <= 36,0.5238095238095238,1.0,0.4761904761904761,source_distance == 0 AND a > 10,height >= 30 AND source_distance == 0,0.5,1.0,0.5,0.659,"satellite_count, a","battery, satellite_count, wind_speed","source_distance, a","height, source_distance",satellite_count,source_distance,a,"battery, wind_speed",a,height,1,2,1,1,Combined,1,0.9950932533626854
Desired_159,candidate,satellite_count >= 7 AND a > 10,battery >= 10 AND satellite_count >= 7 AND wind_speed <= 36,0.5238095238095238,1.0,0.4761904761904761,source_distance == 0 AND b > 10,height >= 30 AND source_distance == 0,0.5,1.0,0.5,0.659,"satellite_count, a","battery, satellite_count, wind_speed","source_distance, b","height, source_distance",satellite_count,source_distance,a,"battery, wind_speed",b,height,1,2,1,1,Combined,1,0.9835723514140613
Desired_160,candidate,satellite_count >= 7 AND a > 10,battery >= 10 AND satellite_count >= 7 AND wind_speed <= 36,0.5238095238095238,1.0,0.4761904761904761,a > 10 AND b > 10,height >= 30 AND source_distance == 0,1.0,0.0,-1.0,0.159,"satellite_count, a","battery, satellite_count, wind_speed","a, b","height, source_distance",satellite_count,,a,"battery, wind_speed","a, b","source_distance, height",1,2,2,2,Combined,1,0.9908741015907162
Desired_161,candidate,satellite_count >= 7 AND a > 10,battery >= 10 AND satellite_count >= 7 AND wind_speed <= 36,0.5238095238095238,1.0,0.4761904761904761,height >= 30 AND source_distance == 0 AND a > 10,height >= 30 AND source_distance == 0,0.3103448275862068,1.0,0.6896551724137931,0.722,"satellite_count, a","battery, satellite_count, wind_speed","height, source_distance, a","height, source_distance",satellite_count,"source_distance, height",a,"battery, wind_speed",a,,1,2,1,0,Combined,1,0.9934353075224744
Desired_162,candidate,satellite_count >= 7 AND a > 10,battery >= 10 AND satellite_count >= 7 AND wind_speed <= 36,0.5238095238095238,1.0,0.4761904761904761,height >= 30 AND source_distance == 0 AND b > 10,height >= 30 AND source_distance == 0,0.3103448275862068,1.0,0.6896551724137931,0.722,"satellite_count, a","battery, satellite_count, wind_speed","height, source_distance, b","height, source_distance",satellite_count,"source_distance, height",a,"battery, wind_speed",b,,1,2,1,0,Combined,1,1.031240776008246
Desired_163,candidate,satellite_count >= 7 AND a > 10,battery >= 10 AND satellite_count >= 7 AND wind_speed <= 36,0.5238095238095238,1.0,0.4761904761904761,height >= 30 AND a > 10 AND b > 10,height >= 30 AND source_distance == 0,0.6551724137931034,1.0,0.3448275862068966,0.607,"satellite_count, a","battery, satellite_count, wind_speed","height, a, b","height, source_distance",satellite_count,height,a,"battery, wind_speed","a, b",source_distance,1,2,2,1,Combined,1,0.9701386419403082
Desired_164,candidate,satellite_count >= 7 AND a > 10,battery >= 10 AND satellite_count >= 7 AND wind_speed <= 36,0.5238095238095238,1.0,0.4761904761904761,source_distance == 0 AND a > 10 AND b > 10,height >= 30 AND source_distance == 0,0.6551724137931034,1.0,0.3448275862068966,0.607,"satellite_count, a","battery, satellite_count, wind_speed","source_distance, a, b","height, source_distance",satellite_count,source_distance,a,"battery, wind_speed","a, b",height,1,2,2,1,Combined,1,0.9507650605290392
Desired_165,candidate,satellite_count >= 7 AND a > 10,battery >= 10 AND satellite_count >= 7 AND wind_speed <= 36,0.5238095238095238,1.0,0.4761904761904761,height >= 30 AND source_distance == 0 AND a > 10 AND b > 10,height >= 30 AND source_distance == 0,0.4736842105263158,1.0,0.5263157894736842,0.668,"satellite_count, a","battery, satellite_count, wind_speed","height, source_distance, a, b","height, source_distance",satellite_count,"source_distance, height",a,"battery, wind_speed","a, b",,1,2,2,0,Combined,1,1.0506576925545887
Desired_166,candidate,satellite_count >= 7 AND b > 10,battery >= 10 AND satellite_count >= 7 AND wind_speed <= 36,0.5238095238095238,1.0,0.4761904761904761,height >= 30,height >= 30 AND source_distance == 0,0.0909090909090909,1.0,0.9090909090909092,0.795,"satellite_count, b","battery, satellite_count, wind_speed",height,"height, source_distance",satellite_count,height,b,"battery, wind_speed",,source_distance,1,2,0,1,Combined,1,1.0574510875094507
Desired_167,candidate,satellite_count >= 7 AND b > 10,battery >= 10 AND satellite_count >= 7 AND wind_speed <= 36,0.5238095238095238,1.0,0.4761904761904761,source_distance == 0,height >= 30 AND source_distance == 0,0.0909090909090909,1.0,0.9090909090909092,0.795,"satellite_count, b","battery, satellite_count, wind_speed",source_distance,"height, source_distance",satellite_count,source_distance,b,"battery, wind_speed",,height,1,2,0,1,Combined,1,0.9350363799266564
Desired_168,candidate,satellite_count >= 7 AND b > 10,battery >= 10 AND satellite_count >= 7 AND wind_speed <= 36,0.5238095238095238,1.0,0.4761904761904761,a > 10,height >= 30 AND source_distance == 0,1.0,0.0,-1.0,0.159,"satellite_count, b","battery, satellite_count, wind_speed",a,"height, source_distance",satellite_count,,b,"battery, wind_speed",a,"source_distance, height",1,2,1,2,Combined,1,0.9113452850604955
Desired_169,candidate,satellite_count >= 7 AND b > 10,battery >= 10 AND satellite_count >= 7 AND wind_speed <= 36,0.5238095238095238,1.0,0.4761904761904761,b > 10,height >= 30 AND source_distance == 0,1.0,0.0,-1.0,0.159,"satellite_count, b","battery, satellite_count, wind_speed",b,"height, source_distance",satellite_count,,b,"battery, wind_speed",b,"source_distance, height",1,2,1,2,Combined,1,0.932887678862905
Desired_170,candidate,satellite_count >= 7 AND b > 10,battery >= 10 AND satellite_count >= 7 AND wind_speed <= 36,0.5238095238095238,1.0,0.4761904761904761,height >= 30 AND source_distance == 0,height >= 30 AND source_distance == 0,0.0,1.0,1.0,0.825,"satellite_count, b","battery, satellite_count, wind_speed","height, source_distance","height, source_distance",satellite_count,"source_distance, height",b,"battery, wind_speed",,,1,2,0,0,Combined,1,0.9358103630817521
Desired_171,candidate,satellite_count >= 7 AND b > 10,battery >= 10 AND satellite_count >= 7 AND wind_speed <= 36,0.5238095238095238,1.0,0.4761904761904761,height >= 30 AND a > 10,height >= 30 AND source_distance == 0,0.5,1.0,0.5,0.659,"satellite_count, b","battery, satellite_count, wind_speed","height, a","height, source_distance",satellite_count,height,b,"battery, wind_speed",a,source_distance,1,2,1,1,Combined,1,1.077431328863196
Desired_172,candidate,satellite_count >= 7 AND b > 10,battery >= 10 AND satellite_count >= 7 AND wind_speed <= 36,0.5238095238095238,1.0,0.4761904761904761,height >= 30 AND b > 10,height >= 30 AND source_distance == 0,0.5,1.0,0.5,0.659,"satellite_count, b","battery, satellite_count, wind_speed","height, b","height, source_distance",satellite_count,height,b,"battery, wind_speed",b,source_distance,1,2,1,1,Combined,1,1.076444659580337
Desired_173,candidate,satellite_count >= 7 AND b > 10,battery >= 10 AND satellite_count >= 7 AND wind_speed <= 36,0.5238095238095238,1.0,0.4761904761904761,source_distance == 0 AND a > 10,height >= 30 AND source_distance == 0,0.5,1.0,0.5,0.659,"satellite_count, b","battery, satellite_count, wind_speed","source_distance, a","height, source_distance",satellite_count,source_distance,b,"battery, wind_speed",a,height,1,2,1,1,Combined,1,0.9971041554431289
Desired_174,candidate,satellite_count >= 7 AND b > 10,battery >= 10 AND satellite_count >= 7 AND wind_speed <= 36,0.5238095238095238,1.0,0.4761904761904761,source_distance == 0 AND b > 10,height >= 30 AND source_distance == 0,0.5,1.0,0.5,0.659,"satellite_count, b","battery, satellite_count, wind_speed","source_distance, b","height, source_distance",satellite_count,source_distance,b,"battery, wind_speed",b,height,1,2,1,1,Combined,1,1.0665041531707293
Desired_175,candidate,satellite_count >= 7 AND b > 10,battery >= 10 AND satellite_count >= 7 AND wind_speed <= 36,0.5238095238095238,1.0,0.4761904761904761,a > 10 AND b > 10,height >= 30 AND source_distance == 0,1.0,0.0,-1.0,0.159,"satellite_count, b","battery, satellite_count, wind_speed","a, b","height, source_distance",satellite_count,,b,"battery, wind_speed","a, b","source_distance, height",1,2,2,2,Combined,1,1.0248251801636272
Desired_176,candidate,satellite_count >= 7 AND b > 10,battery >= 10 AND satellite_count >= 7 AND wind_speed <= 36,0.5238095238095238,1.0,0.4761904761904761,height >= 30 AND source_distance == 0 AND a > 10,height >= 30 AND source_distance == 0,0.3103448275862068,1.0,0.6896551724137931,0.722,"satellite_count, b","battery, satellite_count, wind_speed","height, source_distance, a","height, source_distance",satellite_count,"source_distance, height",b,"battery, wind_speed",a,,1,2,1,0,Combined,1,1.0860163768401012
Desired_177,candidate,satellite_count >= 7 AND b > 10,battery >= 10 AND satellite_count >= 7 AND wind_speed <= 36,0.5238095238095238,1.0,0.4761904761904761,height >= 30 AND source_distance == 0 AND b > 10,height >= 30 AND source_distance == 0,0.3103448275862068,1.0,0.6896551724137931,0.722,"satellite_count, b","battery, satellite_count, wind_speed","height, source_distance, b","height, source_distance",satellite_count,"source_distance, height",b,"battery, wind_speed",b,,1,2,1,0,Combined,1,1.0863208979633152
Desired_178,candidate,satellite_count >= 7 AND b > 10,battery >= 10 AND satellite_count >= 7 AND wind_speed <= 36,0.5238095238095238,1.0,0.4761904761904761,height >= 30 AND a > 10 AND b > 10,height >= 30 AND source_distance == 0,0.6551724137931034,1.0,0.3448275862068966,0.607,"satellite_count, b","battery, satellite_count, wind_speed","height, a, b","height, source_distance",satellite_count,height,b,"battery, wind_speed","a, b",source_distance,1,2,2,1,Combined,1,0.9873889215147841
Desired_179,candidate,satellite_count >= 7 AND b > 10,battery >= 10 AND satellite_count >= 7 AND wind_speed <= 36,0.5238095238095238,1.0,0.4761904761904761,source_distance == 0 AND a > 10 AND b > 10,height >= 30 AND source_distance == 0,0.6551724137931034,1.0,0.3448275862068966,0.607,"satellite_count, b","battery, satellite_count, wind_speed","source_distance, a, b","height, source_distance",satellite_count,source_distance,b,"battery, wind_speed","a, b",height,1,2,2,1,Combined,1,0.9123957989231374
Desired_180,candidate,satellite_count >= 7 AND b > 10,battery >= 10 AND satellite_count >= 7 AND wind_speed <= 36,0.5238095238095238,1.0,0.4761904761904761,height >= 30 AND source_distance == 0 AND a > 10 AND b > 10,height >= 30 AND source_distance == 0,0.4736842105263158,1.0,0.5263157894736842,0.668,"satellite_count, b","battery, satellite_count, wind_speed","height, source_distance, a, b","height, source_distance",satellite_count,"source_distance, height",b,"battery, wind_speed","a, b",,1,2,2,0,Combined,1,1.0288650845213407
Desired_181,candidate,wind_speed <= 36 AND a > 10,battery >= 10 AND satellite_count >= 7 AND wind_speed <= 36,0.5238095238095238,1.0,0.4761904761904761,height >= 30,height >= 30 AND source_distance == 0,0.0909090909090909,1.0,0.9090909090909092,0.795,"wind_speed, a","battery, satellite_count, wind_speed",height,"height, source_distance",wind_speed,height,a,"satellite_count, battery",,source_distance,1,2,0,1,Combined,1,1.0069452579142415
Desired_182,candidate,wind_speed <= 36 AND a > 10,battery >= 10 AND satellite_count >= 7 AND wind_speed <= 36,0.5238095238095238,1.0,0.4761904761904761,source_distance == 0,height >= 30 AND source_distance == 0,0.0909090909090909,1.0,0.9090909090909092,0.795,"wind_speed, a","battery, satellite_count, wind_speed",source_distance,"height, source_distance",wind_speed,source_distance,a,"satellite_count, battery",,height,1,2,0,1,Combined,1,1.0146442257871173
Desired_183,candidate,wind_speed <= 36 AND a > 10,battery >= 10 AND satellite_count >= 7 AND wind_speed <= 36,0.5238095238095238,1.0,0.4761904761904761,a > 10,height >= 30 AND source_distance == 0,1.0,0.0,-1.0,0.159,"wind_speed, a","battery, satellite_count, wind_speed",a,"height, source_distance",wind_speed,,a,"satellite_count, battery",a,"source_distance, height",1,2,1,2,Combined,1,1.0558837289895193
Desired_184,candidate,wind_speed <= 36 AND a > 10,battery >= 10 AND satellite_count >= 7 AND wind_speed <= 36,0.5238095238095238,1.0,0.4761904761904761,b > 10,height >= 30 AND source_distance == 0,1.0,0.0,-1.0,0.159,"wind_speed, a","battery, satellite_count, wind_speed",b,"height, source_distance",wind_speed,,a,"satellite_count, battery",b,"source_distance, height",1,2,1,2,Combined,1,0.9700424351482865
Desired_185,candidate,wind_speed <= 36 AND a > 10,battery >= 10 AND satellite_count >= 7 AND wind_speed <= 36,0.5238095238095238,1.0,0.4761904761904761,height >= 30 AND source_distance == 0,height >= 30 AND source_distance == 0,0.0,1.0,1.0,0.825,"wind_speed, a","battery, satellite_count, wind_speed","height, source_distance","height, source_distance",wind_speed,"source_distance, height",a,"satellite_count, battery",,,1,2,0,0,Combined,1,1.0811718534224908
Desired_186,candidate,wind_speed <= 36 AND a > 10,battery >= 10 AND satellite_count >= 7 AND wind_speed <= 36,0.5238095238095238,1.0,0.4761904761904761,height >= 30 AND a > 10,height >= 30 AND source_distance == 0,0.5,1.0,0.5,0.659,"wind_speed, a","battery, satellite_count, wind_speed","height, a","height, source_distance",wind_speed,height,a,"satellite_count, battery",a,source_distance,1,2,1,1,Combined,1,1.0701784193375599
Desired_187,candidate,wind_speed <= 36 AND a > 10,battery >= 10 AND satellite_count >= 7 AND wind_speed <= 36,0.5238095238095238,1.0,0.4761904761904761,height >= 30 AND b > 10,height >= 30 AND source_distance == 0,0.5,1.0,0.5,0.659,"wind_speed, a","battery, satellite_count, wind_speed","height, b","height, source_distance",wind_speed,height,a,"satellite_count, battery",b,source_distance,1,2,1,1,Combined,1,0.9170976244147517
Desired_188,candidate,wind_speed <= 36 AND a > 10,battery >= 10 AND satellite_count >= 7 AND wind_speed <= 36,0.5238095238095238,1.0,0.4761904761904761,source_distance == 0 AND a > 10,height >= 30 AND source_distance == 0,0.5,1.0,0.5,0.659,"wind_speed, a","battery, satellite_count, wind_speed","source_distance, a","height, source_distance",wind_speed,source_distance,a,"satellite_count, battery",a,height,1,2,1,1,Combined,1,1.0604305622011794
Desired_189,candidate,wind_speed <= 36 AND a > 10,battery >= 10 AND satellite_count >= 7 AND wind_speed <= 36,0.5238095238095238,1.0,0.4761904761904761,source_distance == 0 AND b > 10,height >= 30 AND source_distance == 0,0.5,1.0,0.5,0.659,"wind_speed, a","battery, satellite_count, wind_speed","source_distance, b","height, source_distance",wind_speed,source_distance,a,"satellite_count, battery",b,height,1,2,1,1,Combined,1,1.0128854036524806
Desired_190,candidate,wind_speed <= 36 AND a > 10,battery >= 10 AND satellite_count >= 7 AND wind_speed <= 36,0.5238095238095238,1.0,0.4761904761904761,a > 10 AND b > 10,height >= 30 AND source_distance == 0,1.0,0.0,-1.0,0.159,"wind_speed, a","battery, satellite_count, wind_speed","a, b","height, source_distance",wind_speed,,a,"satellite_count, battery","a, b","source_distance, height",1,2,2,2,Combined,1,1.005548962490924
Desired_191,candidate,wind_speed <= 36 AND a > 10,battery >= 10 AND satellite_count >= 7 AND wind_speed <= 36,0.5238095238095238,1.0,0.4761904761904761,height >= 30 AND source_distance == 0 AND a > 10,height >= 30 AND source_distance == 0,0.3103448275862068,1.0,0.6896551724137931,0.722,"wind_speed, a","battery, satellite_count, wind_speed","height, source_distance, a","height, source_distance",wind_speed,"source_distance, height",a,"satellite_count, battery",a,,1,2,1,0,Combined,1,0.9134521594442016
Desired_192,candidate,wind_speed <= 36 AND a > 10,battery >= 10 AND satellite_count >= 7 AND wind_speed <= 36,0.5238095238095238,1.0,0.4761904761904761,height >= 30 AND source_distance == 0 AND b > 10,height >= 30 AND source_distance == 0,0.3103448275862068,1.0,0.6896551724137931,0.722,"wind_speed, a","battery, satellite_count, wind_speed","height, source_distance, b","height, source_distance",wind_speed,"source_distance, height",a,"satellite_count, battery",b,,1,2,1,0,Combined,1,1.0153391712227855
Desired_193,candidate,wind_speed <= 36 AND a > 10,battery >= 10 AND satellite_count >= 7 AND wind_speed <= 36,0.5238095238095238,1.0,0.4761904761904761,height >= 30 AND a > 10 AND b > 10,height >= 30 AND source_distance == 0,0.6551724137931034,1.0,0.3448275862068966,0.607,"wind_speed, a","battery, satellite_count, wind_speed","height, a, b","height, source_distance",wind_speed,height,a,"satellite_count, battery","a, b",source_distance,1,2,2,1,Combined,1,0.9462317216818917
Desired_194,candidate,wind_speed <= 36 AND a > 10,battery >= 10 AND satellite_count >= 7 AND wind_speed <= 36,0.5238095238095238,1.0,0.4761904761904761,source_distance == 0 AND a > 10 AND b > 10,height >= 30 AND source_distance == 0,0.6551724137931034,1.0,0.3448275862068966,0.607,"wind_speed, a","battery, satellite_count, wind_speed","source_distance, a, b","height, source_distance",wind_speed,source_distance,a,"satellite_count, battery","a, b",height,1,2,2,1,Combined,1,1.0715065704896252
Desired_195,candidate,wind_speed <= 36 AND a > 10,battery >= 10 AND satellite_count >= 7 AND wind_speed <= 36,0.5238095238095238,1.0,0.4761904761904761,height >= 30 AND source_distance == 0 AND a > 10 AND b > 10,height >= 30 AND source_distance == 0,0.4736842105263158,1.0,0.5263157894736842,0.668,"wind_speed, a","battery, satellite_count, wind_speed","height, source_distance, a, b","height, source_distance",wind_speed,"source_distance, height",a,"satellite_count, battery","a, b",,1,2,2,0,Combined,1,1.0168365688531922
Desired_196,candidate,wind_speed <= 36 AND b > 10,battery >= 10 AND satellite_count >= 7 AND wind_speed <= 36,0.5238095238095238,1.0,0.4761904761904761,height >= 30,height >= 30 AND source_distance == 0,0.0909090909090909,1.0,0.9090909090909092,0.795,"wind_speed, b","battery, satellite_count, wind_speed",height,"height, source_distance",wind_speed,height,b,"satellite_count, battery",,source_distance,1,2,0,1,Combined,1,0.9289973864032914
Desired_197,candidate,wind_speed <= 36 AND b > 10,battery >= 10 AND satellite_count >= 7 AND wind_speed <= 36,0.5238095238095238,1.0,0.4761904761904761,source_distance == 0,height >= 30 AND source_distance == 0,0.0909090909090909,1.0,0.9090909090909092,0.795,"wind_speed, b","battery, satellite_count, wind_speed",source_distance,"height, source_distance",wind_speed,source_distance,b,"satellite_count, battery",,height,1,2,0,1,Combined,1,0.9677557919229041
Desired_198,candidate,wind_speed <= 36 AND b > 10,battery >= 10 AND satellite_count >= 7 AND wind_speed <= 36,0.5238095238095238,1.0,0.4761904761904761,a > 10,height >= 30 AND source_distance == 0,1.0,0.0,-1.0,0.159,"wind_speed, b","battery, satellite_count, wind_speed",a,"height, source_distance",wind_speed,,b,"satellite_count, battery",a,"source_distance, height",1,2,1,2,Combined,1,0.9765659341927129
Desired_199,candidate,wind_speed <= 36 AND b > 10,battery >= 10 AND satellite_count >= 7 AND wind_speed <= 36,0.5238095238095238,1.0,0.4761904761904761,b > 10,height >= 30 AND source_distance == 0,1.0,0.0,-1.0,0.159,"wind_speed, b","battery, satellite_count, wind_speed",b,"height, source_distance",wind_speed,,b,"satellite_count, battery",b,"source_distance, height",1,2,1,2,Combined,1,1.0393818924307576
Desired_200,candidate,wind_speed <= 36 AND b > 10,battery >= 10 AND satellite_count >= 7 AND wind_speed <= 36,0.5238095238095238,1.0,0.4761904761904761,height >= 30 AND source_distance == 0,height >= 30 AND source_distance == 0,0.0,1.0,1.0,0.825,"wind_speed, b","battery, satellite_count, wind_speed","height, source_distance","height, source_distance",wind_speed,"source_distance, height",b,"satellite_count, battery",,,1,2,0,0,Combined,1,1.031054663534351
Desired_201,candidate,wind_speed <= 36 AND b > 10,battery >= 10 AND satellite_count >= 7 AND wind_speed <= 36,0.5238095238095238,1.0,0.4761904761904761,height >= 30 AND a > 10,height >= 30 AND source_distance == 0,0.5,1.0,0.5,0.659,"wind_speed, b","battery, satellite_count, wind_speed","height, a","height, source_distance",wind_speed,height,b,"satellite_count, battery",a,source_distance,1,2,1,1,Combined,1,0.9019040828183382
Desired_202,candidate,wind_speed <= 36 AND b > 10,battery >= 10 AND satellite_count >= 7 AND wind_speed <= 36,0.5238095238095238,1.0,0.4761904761904761,height >= 30 AND b > 10,height >= 30 AND source_distance == 0,0.5,1.0,0.5,0.659,"wind_speed, b","battery, satellite_count, wind_speed","height, b","height, source_distance",wind_speed,height,b,"satellite_count, battery",b,source_distance,1,2,1,1,Combined,1,1.0811750846909514
Desired_203,candidate,wind_speed <= 36 AND b > 10,battery >= 10 AND satellite_count >= 7 AND wind_speed <= 36,0.5238095238095238,1.0,0.4761904761904761,source_distance == 0 AND a > 10,height >= 30 AND source_distance == 0,0.5,1.0,0.5,0.659,"wind_speed, b","battery, satellite_count, wind_speed","source_distance, a","height, source_distance",wind_speed,source_distance,b,"satellite_count, battery",a,height,1,2,1,1,Combined,1,0.9436480830641143
Desired_204,candidate,wind_speed <= 36 AND b > 10,battery >= 10 AND satellite_count >= 7 AND wind_speed <= 36,0.5238095238095238,1.0,0.4761904761904761,source_distance == 0 AND b > 10,height >= 30 AND source_distance == 0,0.5,1.0,0.5,0.659,"wind_speed, b","battery, satellite_count, wind_speed","source_distance, b","height, source_distance",wind_speed,source_distance,b,"satellite_count, battery",b,height,1,2,1,1,Combined,1,0.9798631444210667
Desired_205,candidate,wind_speed <= 36 AND b > 10,battery >= 10 AND satellite_count >= 7 AND wind_speed <= 36,0.5238095238095238,1.0,0.4761904761904761,a > 10 AND b > 10,height >= 30 AND source_distance == 0,1.0,0.0,-1.0,0.159,"wind_speed, b","battery, satellite_count, wind_speed","a, b","height, source_distance",wind_speed,,b,"satellite_count, battery","a, b","source_distance, height",1,2,2,2,Combined,1,0.9043219638867681
Desired_206,candidate,wind_speed <= 36 AND b > 10,battery >= 10 AND satellite_count >= 7 AND wind_speed <= 36,0.5238095238095238,1.0,0.4761904761904761,height >= 30 AND source_distance == 0 AND a > 10,height >= 30 AND source_distance == 0,0.3103448275862068,1.0,0.6896551724137931,0.722,"wind_speed, b","battery, satellite_count, wind_speed","height, source_distance, a","height, source_distance",wind_speed,"source_distance, height",b,"satellite_count, battery",a,,1,2,1,0,Combined,1,1.0381918881792247
Desired_207,candidate,wind_speed <= 36 AND b > 10,battery >= 10 AND satellite_count >= 7 AND wind_speed <= 36,0.5238095238095238,1.0,0.4761904761904761,height >= 30 AND source_distance == 0 AND b > 10,height >= 30 AND source_distance == 0,0.3103448275862068,1.0,0.6896551724137931,0.722,"wind_speed, b","battery, satellite_count, wind_speed","height, source_distance, b","height, source_distance",wind_speed,"source_distance, height",b,"satellite_count, battery",b,,1,2,1,0,Combined,1,0.9693162492832783
Desired_208,candidate,wind_speed <= 36 AND b > 10,battery >= 10 AND satellite_count >= 7 AND wind_speed <= 36,0.5238095238095238,1.0,0.4761904761904761,height >= 30 AND a > 10 AND b > 10,height >= 30 AND source_distance == 0,0.6551724137931034,1.0,0.3448275862068966,0.607,"wind_speed, b","battery, satellite_count, wind_speed","height, a, b","height, source_distance",wind_speed,height,b,"satellite_count, battery","a, b",source_distance,1,2,2,1,Combined,1,0.9694551137193781
Desired_209,candidate,wind_speed <= 36 AND b > 10,battery >= 10 AND satellite_count >= 7 AND wind_speed <= 36,0.5238095238095238,1.0,0.4761904761904761,source_distance == 0 AND a > 10 AND b > 10,height >= 30 AND source_distance == 0,0.6551724137931034,1.0,0.3448275862068966,0.607,"wind_speed, b","battery, satellite_count, wind_speed","source_distance, a, b","height, source_distance",wind_speed,source_distance,b,"satellite_count, battery","a, b",height,1,2,2,1,Combined,1,1.0398279743580758
Desired_210,candidate,wind_speed <= 36 AND b > 10,battery >= 10 AND satellite_count >= 7 AND wind_speed <= 36,0.5238095238095238,1.0,0.4761904761904761,height >= 30 AND source_distance == 0 AND a > 10 AND b > 10,height >= 30 AND source_distance == 0,0.4736842105263158,1.0,0.5263157894736842,0.668,"wind_speed, b","battery, satellite_count, wind_speed","height, source_distance, a, b","height, source_distance",wind_speed,"source_distance, height",b,"satellite_count, battery","a, b",,1,2,2,0,Combined,1,1.030678971906338
Desired_211,candidate,a > 10 AND b > 10,battery >= 10 AND satellite_count >= 7 AND wind_speed <= 36,1.0,0.0,-1.0,height >= 30,height >= 30 AND source_distance == 0,0.0909090909090909,1.0,0.9090909090909092,0.303,"a, b","battery, satellite_count, wind_speed",height,"height, source_distance",,height,"a, b","satellite_count, battery, wind_speed",,source_distance,2,3,0,1,Combined,1,1.0562077293903405
Desired_212,candidate,a > 10 AND b > 10,battery >= 10 AND satellite_count >= 7 AND wind_speed <= 36,1.0,0.0,-1.0,source_distance == 0,height >= 30 AND source_distance == 0,0.0909090909090909,1.0,0.9090909090909092,0.303,"a, b","battery, satellite_count, wind_speed",source_distance,"height, source_distance",,source_distance,"a, b","satellite_count, battery, wind_speed",,height,2,3,0,1,Combined,1,1.0034888898086343
Desired_213,candidate,a > 10 AND b > 10,battery >= 10 AND satellite_count >= 7 AND wind_speed <= 36,1.0,0.0,-1.0,a > 10,height >= 30 AND source_distance == 0,1.0,0.0,-1.0,0.0,"a, b","battery, satellite_count, wind_speed",a,"height, source_distance",,,"a, b","satellite_count, battery, wind_speed",a,"source_distance, height",2,3,1,2,Combined,1,0.9918091893179872
Desired_214,candidate,a > 10 AND b > 10,battery >= 10 AND satellite_count >= 7 AND wind_speed <= 36,1.0,0.0,-1.0,b > 10,height >= 30 AND source_distance == 0,1.0,0.0,-1.0,0.0,"a, b","battery, satellite_count, wind_speed",b,"height, source_distance",,,"a, b","satellite_count, battery, wind_speed",b,"source_distance, height",2,3,1,2,Combined,1,1.0657144909121061
Desired_215,candidate,a > 10 AND b > 10,battery >= 10 AND satellite_count >= 7 AND wind_speed <= 36,1.0,0.0,-1.0,height >= 30 AND source_distance == 0,height >= 30 AND source_distance == 0,0.0,1.0,1.0,0.333,"a, b","battery, satellite_count, wind_speed","height, source_distance","height, source_distance",,"source_distance, height","a, b","satellite_count, battery, wind_speed",,,2,3,0,0,Combined,1,1.0191314472431057
Desired_216,candidate,a > 10 AND b > 10,battery >= 10 AND satellite_count >= 7 AND wind_speed <= 36,1.0,0.0,-1.0,height >= 30 AND a > 10,height >= 30 AND source_distance == 0,0.5,1.0,0.5,0.167,"a, b","battery, satellite_count, wind_speed","height, a","height, source_distance",,height,"a, b","satellite_count, battery, wind_speed",a,source_distance,2,3,1,1,Combined,1,1.0976444186891607
Desired_217,candidate,a > 10 AND b > 10,battery >= 10 AND satellite_count >= 7 AND wind_speed <= 36,1.0,0.0,-1.0,height >= 30 AND b > 10,height >= 30 AND source_distance == 0,0.5,1.0,0.5,0.167,"a, b","battery, satellite_count, wind_speed","height, b","height, source_distance",,height,"a, b","satellite_count, battery, wind_speed",b,source_distance,2,3,1,1,Combined,1,1.0840756690376343
Desired_218,candidate,a > 10 AND b > 10,battery >= 10 AND satellite_count >= 7 AND wind_speed <= 36,1.0,0.0,-1.0,source_distance == 0 AND a > 10,height >= 30 AND source_distance == 0,0.5,1.0,0.5,0.167,"a, b","battery, satellite_count, wind_speed","source_distance, a","height, source_distance",,source_distance,"a, b","satellite_count, battery, wind_speed",a,height,2,3,1,1,Combined,1,0.9200663947261101
Desired_219,candidate,a > 10 AND b > 10,battery >= 10 AND satellite_count >= 7 AND wind_speed <= 36,1.0,0.0,-1.0,source_distance == 0 AND b > 10,height >= 30 AND source_distance == 0,0.5,1.0,0.5,0.167,"a, b","battery, satellite_count, wind_speed","source_distance, b","height, source_distance",,source_distance,"a, b","satellite_count, battery, wind_speed",b,height,2,3,1,1,Combined,1,0.9346208994177527
Desired_220,candidate,a > 10 AND b > 10,battery >= 10 AND satellite_count >= 7 AND wind_speed <= 36,1.0,0.0,-1.0,a > 10 AND b > 10,height >= 30 AND source_distance == 0,1.0,0.0,-1.0,0.0,"a, b","battery, satellite_count, wind_speed","a, b","height, source_distance",,,"a, b","satellite_count, battery, wind_speed","a, b","source_distance, height",2,3,2,2,Combined,1,1.0252632199196405
Desired_221,candidate,a > 10 AND b > 10,battery >= 10 AND satellite_count >= 7 AND wind_speed <= 36,1.0,0.0,-1.0,height >= 30 AND source_distance == 0 AND a > 10,height >= 30 AND source_distance == 0,0.3103448275862068,1.0,0.6896551724137931,0.23,"a, b","battery, satellite_count, wind_speed","height, source_distance, a","height, source_distance",,"source_distance, height","a, b","satellite_count, battery, wind_speed",a,,2,3,1,0,Combined,1,0.9591728370761935
Desired_222,candidate,a > 10 AND b > 10,battery >= 10 AND satellite_count >= 7 AND wind_speed <= 36,1.0,0.0,-1.0,height >= 30 AND source_distance == 0 AND b > 10,height >= 30 AND source_distance == 0,0.3103448275862068,1.0,0.6896551724137931,0.23,"a, b","battery, satellite_count, wind_speed","height, source_distance, b","height, source_distance",,"source_distance, height","a, b","satellite_count, battery, wind_speed",b,,2,3,1,0,Combined,1,0.9681039089149043
Desired_223,candidate,a > 10 AND b > 10,battery >= 10 AND satellite_count >= 7 AND wind_speed <= 36,1.0,0.0,-1.0,height >= 30 AND a > 10 AND b > 10,height >= 30 AND source_distance == 0,0.6551724137931034,1.0,0.3448275862068966,0.115,"a, b","battery, satellite_count, wind_speed","height, a, b","height, source_distance",,height,"a, b","satellite_count, battery, wind_speed","a, b",source_distance,2,3,2,1,Combined,1,1.0594957695731981
Desired_224,candidate,a > 10 AND b > 10,battery >= 10 AND satellite_count >= 7 AND wind_speed <= 36,1.0,0.0,-1.0,source_distance == 0 AND a > 10 AND b > 10,height >= 30 AND source_distance == 0,0.6551724137931034,1.0,0.3448275862068966,0.115,"a, b","battery, satellite_count, wind_speed","source_distance, a, b","height, source_distance",,source_distance,"a, b","satellite_count, battery, wind_speed","a, b",height,2,3,2,1,Combined,1,1.0760432429517466
Desired_225,candidate,a > 10 AND b > 10,battery >= 10 AND satellite_count >= 7 AND wind_speed <= 36,1.0,0.0,-1.0,height >= 30 AND source_distance == 0 AND a > 10 AND b > 10,height >= 30 AND source_distance == 0,0.4736842105263158,1.0,0.5263157894736842,0.175,"a, b","battery, satellite_count, wind_speed","height, source_distance, a, b","height, source_distance",,"source_distance, height","a, b","satellite_count, battery, wind_speed","a, b",,2,3,2,0,Combined,1,0.9483594861317008
Desired_226,candidate,battery >= 10 AND satellite_count >= 7 AND wind_speed <= 36,battery >= 10 AND satellite_count >= 7 AND wind_speed <= 36,0.0,1.0,1.0,height >= 30,height >= 30 AND source_distance == 0,0.0909090909090909,1.0,0.9090909090909092,0.97,"battery, satellite_count, wind_speed","battery, satellite_count, wind_speed",height,"height, source_distance","satellite_count, battery, wind_speed",height,,,,source_distance,0,0,0,1,Missing,0,0.02039542745464544
Desired_227,candidate,battery >= 10 AND satellite_count >= 7 AND wind_speed <= 36,battery >= 10 AND satellite_count >= 7 AND wind_speed <= 36,0.0,1.0,1.0,source_distance == 0,height >= 30 AND source_distance == 0,0.0909090909090909,1.0,0.9090909090909092,0.97,"battery, satellite_count, wind_speed","battery, satellite_count, wind_speed",source_distance,"height, source_distance","satellite_count, battery, wind_speed",source_distance,,,,height,0,0,0,1,Missing,0,-0.05877343932004293
Desired_228,candidate,battery >= 10 AND satellite_count >= 7 AND wind_speed <= 36,battery >= 10 AND satellite_count >= 7 AND wind_speed <= 36,0.0,1.0,1.0,a > 10,height >= 30 AND source_distance == 0,1.0,0.0,-1.0,0.333,"battery, satellite_count, wind_speed","battery, satellite_count, wind_speed",a,"height, source_distance","satellite_count, battery, wind_speed",,,,a,"source_distance, height",0,0,1,2,Combined,1,0.9348602395865259
Desired_229,candidate,battery >= 10 AND satellite_count >= 7 AND wind_speed <= 36,battery >= 10 AND satellite_count >= 7 AND wind_speed <= 36,0.0,1.0,1.0,b > 10,height >= 30 AND source_distance == 0,1.0,0.0,-1.0,0.333,"battery, satellite_count, wind_speed","battery, satellite_count, wind_speed",b,"height, source_distance","satellite_count, battery, wind_speed",,,,b,"source_distance, height",0,0,1,2,Combined,1,1.0058921726089944
Desired_231,candidate,battery >= 10 AND satellite_count >= 7 AND wind_speed <= 36,battery >= 10 AND satellite_count >= 7 AND wind_speed <= 36,0.0,1.0,1.0,height >= 30 AND a > 10,height >= 30 AND source_distance == 0,0.5,1.0,0.5,0.833,"battery, satellite_count, wind_speed","battery, satellite_count, wind_speed","height, a","height, source_distance","satellite_count, battery, wind_speed",height,,,a,source_distance,0,0,1,1,Combined,1,0.9520131912755194
Desired_232,candidate,battery >= 10 AND satellite_count >= 7 AND wind_speed <= 36,battery >= 10 AND satellite_count >= 7 AND wind_speed <= 36,0.0,1.0,1.0,height >= 30 AND b > 10,height >= 30 AND source_distance == 0,0.5,1.0,0.5,0.833,"battery, satellite_count, wind_speed","battery, satellite_count, wind_speed","height, b","height, source_distance","satellite_count, battery, wind_speed",height,,,b,source_distance,0,0,1,1,Combined,1,1.0770030985153638
Desired_233,candidate,battery >= 10 AND satellite_count >= 7 AND wind_speed <= 36,battery >= 10 AND satellite_count >= 7 AND wind_speed <= 36,0.0,1.0,1.0,source_distance == 0 AND a > 10,height >= 30 AND source_distance == 0,0.5,1.0,0.5,0.833,"battery, satellite_count, wind_speed","battery, satellite_count, wind_speed","source_distance, a","height, source_distance","satellite_count, battery, wind_speed",source_distance,,,a,height,0,0,1,1,Combined,1,0.9413093503980791
Desired_234,candidate,battery >= 10 AND satellite_count >= 7 AND wind_speed <= 36,battery >= 10 AND satellite_count >= 7 AND wind_speed <= 36,0.0,1.0,1.0,source_distance == 0 AND b > 10,height >= 30 AND source_distance == 0,0.5,1.0,0.5,0.833,"battery, satellite_count, wind_speed","battery, satellite_count, wind_speed","source_distance, b","height, source_distance","satellite_count, battery, wind_speed",source_distance,,,b,height,0,0,1,1,Combined,1,0.943933444977906
Desired_235,candidate,battery >= 10 AND satellite_count >= 7 AND wind_speed <= 36,battery >= 10 AND satellite_count >= 7 AND wind_speed <= 36,0.0,1.0,1.0,a > 10 AND b > 10,height >= 30 AND source_distance == 0,1.0,0.0,-1.0,0.333,"battery, satellite_count, wind_speed","battery, satellite_count, wind_speed","a, b","height, source_distance","satellite_count, battery, wind_speed",,,,"a, b","source_distance, height",0,0,2,2,Combined,1,0.9315636951330846
Desired_236,candidate,battery >= 10 AND satellite_count >= 7 AND wind_speed <= 36,battery >= 10 AND satellite_count >= 7 AND wind_speed <= 36,0.0,1.0,1.0,height >= 30 AND source_distance == 0 AND a > 10,height >= 30 AND source_distance == 0,0.3103448275862068,1.0,0.6896551724137931,0.897,"battery, satellite_count, wind_speed","battery, satellite_count, wind_speed","height, source_distance, a","height, source_distance","satellite_count, battery, wind_speed","source_distance, height",,,a,,0,0,1,0,Excessive,2,2.021126332621812
Desired_237,candidate,battery >= 10 AND satellite_count >= 7 AND wind_speed <= 36,battery >= 10 AND satellite_count >= 7 AND wind_speed <= 36,0.0,1.0,1.0,height >= 30 AND source_distance == 0 AND b > 10,height >= 30 AND source_distance == 0,0.3103448275862068,1.0,0.6896551724137931,0.897,"battery, satellite_count, wind_speed","battery, satellite_count, wind_speed","height, source_distance, b","height, source_distance","satellite_count, battery, wind_speed","source_distance, height",,,b,,0,0,1,0,Excessive,2,1.9392804670617685
Desired_238,candidate,battery >= 10 AND satellite_count >= 7 AND wind_speed <= 36,battery >= 10 AND satellite_count >= 7 AND wind_speed <= 36,0.0,1.0,1.0,height >= 30 AND a > 10 AND b > 10,height >= 30 AND source_distance == 0,0.6551724137931034,1.0,0.3448275862068966,0.782,"battery, satellite_count, wind_speed","battery, satellite_count, wind_speed","height, a, b","height, source_distance","satellite_count, battery, wind_speed",height,,,"a, b",source_distance,0,0,2,1,Combined,1,1.0113733102065963
Desired_239,candidate,battery >= 10 AND satellite_count >= 7 AND wind_speed <= 36,battery >= 10 AND satellite_count >= 7 AND wind_speed <= 36,0.0,1.0,1.0,source_distance == 0 AND a > 10 AND b > 10,height >= 30 AND source_distance == 0,0.6551724137931034,1.0,0.3448275862068966,0.782,"battery, satellite_count, wind_speed","battery, satellite_count, wind_speed","source_distance, a, b","height, source_distance","satellite_count, battery, wind_speed",source_distance,,,"a, b",height,0,0,2,1,Combined,1,0.9837068141040646
Desired_240,candidate,battery >= 10 AND satellite_count >= 7 AND wind_speed <= 36,battery >= 10 AND satellite_count >= 7 AND wind_speed <= 36,0.0,1.0,1.0,height >= 30 AND source_distance == 0 AND a > 10 AND b > 10,height >= 30 AND source_distance == 0,0.4736842105263158,1.0,0.5263157894736842,0.842,"battery, satellite_count, wind_speed","battery, satellite_count, wind_speed","height, source_distance, a, b","height, source_distance","satellite_count, battery, wind_speed","source_distance, height",,,"a, b",,0,0,2,0,Excessive,2,1.9243356206056697
Desired_241,candidate,battery >= 10 AND satellite_count >= 7 AND a > 10,battery >= 10 AND satellite_count >= 7 AND wind_speed <= 36,0.3333333333333333,1.0,0.6666666666666666,height >= 30,height >= 30 AND source_distance == 0,0.0909090909090909,1.0,0.9090909090909092,0.859,"battery, satellite_count, a","battery, satellite_count, wind_speed",height,"height, source_distance","satellite_count, battery",height,a,wind_speed,,source_distance,1,1,0,1,Combined,1,1.0636834391641454
Desired_242,candidate,battery >= 10 AND satellite_count >= 7 AND a > 10,battery >= 10 AND satellite_count >= 7 AND wind_speed <= 36,0.3333333333333333,1.0,0.6666666666666666,source_distance == 0,height >= 30 AND source_distance == 0,0.0909090909090909,1.0,0.9090909090909092,0.859,"battery, satellite_count, a","battery, satellite_count, wind_speed",source_distance,"height, source_distance","satellite_count, battery",source_distance,a,wind_speed,,height,1,1,0,1,Combined,1,0.9624463340270628
Desired_243,candidate,battery >= 10 AND satellite_count >= 7 AND a > 10,battery >= 10 AND satellite_count >= 7 AND wind_speed <= 36,0.3333333333333333,1.0,0.6666666666666666,a > 10,height >= 30 AND source_distance == 0,1.0,0.0,-1.0,0.222,"battery, satellite_count, a","battery, satellite_count, wind_speed",a,"height, source_distance","satellite_count, battery",,a,wind_speed,a,"source_distance, height",1,1,1,2,Combined,1,1.0926384331553047
Desired_244,candidate,battery >= 10 AND satellite_count >= 7 AND a > 10,battery >= 10 AND satellite_count >= 7 AND wind_speed <= 36,0.3333333333333333,1.0,0.6666666666666666,b > 10,height >= 30 AND source_distance == 0,1.0,0.0,-1.0,0.222,"battery, satellite_count, a","battery, satellite_count, wind_speed",b,"height, source_distance","satellite_count, battery",,a,wind_speed,b,"source_distance, height",1,1,1,2,Combined,1,0.9156022383371057
Desired_245,candidate,battery >= 10 AND satellite_count >= 7 AND a > 10,battery >= 10 AND satellite_count >= 7 AND wind_speed <= 36,0.3333333333333333,1.0,0.6666666666666666,height >= 30 AND source_distance == 0,height >= 30 AND source_distance == 0,0.0,1.0,1.0,0.889,"battery, satellite_count, a","battery, satellite_count, wind_speed","height, source_distance","height, source_distance","satellite_count, battery","source_distance, height",a,wind_speed,,,1,1,0,0,Combined,1,1.0753430669712511
Desired_246,candidate,battery >= 10 AND satellite_count >= 7 AND a > 10,battery >= 10 AND satellite_count >= 7 AND wind_speed <= 36,0.3333333333333333,1.0,0.6666666666666666,height >= 30 AND a > 10,height >= 30 AND source_distance == 0,0.5,1.0,0.5,0.722,"battery, satellite_count, a","battery, satellite_count, wind_speed","height, a","height, source_distance","satellite_count, battery",height,a,wind_speed,a,source_distance,1,1,1,1,Combined,1,0.9846157635064314
Desired_247,candidate,battery >= 10 AND satellite_count >= 7 AND a > 10,battery >= 10 AND satellite_count >= 7 AND wind_speed <= 36,0.3333333333333333,1.0,0.6666666666666666,height >= 30 AND b > 10,height >= 30 AND source_distance == 0,0.5,1.0,0.5,0.722,"battery, satellite_count, a","battery, satellite_count, wind_speed","height, b","height, source_distance","satellite_count, battery",height,a,wind_speed,b,source_distance,1,1,1,1,Combined,1,1.039059268461478
Desired_248,candidate,battery >= 10 AND satellite_count >= 7 AND a > 10,battery >= 10 AND satellite_count >= 7 AND wind_speed <= 36,0.3333333333333333,1.0,0.6666666666666666,source_distance == 0 AND a > 10,height >= 30 AND source_distance == 0,0.5,1.0,0.5,0.722,"battery, satellite_count, a","battery, satellite_count, wind_speed","source_distance, a","height, source_distance","satellite_count, battery",source_distance,a,wind_speed,a,height,1,1,1,1,Combined,1,0.9101883111861598
Desired_249,candidate,battery >= 10 AND satellite_count >= 7 AND a > 10,battery >= 10 AND satellite_count >= 7 AND wind_speed <= 36,0.3333333333333333,1.0,0.6666666666666666,source_distance == 0 AND b > 10,height >= 30 AND source_distance == 0,0.5,1.0,0.5,0.722,"battery, satellite_count, a","battery, satellite_count, wind_speed","source_distance, b","height, source_distance","satellite_count, battery",source_distance,a,wind_speed,b,height,1,1,1,1,Combined,1,1.082312145006754
Desired_250,candidate,battery >= 10 AND satellite_count >= 7 AND a > 10,battery >= 10 AND satellite_count >= 7 AND wind_speed <= 36,0.3333333333333333,1.0,0.6666666666666666,a > 10 AND b > 10,height >= 30 AND source_distance == 0,1.0,0.0,-1.0,0.222,"battery, satellite_count, a","battery, satellite_count, wind_speed","a, b","height, source_distance","satellite_count, battery",,a,wind_speed,"a, b","source_distance, height",1,1,2,2,Combined,1,1.0918087655714914
Desired_251,candidate,battery >= 10 AND satellite_count >= 7 AND a > 10,battery >= 10 AND satellite_count >= 7 AND wind_speed <= 36,0.3333333333333333,1.0,0.6666666666666666,height >= 30 AND source_distance == 0 AND a > 10,height >= 30 AND source_distance == 0,0.3103448275862068,1.0,0.6896551724137931,0.785,"battery, satellite_count, a","battery, satellite_count, wind_speed","height, source_distance, a","height, source_distance","satellite_count, battery","source_distance, height",a,wind_speed,a,,1,1,1,0,Combined,1,0.9561628218008007
Desired_252,candidate,battery >= 10 AND satellite_count >= 7 AND a > 10,battery >= 10 AND satellite_count >= 7 AND wind_speed <= 36,0.3333333333333333,1.0,0.6666666666666666,height >= 30 AND source_distance == 0 AND b > 10,height >= 30 AND source_distance == 0,0.3103448275862068,1.0,0.6896551724137931,0.785,"battery, satellite_count, a","battery, satellite_count, wind_speed","height, source_distance, b","height, source_distance","satellite_count, battery","source_distance, height",a,wind_speed,b,,1,1,1,0,Combined,1,1.0447903583005729
Desired_253,candidate,battery >= 10 AND satellite_count >= 7 AND a > 10,battery >= 10 AND satellite_count >= 7 AND wind_speed <= 36,0.3333333333333333,1.0,0.6666666666666666,height >= 30 AND a > 10 AND b > 10,height >= 30 AND source_distance == 0,0.6551724137931034,1.0,0.3448275862068966,0.67,"battery, satellite_count, a","battery, satellite_count, wind_speed","height, a, b","height, source_distance","satellite_count, battery",height,a,wind_speed,"a, b",source_distance,1,1,2,1,Combined,1,0.9096937548151844
Desired_254,candidate,battery >= 10 AND satellite_count >= 7 AND a > 10,battery >= 10 AND satellite_count >= 7 AND wind_speed <= 36,0.3333333333333333,1.0,0.6666666666666666,source_distance == 0 AND a > 10 AND b > 10,height >= 30 AND source_distance == 0,0.6551724137931034,1.0,0.3448275862068966,0.67,"battery, satellite_count, a","battery, satellite_count, wind_speed","source_distance, a, b","height, source_distance","satellite_count, battery",source_distance,a,wind_speed,"a, b",height,1,1,2,1,Combined,1,1.0561347803631231
Desired_255,candidate,battery >= 10 AND satellite_count >= 7 AND a > 10,battery >= 10 AND satellite_count >= 7 AND wind_speed <= 36,0.3333333333333333,1.0,0.6666666666666666,height >= 30 AND source_distance == 0 AND a > 10 AND b > 10,height >= 30 AND source_distance == 0,0.4736842105263158,1.0,0.5263157894736842,0.731,"battery, satellite_count, a","battery, satellite_count, wind_speed","height, source_distance, a, b","height, source_distance","satellite_count, battery","source_distance, height",a,wind_speed,"a, b",,1,1,2,0,Combined,1,0.9283052126704625
Desired_256,candidate,battery >= 10 AND satellite_count >= 7 AND b > 10,battery >= 10 AND satellite_count >= 7 AND wind_speed <= 36,0.3333333333333333,1.0,0.6666666666666666,height >= 30,height >= 30 AND source_distance == 0,0.0909090909090909,1.0,0.9090909090909092,0.859,"battery, satellite_count, b","battery, satellite_count, wind_speed",height,"height, source_distance","satellite_count, battery",height,b,wind_speed,,source_distance,1,1,0,1,Combined,1,1.05152693150231
Desired_257,candidate,battery >= 10 AND satellite_count >= 7 AND b > 10,battery >= 10 AND satellite_count >= 7 AND wind_speed <= 36,0.3333333333333333,1.0,0.6666666666666666,source_distance == 0,height >= 30 AND source_distance == 0,0.0909090909090909,1.0,0.9090909090909092,0.859,"battery, satellite_count, b","battery, satellite_count, wind_speed",source_distance,"height, source_distance","satellite_count, battery",source_distance,b,wind_speed,,height,1,1,0,1,Combined,1,0.9900567285161292
Desired_258,candidate,battery >= 10 AND satellite_count >= 7 AND b > 10,battery >= 10 AND satellite_count >= 7 AND wind_speed <= 36,0.3333333333333333,1.0,0.6666666666666666,a > 10,height >= 30 AND source_distance == 0,1.0,0.0,-1.0,0.222,"battery, satellite_count, b","battery, satellite_count, wind_speed",a,"height, source_distance","satellite_count, battery",,b,wind_speed,a,"source_distance, height",1,1,1,2,Combined,1,1.077298941980429
Desired_259,candidate,battery >= 10 AND satellite_count >= 7 AND b > 10,battery >= 10 AND satellite_count >= 7 AND wind_speed <= 36,0.3333333333333333,1.0,0.6666666666666666,b > 10,height >= 30 AND source_distance == 0,1.0,0.0,-1.0,0.222,"battery, satellite_count, b","battery, satellite_count, wind_speed",b,"height, source_distance","satellite_count, battery",,b,wind_speed,b,"source_distance, height",1,1,1,2,Combined,1,1.0813748656888584
Desired_260,candidate,battery >= 10 AND satellite_count >= 7 AND b > 10,battery >= 10 AND satellite_count >= 7 AND wind_speed <= 36,0.3333333333333333,1.0,0.6666666666666666,height >= 30 AND source_distance == 0,height >= 30 AND source_distance == 0,0.0,1.0,1.0,0.889,"battery, satellite_count, b","battery, satellite_count, wind_speed","height, source_distance","height, source_distance","satellite_count, battery","source_distance, height",b,wind_speed,,,1,1,0,0,Combined,1,0.9512233094016391
Desired_261,candidate,battery >= 10 AND satellite_count >= 7 AND b > 10,battery >= 10 AND satellite_count >= 7 AND wind_speed <= 36,0.3333333333333333,1.0,0.6666666666666666,height >= 30 AND a > 10,height >= 30 AND source_distance == 0,0.5,1.0,0.5,0.722,"battery, satellite_count, b","battery, satellite_count, wind_speed","height, a","height, source_distance","satellite_count, battery",height,b,wind_speed,a,source_distance,1,1,1,1,Combined,1,0.9475053604011819
Desired_262,candidate,battery >= 10 AND satellite_count >= 7 AND b > 10,battery >= 10 AND satellite_count >= 7 AND wind_speed <= 36,0.3333333333333333,1.0,0.6666666666666666,height >= 30 AND b > 10,height >= 30 AND source_distance == 0,0.5,1.0,0.5,0.722,"battery, satellite_count, b","battery, satellite_count, wind_speed","height, b","height, source_distance","satellite_count, battery",height,b,wind_speed,b,source_distance,1,1,1,1,Combined,1,0.9826643107382775
Desired_263,candidate,battery >= 10 AND satellite_count >= 7 AND b > 10,battery >= 10 AND satellite_count >= 7 AND wind_speed <= 36,0.3333333333333333,1.0,0.6666666666666666,source_distance == 0 AND a > 10,height >= 30 AND source_distance == 0,0.5,1.0,0.5,0.722,"battery, satellite_count, b","battery, satellite_count, wind_speed","source_distance, a","height, source_distance","satellite_count, battery",source_distance,b,wind_speed,a,height,1,1,1,1,Combined,1,1.0427601594683749
Desired_264,candidate,battery >= 10 AND satellite_count >= 7 AND b > 10,battery >= 10 AND satellite_count >= 7 AND wind_speed <= 36,0.3333333333333333,1.0,0.6666666666666666,source_distance == 0 AND b > 10,height >= 30 AND source_distance == 0,0.5,1.0,0.5,0.722,"battery, satellite_count, b","battery, satellite_count, wind_speed","source_distance, b","height, source_distance","satellite_count, battery",source_distance,b,wind_speed,b,height,1,1,1,1,Combined,1,0.951845170880652
Desired_265,candidate,battery >= 10 AND satellite_count >= 7 AND b > 10,battery >= 10 AND satellite_count >= 7 AND wind_speed <= 36,0.3333333333333333,1.0,0.6666666666666666,a > 10 AND b > 10,height >= 30 AND source_distance == 0,1.0,0.0,-1.0,0.222,"battery, satellite_count, b","battery, satellite_count, wind_speed","a, b","height, source_distance","satellite_count, battery",,b,wind_speed,"a, b","source_distance, height",1,1,2,2,Combined,1,0.9815319018360268
Desired_266,candidate,battery >= 10 AND satellite_count >= 7 AND b > 10,battery >= 10 AND satellite_count >= 7 AND wind_speed <= 36,0.3333333333333333,1.0,0.6666666666666666,height >= 30 AND source_distance == 0 AND a > 10,height >= 30 AND source_distance == 0,0.3103448275862068,1.0,0.6896551724137931,0.785,"battery, satellite_count, b","battery, satellite_count, wind_speed","height, source_distance, a","height, source_distance","satellite_count, battery","source_distance, height",b,wind_speed,a,,1,1,1,0,Combined,1,1.0977986891888005
Desired_267,candidate,battery >= 10 AND satellite_count >= 7 AND b > 10,battery >= 10 AND satellite_count >= 7 AND wind_speed <= 36,0.3333333333333333,1.0,0.6666666666666666,height >= 30 AND source_distance == 0 AND b > 10,height >= 30 AND source_distance == 0,0.3103448275862068,1.0,0.6896551724137931,0.785,"battery, satellite_count, b","battery, satellite_count, wind_speed","height, source_distance, b","height, source_distance","satellite_count, battery","source_distance, height",b,wind_speed,b,,1,1,1,0,Combined,1,1.0780918755890387
Desired_268,candidate,battery >= 10 AND satellite_count >= 7 AND b > 10,battery >= 10 AND satellite_count >= 7 AND wind_speed <= 36,0.3333333333333333,1.0,0.6666666666666666,height >= 30 AND a > 10 AND b > 10,height >= 30 AND source_distance == 0,0.6551724137931034,1.0,0.3448275862068966,0.67,"battery, satellite_count, b","battery, satellite_count, wind_speed","height, a, b","height, source_distance","satellite_count, battery",height,b,wind_speed,"a, b",source_distance,1,1,2,1,Combined,1,1.097111276359793
Desired_269,candidate,battery >= 10 AND satellite_count >= 7 AND b > 10,battery >= 10 AND satellite_count >= 7 AND wind_speed <= 36,0.3333333333333333,1.0,0.6666666666666666,source_distance == 0 AND a > 10 AND b > 10,height >= 30 AND source_distance == 0,0.6551724137931034,1.0,0.3448275862068966,0.67,"battery, satellite_count, b","battery, satellite_count, wind_speed","source_distance, a, b","height, source_distance","satellite_count, battery",source_distance,b,wind_speed,"a, b",height,1,1,2,1,Combined,1,1.0291178738860416
Desired_270,candidate,battery >= 10 AND satellite_count >= 7 AND b > 10,battery >= 10 AND satellite_count >= 7 AND wind_speed <= 36,0.3333333333333333,1.0,0.6666666666666666,height >= 30 AND source_distance == 0 AND a > 10 AND b > 10,height >= 30 AND source_distance == 0,0.4736842105263158,1.0,0.5263157894736842,0.731,"battery, satellite_count, b","battery, satellite_count, wind_speed","height, source_distance, a, b","height, source_distance","satellite_count, battery","source_distance, height",b,wind_speed,"a, b",,1,1,2,0,Combined,1,0.9251794699751801
Desired_271,candidate,battery >= 10 AND wind_speed <= 36 AND a > 10,battery >= 10 AND satellite_count >= 7 AND wind_speed <= 36,0.3333333333333333,1.0,0.6666666666666666,height >= 30,height >= 30 AND source_distance == 0,0.0909090909090909,1.0,0.9090909090909092,0.859,"battery, wind_speed, a","battery, satellite_count, wind_speed",height,"height, source_distance","battery, wind_speed",height,a,satellite_count,,source_distance,1,1,0,1,Combined,1,1.0045965700717656
Desired_272,candidate,battery >= 10 AND wind_speed <= 36 AND a > 10,battery >= 10 AND satellite_count >= 7 AND wind_speed <= 36,0.3333333333333333,1.0,0.6666666666666666,source_distance == 0,height >= 30 AND source_distance == 0,0.0909090909090909,1.0,0.9090909090909092,0.859,"battery, wind_speed, a","battery, satellite_count, wind_speed",source_distance,"height, source_distance","battery, wind_speed",source_distance,a,satellite_count,,height,1,1,0,1,Combined,1,1.0482332956334344
Desired_273,candidate,battery >= 10 AND wind_speed <= 36 AND a > 10,battery >= 10 AND satellite_count >= 7 AND wind_speed <= 36,0.3333333333333333,1.0,0.6666666666666666,a > 10,height >= 30 AND source_distance == 0,1.0,0.0,-1.0,0.222,"battery, wind_speed, a","battery, satellite_count, wind_speed",a,"height, source_distance","battery, wind_speed",,a,satellite_count,a,"source_distance, height",1,1,1,2,Combined,1,0.9888019163736987
Desired_274,candidate,battery >= 10 AND wind_speed <= 36 AND a > 10,battery >= 10 AND satellite_count >= 7 AND wind_speed <= 36,0.3333333333333333,1.0,0.6666666666666666,b > 10,height >= 30 AND source_distance == 0,1.0,0.0,-1.0,0.222,"battery, wind_speed, a","battery, satellite_count, wind_speed",b,"height, source_distance","battery, wind_speed",,a,satellite_count,b,"source_distance, height",1,1,1,2,Combined,1,0.9211024030236463
Desired_275,candidate,battery >= 10 AND wind_speed <= 36 AND a > 10,battery >= 10 AND satellite_count >= 7 AND wind_speed <= 36,0.3333333333333333,1.0,0.6666666666666666,height >= 30 AND source_distance == 0,height >= 30 AND source_distance == 0,0.0,1.0,1.0,0.889,"battery, wind_speed, a","battery, satellite_count, wind_speed","height, source_distance","height, source_distance","battery, wind_speed","source_distance, height",a,satellite_count,,,1,1,0,0,Combined,1,0.9935912424371593
Desired_276,candidate,battery >= 10 AND wind_speed <= 36 AND a > 10,battery >= 10 AND satellite_count >= 7 AND wind_speed <= 36,0.3333333333333333,1.0,0.6666666666666666,height >= 30 AND a > 10,height >= 30 AND source_distance == 0,0.5,1.0,0.5,0.722,"battery, wind_speed, a","battery, satellite_count, wind_speed","height, a","height, source_distance","battery, wind_speed",height,a,satellite_count,a,source_distance,1,1,1,1,Combined,1,0.954543013943912
Desired_277,candidate,battery >= 10 AND wind_speed <= 36 AND a > 10,battery >= 10 AND satellite_count >= 7 AND wind_speed <= 36,0.3333333333333333,1.0,0.6666666666666666,height >= 30 AND b > 10,height >= 30 AND source_distance == 0,0.5,1.0,0.5,0.722,"battery, wind_speed, a","battery, satellite_count, wind_speed","height, b","height, source_distance","battery, wind_speed",height,a,satellite_count,b,source_distance,1,1,1,1,Combined,1,0.9767832381934953
Desired_278,candidate,battery >= 10 AND wind_speed <= 36 AND a > 10,battery >= 10 AND satellite_count >= 7 AND wind_speed <= 36,0.3333333333333333,1.0,0.6666666666666666,source_distance == 0 AND a > 10,height >= 30 AND source_distance == 0,0.5,1.0,0.5,0.722,"battery, wind_speed, a","battery, satellite_count, wind_speed","source_distance, a","height, source_distance","battery, wind_speed",source_distance,a,satellite_count,a,height,1,1,1,1,Combined,1,0.9641990479376031
Desired_279,candidate,battery >= 10 AND wind_speed <= 36 AND a > 10,battery >= 10 AND satellite_count >= 7 AND wind_speed <= 36,0.3333333333333333,1.0,0.6666666666666666,source_distance == 0 AND b > 10,height >= 30 AND source_distance == 0,0.5,1.0,0.5,0.722,"battery, wind_speed, a","battery, satellite_count, wind_speed","source_distance, b","height, source_distance","battery, wind_speed",source_distance,a,satellite_count,b,height,1,1,1,1,Combined,1,1.0242131809519346
Desired_280,candidate,battery >= 10 AND wind_speed <= 36 AND a > 10,battery >= 10 AND satellite_count >= 7 AND wind_speed <= 36,0.3333333333333333,1.0,0.6666666666666666,a > 10 AND b > 10,height >= 30 AND source_distance == 0,1.0,0.0,-1.0,0.222,"battery, wind_speed, a","battery, satellite_count, wind_speed","a, b","height, source_distance","battery, wind_speed",,a,satellite_count,"a, b","source_distance, height",1,1,2,2,Combined,1,1.090769265203029
Desired_281,candidate,battery >= 10 AND wind_speed <= 36 AND a > 10,battery >= 10 AND satellite_count >= 7 AND wind_speed <= 36,0.3333333333333333,1.0,0.6666666666666666,height >= 30 AND source_distance == 0 AND a > 10,height >= 30 AND source_distance == 0,0.3103448275862068,1.0,0.6896551724137931,0.785,"battery, wind_speed, a","battery, satellite_count, wind_speed","height, source_distance, a","height, source_distance","battery, wind_speed","source_distance, height",a,satellite_count,a,,1,1,1,0,Combined,1,1.0260019008974488
Desired_282,candidate,battery >= 10 AND wind_speed <= 36 AND a > 10,battery >= 10 AND satellite_count >= 7 AND wind_speed <= 36,0.3333333333333333,1.0,0.6666666666666666,height >= 30 AND source_distance == 0 AND b > 10,height >= 30 AND source_distance == 0,0.3103448275862068,1.0,0.6896551724137931,0.785,"battery, wind_speed, a","battery, satellite_count, wind_speed","height, source_distance, b","height, source_distance","battery, wind_speed","source_distance, height",a,satellite_count,b,,1,1,1,0,Combined,1,1.0850244468652255
Desired_283,candidate,battery >= 10 AND wind_speed <= 36 AND a > 10,battery >= 10 AND satellite_count >= 7 AND wind_speed <= 36,0.3333333333333333,1.0,0.6666666666666666,height >= 30 AND a > 10 AND b > 10,height >= 30 AND source_distance == 0,0.6551724137931034,1.0,0.3448275862068966,0.67,"battery, wind_speed, a","battery, satellite_count, wind_speed","height, a, b","height, source_distance","battery, wind_speed",height,a,satellite_count,"a, b",source_distance,1,1,2,1,Combined,1,0.9580677436156072
Desired_284,candidate,battery >= 10 AND wind_speed <= 36 AND a > 10,battery >= 10 AND satellite_count >= 7 AND wind_speed <= 36,0.3333333333333333,1.0,0.6666666666666666,source_distance == 0 AND a > 10 AND b > 10,height >= 30 AND source_distance == 0,0.6551724137931034,1.0,0.3448275862068966,0.67,"battery, wind_speed, a","battery, satellite_count, wind_speed","source_distance, a, b","height, source_distance","battery, wind_speed",source_distance,a,satellite_count,"a, b",height,1,1,2,1,Combined,1,1.0269078096654471
Desired_285,candidate,battery >= 10 AND wind_speed <= 36 AND a > 10,battery >= 10 AND satellite_count >= 7 AND wind_speed <= 36,0.3333333333333333,1.0,0.6666666666666666,height >= 30 AND source_distance == 0 AND a > 10 AND b > 10,height >= 30 AND source_distance == 0,0.4736842105263158,1.0,0.5263157894736842,0.731,"battery, wind_speed, a","battery, satellite_count, wind_speed","height, source_distance, a, b","height, source_distance","battery, wind_speed","source_distance, height",a,satellite_count,"a, b",,1,1,2,0,Combined,1,1.0647053711882317
Desired_286,candidate,battery >= 10 AND wind_speed <= 36 AND b > 10,battery >= 10 AND satellite_count >= 7 AND wind_speed <= 36,0.3333333333333333,1.0,0.6666666666666666,height >= 30,height >= 30 AND source_distance == 0,0.0909090909090909,1.0,0.9090909090909092,0.859,"battery, wind_speed, b","battery, satellite_count, wind_speed",height,"height, source_distance","battery, wind_speed",height,b,satellite_count,,source_distance,1,1,0,1,Combined,1,1.066139296053051
Desired_287,candidate,battery >= 10 AND wind_speed <= 36 AND b > 10,battery >= 10 AND satellite_count >= 7 AND wind_speed <= 36,0.3333333333333333,1.0,0.6666666666666666,source_distance == 0,height >= 30 AND source_distance == 0,0.0909090909090909,1.0,0.9090909090909092,0.859,"battery, wind_speed, b","battery, satellite_count, wind_speed",source_distance,"height, source_distance","battery, wind_speed",source_distance,b,satellite_count,,height,1,1,0,1,Combined,1,1.0470102818054121
Desired_288,candidate,battery >= 10 AND wind_speed <= 36 AND b > 10,battery >= 10 AND satellite_count >= 7 AND wind_speed <= 36,0.3333333333333333,1.0,0.6666666666666666,a > 10,height >= 30 AND source_distance == 0,1.0,0.0,-1.0,0.222,"battery, wind_speed, b","battery, satellite_count, wind_speed",a,"height, source_distance","battery, wind_speed",,b,satellite_count,a,"source_distance, height",1,1,1,2,Combined,1,0.9076476599287485
Desired_289,candidate,battery >= 10 AND wind_speed <= 36 AND b > 10,battery >= 10 AND satellite_count >= 7 AND wind_speed <= 36,0.3333333333333333,1.0,0.6666666666666666,b > 10,height >= 30 AND source_distance == 0,1.0,0.0,-1.0,0.222,"battery, wind_speed, b","battery, satellite_count, wind_speed",b,"height, source_distance","battery, wind_speed",,b,satellite_count,b,"source_distance, height",1,1,1,2,Combined,1,0.9434918334670694
Desired_290,candidate,battery >= 10 AND wind_speed <= 36 AND b > 10,battery >= 10 AND satellite_count >= 7 AND wind_speed <= 36,0.3333333333333333,1.0,0.6666666666666666,height >= 30 AND source_distance == 0,height >= 30 AND source_distance == 0,0.0,1.0,1.0,0.889,"battery, wind_speed, b","battery, satellite_count, wind_speed","height, source_distance","height, source_distance","battery, wind_speed","source_distance, height",b,satellite_count,,,1,1,0,0,Combined,1,0.980946170554472
Desired_291,candidate,battery >= 10 AND wind_speed <= 36 AND b > 10,battery >= 10 AND satellite_count >= 7 AND wind_speed <= 36,0.3333333333333333,1.0,0.6666666666666666,height >= 30 AND a > 10,height >= 30 AND source_distance == 0,0.5,1.0,0.5,0.722,"battery, wind_speed, b","battery, satellite_count, wind_speed","height, a","height, source_distance","battery, wind_speed",height,b,satellite_count,a,source_distance,1,1,1,1,Combined,1,0.9675418913968631
Desired_292,candidate,battery >= 10 AND wind_speed <= 36 AND b > 10,battery >= 10 AND satellite_count >= 7 AND wind_speed <= 36,0.3333333333333333,1.0,0.6666666666666666,height >= 30 AND b > 10,height >= 30 AND source_distance == 0,0.5,1.0,0.5,0.722,"battery, wind_speed, b","battery, satellite_count, wind_speed","height, b","height, source_distance","battery, wind_speed",height,b,satellite_count,b,source_distance,1,1,1,1,Combined,1,1.0887340849413547
Desired_293,candidate,battery >= 10 AND wind_speed <= 36 AND b > 10,battery >= 10 AND satellite_count >= 7 AND wind_speed <= 36,0.3333333333333333,1.0,0.6666666666666666,source_distance == 0 AND a > 10,height >= 30 AND source_distance == 0,0.5,1.0,0.5,0.722,"battery, wind_speed, b","battery, satellite_count, wind_speed","source_distance, a","height, source_distance","battery, wind_speed",source_distance,b,satellite_count,a,height,1,1,1,1,Combined,1,0.9039320658283782
Desired_294,candidate,battery >= 10 AND wind_speed <= 36 AND b > 10,battery >= 10 AND satellite_count >= 7 AND wind_speed <= 36,0.3333333333333333,1.0,0.6666666666666666,source_distance == 0 AND b > 10,height >= 30 AND source_distance == 0,0.5,1.0,0.5,0.722,"battery, wind_speed, b","battery, satellite_count, wind_speed","source_distance, b","height, source_distance","battery, wind_speed",source_distance,b,satellite_count,b,height,1,1,1,1,Combined,1,1.0483674264276635
Desired_295,candidate,battery >= 10 AND wind_speed <= 36 AND b > 10,battery >= 10 AND satellite_count >= 7 AND wind_speed <= 36,0.3333333333333333,1.0,0.6666666666666666,a > 10 AND b > 10,height >= 30 AND source_distance == 0,1.0,0.0,-1.0,0.222,"battery, wind_speed, b","battery, satellite_count, wind_speed","a, b","height, source_distance","battery, wind_speed",,b,satellite_count,"a, b","source_distance, height",1,1,2,2,Combined,1,0.9244963556048396
Desired_296,candidate,battery >= 10 AND wind_speed <= 36 AND b > 10,battery >= 10 AND satellite_count >= 7 AND wind_speed <= 36,0.3333333333333333,1.0,0.6666666666666666,height >= 30 AND source_distance == 0 AND a > 10,height >= 30 AND source_distance == 0,0.3103448275862068,1.0,0.6896551724137931,0.785,"battery, wind_speed, b","battery, satellite_count, wind_speed","height, source_distance, a","height, source_distance","battery, wind_speed","source_distance, height",b,satellite_count,a,,1,1,1,0,Combined,1,1.002428030825873
Desired_297,candidate,battery >= 10 AND wind_speed <= 36 AND b > 10,battery >= 10 AND satellite_count >= 7 AND wind_speed <= 36,0.3333333333333333,1.0,0.6666666666666666,height >= 30 AND source_distance == 0 AND b > 10,height >= 30 AND source_distance == 0,0.3103448275862068,1.0,0.6896551724137931,0.785,"battery, wind_speed, b","battery, satellite_count, wind_speed","height, source_distance, b","height, source_distance","battery, wind_speed","source_distance, height",b,satellite_count,b,,1,1,1,0,Combined,1,1.0418901746901192
Desired_298,candidate,battery >= 10 AND wind_speed <= 36 AND b > 10,battery >= 10 AND satellite_count >= 7 AND wind_speed <= 36,0.3333333333333333,1.0,0.6666666666666666,height >= 30 AND a > 10 AND b > 10,height >= 30 AND source_distance == 0,0.6551724137931034,1.0,0.3448275862068966,0.67,"battery, wind_speed, b","battery, satellite_count, wind_speed","height, a, b","height, source_distance","battery, wind_speed",height,b,satellite_count,"a, b",source_distance,1,1,2,1,Combined,1,1.0352008755713338
Desired_299,candidate,battery >= 10 AND wind_speed <= 36 AND b > 10,battery >= 10 AND satellite_count >= 7 AND wind_speed <= 36,0.3333333333333333,1.0,0.6666666666666666,source_distance == 0 AND a > 10 AND b > 10,height >= 30 AND source_distance == 0,0.6551724137931034,1.0,0.3448275862068966,0.67,"battery, wind_speed, b","battery, satellite_count, wind_speed","source_distance, a, b","height, source_distance","battery, wind_speed",source_distance,b,satellite_count,"a, b",height,1,1,2,1,Combined,1,1.0496246027909955
Desired_300,candidate,battery >= 10 AND wind_speed <= 36 AND b > 10,battery >= 10 AND satellite_count >= 7 AND wind_speed <= 36,0.3333333333333333,1.0,0.6666666666666666,height >= 30 AND source_distance == 0 AND a > 10 AND b > 10,height >= 30 AND source_distance == 0,0.4736842105263158,1.0,0.5263157894736842,0.731,"battery, wind_speed, b","battery, satellite_count, wind_speed","height, source_distance, a, b","height, source_distance","battery, wind_speed","source_distance, height",b,satellite_count,"a, b",,1,1,2,0,Combined,1,0.9015264478888657
Desired_301,candidate,battery >= 10 AND a > 10 AND b > 10,battery >= 10 AND satellite_count >= 7 AND wind_speed <= 36,0.6666666666666667,1.0,0.3333333333333332,height >= 30,height >= 30 AND source_distance == 0,0.0909090909090909,1.0,0.9090909090909092,0.747,"battery, a, b","battery, satellite_count, wind_speed",height,"height, source_distance",battery,height,"a, b","satellite_count, wind_speed",,source_distance,2,2,0,1,Combined,1,1.009890664629701
Desired_302,candidate,battery >= 10 AND a > 10 AND b > 10,battery >= 10 AND satellite_count >= 7 AND wind_speed <= 36,0.6666666666666667,1.0,0.3333333333333332,source_distance == 0,height >= 30 AND source_distance == 0,0.0909090909090909,1.0,0.9090909090909092,0.747,"battery, a, b","battery, satellite_count, wind_speed",source_distance,"height, source_distance",battery,source_distance,"a, b","satellite_count, wind_speed",,height,2,2,0,1,Combined,1,0.9744263274054022
Desired_303,candidate,battery >= 10 AND a > 10 AND b > 10,battery >= 10 AND satellite_count >= 7 AND wind_speed <= 36,0.6666666666666667,1.0,0.3333333333333332,a > 10,height >= 30 AND source_distance == 0,1.0,0.0,-1.0,0.111,"battery, a, b","battery, satellite_count, wind_speed",a,"height, source_distance",battery,,"a, b","satellite_count, wind_speed",a,"source_distance, height",2,2,1,2,Combined,1,1.0171927821957394
Desired_304,candidate,battery >= 10 AND a > 10 AND b > 10,battery >= 10 AND satellite_count >= 7 AND wind_speed <= 36,0.6666666666666667,1.0,0.3333333333333332,b > 10,height >= 30 AND source_distance == 0,1.0,0.0,-1.0,0.111,"battery, a, b","battery, satellite_count, wind_speed",b,"height, source_distance",battery,,"a, b","satellite_count, wind_speed",b,"source_distance, height",2,2,1,2,Combined,1,1.0885440626691536
Desired_305,candidate,battery >= 10 AND a > 10 AND b > 10,battery >= 10 AND satellite_count >= 7 AND wind_speed <= 36,0.6666666666666667,1.0,0.3333333333333332,height >= 30 AND source_distance == 0,height >= 30 AND source_distance == 0,0.0,1.0,1.0,0.778,"battery, a, b","battery, satellite_count, wind_speed","height, source_distance","height, source_distance",battery,"source_distance, height","a, b","satellite_count, wind_speed",,,2,2,0,0,Combined,1,1.052771430348645
Desired_306,candidate,battery >= 10 AND a > 10 AND b > 10,battery >= 10 AND satellite_count >= 7 AND wind_speed <= 36,0.6666666666666667,1.0,0.3333333333333332,height >= 30 AND a > 10,height >= 30 AND source_distance == 0,0.5,1.0,0.5,0.611,"battery, a, b","battery, satellite_count, wind_speed","height, a","height, source_distance",battery,height,"a, b","satellite_count, wind_speed",a,source_distance,2,2,1,1,Combined,1,0.9020417239333769
Desired_307,candidate,battery >= 10 AND a > 10 AND b > 10,battery >= 10 AND satellite_count >= 7 AND wind_speed <= 36,0.6666666666666667,1.0,0.3333333333333332,height >= 30 AND b > 10,height >= 30 AND source_distance == 0,0.5,1.0,0.5,0.611,"battery, a, b","battery, satellite_count, wind_speed","height, b","height, source_distance",battery,height,"a, b","satellite_count, wind_speed",b,source_distance,2,2,1,1,Combined,1,1.0387036588903356
Desired_308,candidate,battery >= 10 AND a > 10 AND b > 10,battery >= 10 AND satellite_count >= 7 AND wind_speed <= 36,0.6666666666666667,1.0,0.3333333333333332,source_distance == 0 AND a > 10,height >= 30 AND source_distance == 0,0.5,1.0,0.5,0.611,"battery, a, b","battery, satellite_count, wind_speed","source_distance, a","height, source_distance",battery,source_distance,"a, b","satellite_count, wind_speed",a,height,2,2,1,1,Combined,1,1.0293465334594547
Desired_309,candidate,battery >= 10 AND a > 10 AND b > 10,battery >= 10 AND satellite_count >= 7 AND wind_speed <= 36,0.6666666666666667,1.0,0.3333333333333332,source_distance == 0 AND b > 10,height >= 30 AND source_distance == 0,0.5,1.0,0.5,0.611,"battery, a, b","battery, satellite_count, wind_speed","source_distance, b","height, source_distance",battery,source_distance,"a, b","satellite_count, wind_speed",b,height,2,2,1,1,Combined,1,1.0671193678094466
Desired_310,candidate,battery >= 10 AND a > 10 AND b > 10,battery >= 10 AND satellite_count >= 7 AND wind_speed <= 36,0.6666666666666667,1.0,0.3333333333333332,a > 10 AND b > 10,height >= 30 AND source_distance == 0,1.0,0.0,-1.0,0.111,"battery, a, b","battery, satellite_count, wind_speed","a, b","height, source_distance",battery,,"a, b","satellite_count, wind_speed","a, b","source_distance, height",2,2,2,2,Combined,1,0.9575186340342636
Desired_311,candidate,battery >= 10 AND a > 10 AND b > 10,battery >= 10 AND satellite_count >= 7 AND wind_speed <= 36,0.6666666666666667,1.0,0.3333333333333332,height >= 30 AND source_distance == 0 AND a > 10,height >= 30 AND source_distance == 0,0.3103448275862068,1.0,0.6896551724137931,0.674,"battery, a, b","battery, satellite_count, wind_speed","height, source_distance, a","height, source_distance",battery,"source_distance, height","a, b","satellite_count, wind_speed",a,,2,2,1,0,Combined,1,0.9727384503167209
Desired_312,candidate,battery >= 10 AND a > 10 AND b > 10,battery >= 10 AND satellite_count >= 7 AND wind_speed <= 36,0.6666666666666667,1.0,0.3333333333333332,height >= 30 AND source_distance == 0 AND b > 10,height >= 30 AND source_distance == 0,0.3103448275862068,1.0,0.6896551724137931,0.674,"battery, a, b","battery, satellite_count, wind_speed","height, source_distance, b","height, source_distance",battery,"source_distance, height","a, b","satellite_count, wind_speed",b,,2,2,1,0,Combined,1,1.0408656168901438
Desired_313,candidate,battery >= 10 AND a > 10 AND b > 10,battery >= 10 AND satellite_count >= 7 AND wind_speed <= 36,0.6666666666666667,1.0,0.3333333333333332,height >= 30 AND a > 10 AND b > 10,height >= 30 AND source_distance == 0,0.6551724137931034,1.0,0.3448275862068966,0.559,"battery, a, b","battery, satellite_count, wind_speed","height, a, b","height, source_distance",battery,height,"a, b","satellite_count, wind_speed","a, b",source_distance,2,2,2,1,Combined,1,0.9352396934976985
Desired_314,candidate,battery >= 10 AND a > 10 AND b > 10,battery >= 10 AND satellite_count >= 7 AND wind_speed <= 36,0.6666666666666667,1.0,0.3333333333333332,source_distance == 0 AND a > 10 AND b > 10,height >= 30 AND source_distance == 0,0.6551724137931034,1.0,0.3448275862068966,0.559,"battery, a, b","battery, satellite_count, wind_speed","source_distance, a, b","height, source_distance",battery,source_distance,"a, b","satellite_count, wind_speed","a, b",height,2,2,2,1,Combined,1,0.949202536023708
Desired_315,candidate,battery >= 10 AND a > 10 AND b > 10,battery >= 10 AND satellite_count >= 7 AND wind_speed <= 36,0.6666666666666667,1.0,0.3333333333333332,height >= 30 AND source_distance == 0 AND a > 10 AND b > 10,height >= 30 AND source_distance == 0,0.4736842105263158,1.0,0.5263157894736842,0.62,"battery, a, b","battery, satellite_count, wind_speed","height, source_distance, a, b","height, source_distance",battery,"source_distance, height","a, b","satellite_count, wind_speed","a, b",,2,2,2,0,Combined,1,1.0689635638867019
Desired_316,candidate,satellite_count >= 7 AND wind_speed <= 36 AND a > 10,battery >= 10 AND satellite_count >= 7 AND wind_speed <= 36,0.3333333333333333,1.0,0.6666666666666666,height >= 30,height >= 30 AND source_distance == 0,0.0909090909090909,1.0,0.9090909090909092,0.859,"satellite_count, wind_speed, a","battery, satellite_count, wind_speed",height,"height, source_distance","satellite_count, wind_speed",height,a,battery,,source_distance,1,1,0,1,Combined,1,0.9100061515292596
Desired_317,candidate,satellite_count >= 7 AND wind_speed <= 36 AND a > 10,battery >= 10 AND satellite_count >= 7 AND wind_speed <= 36,0.3333333333333333,1.0,0.6666666666666666,source_distance == 0,height >= 30 AND source_distance == 0,0.0909090909090909,1.0,0.9090909090909092,0.859,"satellite_count, wind_speed, a","battery, satellite_count, wind_speed",source_distance,"height, source_distance","satellite_count, wind_speed",source_distance,a,battery,,height,1,1,0,1,Combined,1,0.906928400837854
Desired_318,candidate,satellite_count >= 7 AND wind_speed <= 36 AND a > 10,battery >= 10 AND satellite_count >= 7 AND wind_speed <= 36,0.3333333333333333,1.0,0.6666666666666666,a > 10,height >= 30 AND source_distance == 0,1.0,0.0,-1.0,0.222,"satellite_count, wind_speed, a","battery, satellite_count, wind_speed",a,"height, source_distance","satellite_count, wind_speed",,a,battery,a,"source_distance, height",1,1,1,2,Combined,1,1.0763764086759433
Desired_319,candidate,satellite_count >= 7 AND wind_speed <= 36 AND a > 10,battery >= 10 AND satellite_count >= 7 AND wind_speed <= 36,0.3333333333333333,1.0,0.6666666666666666,b > 10,height >= 30 AND source_distance == 0,1.0,0.0,-1.0,0.222,"satellite_count, wind_speed, a","battery, satellite_count, wind_speed",b,"height, source_distance","satellite_count, wind_speed",,a,battery,b,"source_distance, height",1,1,1,2,Combined,1,0.9905316081931146
Desired_320,candidate,satellite_count >= 7 AND wind_speed <= 36 AND a > 10,battery >= 10 AND satellite_count >= 7 AND wind_speed <= 36,0.3333333333333333,1.0,0.6666666666666666,height >= 30 AND source_distance == 0,height >= 30 AND source_distance == 0,0.0,1.0,1.0,0.889,"satellite_count, wind_speed, a","battery, satellite_count, wind_speed","height, source_distance","height, source_distance","satellite_count, wind_speed","source_distance, height",a,battery,,,1,1,0,0,Combined,1,0.9164672848977466
Desired_321,candidate,satellite_count >= 7 AND wind_speed <= 36 AND a > 10,battery >= 10 AND satellite_count >= 7 AND wind_speed <= 36,0.3333333333333333,1.0,0.6666666666666666,height >= 30 AND a > 10,height >= 30 AND source_distance == 0,0.5,1.0,0.5,0.722,"satellite_count, wind_speed, a","battery, satellite_count, wind_speed","height, a","height, source_distance","satellite_count, wind_speed",height,a,battery,a,source_distance,1,1,1,1,Combined,1,1.0753422399251487
Desired_322,candidate,satellite_count >= 7 AND wind_speed <= 36 AND a > 10,battery >= 10 AND satellite_count >= 7 AND wind_speed <= 36,0.3333333333333333,1.0,0.6666666666666666,height >= 30 AND b > 10,height >= 30 AND source_distance == 0,0.5,1.0,0.5,0.722,"satellite_count, wind_speed, a","battery, satellite_count, wind_speed","height, b","height, source_distance","satellite_count, wind_speed",height,a,battery,b,source_distance,1,1,1,1,Combined,1,1.086370211539962
Desired_323,candidate,satellite_count >= 7 AND wind_speed <= 36 AND a > 10,battery >= 10 AND satellite_count >= 7 AND wind_speed <= 36,0.3333333333333333,1.0,0.6666666666666666,source_distance == 0 AND a > 10,height >= 30 AND source_distance == 0,0.5,1.0,0.5,0.722,"satellite_count, wind_speed, a","battery, satellite_count, wind_speed","source_distance, a","height, source_distance","satellite_count, wind_speed",source_distance,a,battery,a,height,1,1,1,1,Combined,1,0.9799240785452488
Desired_324,candidate,satellite_count >= 7 AND wind_speed <= 36 AND a > 10,battery >= 10 AND satellite_count >= 7 AND wind_speed <= 36,0.3333333333333333,1.0,0.6666666666666666,source_distance == 0 AND b > 10,height >= 30 AND source_distance == 0,0.5,1.0,0.5,0.722,"satellite_count, wind_speed, a","battery, satellite_count, wind_speed","source_distance, b","height, source_distance","satellite_count, wind_speed",source_distance,a,battery,b,height,1,1,1,1,Combined,1,1.0006919495313369
Desired_325,candidate,satellite_count >= 7 AND wind_speed <= 36 AND a > 10,battery >= 10 AND satellite_count >= 7 AND wind_speed <= 36,0.3333333333333333,1.0,0.6666666666666666,a > 10 AND b > 10,height >= 30 AND source_distance == 0,1.0,0.0,-1.0,0.222,"satellite_count, wind_speed, a","battery, satellite_count, wind_speed","a, b","height, source_distance","satellite_count, wind_speed",,a,battery,"a, b","source_distance, height",1,1,2,2,Combined,1,0.9575423107134655
Desired_326,candidate,satellite_count >= 7 AND wind_speed <= 36 AND a > 10,battery >= 10 AND satellite_count >= 7 AND wind_speed <= 36,0.3333333333333333,1.0,0.6666666666666666,height >= 30 AND source_distance == 0 AND a > 10,height >= 30 AND source_distance == 0,0.3103448275862068,1.0,0.6896551724137931,0.785,"satellite_count, wind_speed, a","battery, satellite_count, wind_speed","height, source_distance, a","height, source_distance","satellite_count, wind_speed","source_distance, height",a,battery,a,,1,1,1,0,Combined,1,0.9802098685008434
Desired_327,candidate,satellite_count >= 7 AND wind_speed <= 36 AND a > 10,battery >= 10 AND satellite_count >= 7 AND wind_speed <= 36,0.3333333333333333,1.0,0.6666666666666666,height >= 30 AND source_distance == 0 AND b > 10,height >= 30 AND source_distance == 0,0.3103448275862068,1.0,0.6896551724137931,0.785,"satellite_count, wind_speed, a","battery, satellite_count, wind_speed","height, source_distance, b","height, source_distance","satellite_count, wind_speed","source_distance, height",a,battery,b,,1,1,1,0,Combined,1,1.0224340524657258
Desired_328,candidate,satellite_count >= 7 AND wind_speed <= 36 AND a > 10,battery >= 10 AND satellite_count >= 7 AND wind_speed <= 36,0.3333333333333333,1.0,0.6666666666666666,height >= 30 AND a > 10 AND b > 10,height >= 30 AND source_distance == 0,0.6551724137931034,1.0,0.3448275862068966,0.67,"satellite_count, wind_speed, a","battery, satellite_count, wind_speed","height, a, b","height, source_distance","satellite_count, wind_speed",height,a,battery,"a, b",source_distance,1,1,2,1,Combined,1,0.9918271233107785
Desired_329,candidate,satellite_count >= 7 AND wind_speed <= 36 AND a > 10,battery >= 10 AND satellite_count >= 7 AND wind_speed <= 36,0.3333333333333333,1.0,0.6666666666666666,source_distance == 0 AND a > 10 AND b > 10,height >= 30 AND source_distance == 0,0.6551724137931034,1.0,0.3448275862068966,0.67,"satellite_count, wind_speed, a","battery, satellite_count, wind_speed","source_distance, a, b","height, source_distance","satellite_count, wind_speed",source_distance,a,battery,"a, b",height,1,1,2,1,Combined,1,1.063019084490891
Desired_330,candidate,satellite_count >= 7 AND wind_speed <= 36 AND a > 10,battery >= 10 AND satellite_count >= 7 AND wind_speed <= 36,0.3333333333333333,1.0,0.6666666666666666,height >= 30 AND source_distance == 0 AND a > 10 AND b > 10,height >= 30 AND source_distance == 0,0.4736842105263158,1.0,0.5263157894736842,0.731,"satellite_count, wind_speed, a","battery, satellite_count, wind_speed","height, source_distance, a, b","height, source_distance","satellite_count, wind_speed","source_distance, height",a,battery,"a, b",,1,1,2,0,Combined,1,0.9171088137059001
Desired_331,candidate,satellite_count >= 7 AND wind_speed <= 36 AND b > 10,battery >= 10 AND satellite_count >= 7 AND wind_speed <= 36,0.3333333333333333,1.0,0.6666666666666666,height >= 30,height >= 30 AND source_distance == 0,0.0909090909090909,1.0,0.9090909090909092,0.859,"satellite_count, wind_speed, b","battery, satellite_count, wind_speed",height,"height, source_distance","satellite_count, wind_speed",height,b,battery,,source_distance,1,1,0,1,Combined,1,1.0219358923348787
Desired_332,candidate,satellite_count >= 7 AND wind_speed <= 36 AND b > 10,battery >= 10 AND satellite_count >= 7 AND wind_speed <= 36,0.3333333333333333,1.0,0.6666666666666666,source_distance == 0,height >= 30 AND source_distance == 0,0.0909090909090909,1.0,0.9090909090909092,0.859,"satellite_count, wind_speed, b","battery, satellite_count, wind_speed",source_distance,"height, source_distance","satellite_count, wind_speed",source_distance,b,battery,,height,1,1,0,1,Combined,1,1.0040019559088598
Desired_333,candidate,satellite_count >= 7 AND wind_speed <= 36 AND b > 10,battery >= 10 AND satellite_count >= 7 AND wind_speed <= 36,0.3333333333333333,1.0,0.6666666666666666,a > 10,height >= 30 AND source_distance == 0,1.0,0.0,-1.0,0.222,"satellite_count, wind_speed, b","battery, satellite_count, wind_speed",a,"height, source_distance","satellite_count, wind_speed",,b,battery,a,"source_distance, height",1,1,1,2,Combined,1,1.0531527664311857
Desired_334,candidate,satellite_count >= 7 AND wind_speed <= 36 AND b > 10,battery >= 10 AND satellite_count >= 7 AND wind_speed <= 36,0.3333333333333333,1.0,0.6666666666666666,b > 10,height >= 30 AND source_distance == 0,1.0,0.0,-1.0,0.222,"satellite_count, wind_speed, b","battery, satellite_count, wind_speed",b,"height, source_distance","satellite_count, wind_speed",,b,battery,b,"source_distance, height",1,1,1,2,Combined,1,0.9025167624857273
Desired_335,candidate,satellite_count >= 7 AND wind_speed <= 36 AND b > 10,battery >= 10 AND satellite_count >= 7 AND wind_speed <= 36,0.3333333333333333,1.0,0.6666666666666666,height >= 30 AND source_distance == 0,height >= 30 AND source_distance == 0,0.0,1.0,1.0,0.889,"satellite_count, wind_speed, b","battery, satellite_count, wind_speed","height, source_distance","height, source_distance","satellite_count, wind_speed","source_distance, height",b,battery,,,1,1,0,0,Combined,1,0.9979789237778613
Desired_336,candidate,satellite_count >= 7 AND wind_speed <= 36 AND b > 10,battery >= 10 AND satellite_count >= 7 AND wind_speed <= 36,0.3333333333333333,1.0,0.6666666666666666,height >= 30 AND a > 10,height >= 30 AND source_distance == 0,0.5,1.0,0.5,0.722,"satellite_count, wind_speed, b","battery, satellite_count, wind_speed","height, a","height, source_distance","satellite_count, wind_speed",height,b,battery,a,source_distance,1,1,1,1,Combined,1,0.9965473619121613
Desired_337,candidate,satellite_count >= 7 AND wind_speed <= 36 AND b > 10,battery >= 10 AND satellite_count >= 7 AND wind_speed <= 36,0.3333333333333333,1.0,0.6666666666666666,height >= 30 AND b > 10,height >= 30 AND source_distance == 0,0.5,1.0,0.5,0.722,"satellite_count, wind_speed, b","battery, satellite_count, wind_speed","height, b","height, source_distance","satellite_count, wind_speed",height,b,battery,b,source_distance,1,1,1,1,Combined,1,1.0812910441308585
Desired_338,candidate,satellite_count >= 7 AND wind_speed <= 36 AND b > 10,battery >= 10 AND satellite_count >= 7 AND wind_speed <= 36,0.3333333333333333,1.0,0.6666666666666666,source_distance == 0 AND a > 10,height >= 30 AND source_distance == 0,0.5,1.0,0.5,0.722,"satellite_count, wind_speed, b","battery, satellite_count, wind_speed","source_distance, a","height, source_distance","satellite_count, wind_speed",source_distance,b,battery,a,height,1,1,1,1,Combined,1,0.9236022087133584
Desired_339,candidate,satellite_count >= 7 AND wind_speed <= 36 AND b > 10,battery >= 10 AND satellite_count >= 7 AND wind_speed <= 36,0.3333333333333333,1.0,0.6666666666666666,source_distance == 0 AND b > 10,height >= 30 AND source_distance == 0,0.5,1.0,0.5,0.722,"satellite_count, wind_speed, b","battery, satellite_count, wind_speed","source_distance, b","height, source_distance","satellite_count, wind_speed",source_distance,b,battery,b,height,1,1,1,1,Combined,1,1.0538923168660368
Desired_340,candidate,satellite_count >= 7 AND wind_speed <= 36 AND b > 10,battery >= 10 AND satellite_count >= 7 AND wind_speed <= 36,0.3333333333333333,1.0,0.6666666666666666,a > 10 AND b > 10,height >= 30 AND source_distance == 0,1.0,0.0,-1.0,0.222,"satellite_count, wind_speed, b","battery, satellite_count, wind_speed","a, b","height, source_distance","satellite_count, wind_speed",,b,battery,"a, b","source_distance, height",1,1,2,2,Combined,1,1.0774176666974127
Desired_341,candidate,satellite_count >= 7 AND wind_speed <= 36 AND b > 10,battery >= 10 AND satellite_count >= 7 AND wind_speed <= 36,0.3333333333333333,1.0,0.6666666666666666,height >= 30 AND source_distance == 0 AND a > 10,height >= 30 AND source_distance == 0,0.3103448275862068,1.0,0.6896551724137931,0.785,"satellite_count, wind_speed, b","battery, satellite_count, wind_speed","height, source_distance, a","height, source_distance","satellite_count, wind_speed","source_distance, height",b,battery,a,,1,1,1,0,Combined,1,0.935653701682799
Desired_342,candidate,satellite_count >= 7 AND wind_speed <= 36 AND b > 10,battery >= 10 AND satellite_count >= 7 AND wind_speed <= 36,0.3333333333333333,1.0,0.6666666666666666,height >= 30 AND source_distance == 0 AND b > 10,height >= 30 AND source_distance == 0,0.3103448275862068,1.0,0.6896551724137931,0.785,"satellite_count, wind_speed, b","battery, satellite_count, wind_speed","height, source_distance, b","height, source_distance","satellite_count, wind_speed","source_distance, height",b,battery,b,,1,1,1,0,Combined,1,1.002123271495508
Desired_343,candidate,satellite_count >= 7 AND wind_speed <= 36 AND b > 10,battery >= 10 AND satellite_count >= 7 AND wind_speed <= 36,0.3333333333333333,1.0,0.6666666666666666,height >= 30 AND a > 10 AND b > 10,height >= 30 AND source_distance == 0,0.6551724137931034,1.0,0.3448275862068966,0.67,"satellite_count, wind_speed, b","battery, satellite_count, wind_speed","height, a, b","height, source_distance","satellite_count, wind_speed",height,b,battery,"a, b",source_distance,1,1,2,1,Combined,1,1.0104444655546005
Desired_344,candidate,satellite_count >= 7 AND wind_speed <= 36 AND b > 10,battery >= 10 AND satellite_count >= 7 AND wind_speed <= 36,0.3333333333333333,1.0,0.6666666666666666,source_distance == 0 AND a > 10 AND b > 10,height >= 30 AND source_distance == 0,0.6551724137931034,1.0,0.3448275862068966,0.67,"satellite_count, wind_speed, b","battery, satellite_count, wind_speed","source_distance, a, b","height, source_distance","satellite_count, wind_speed",source_distance,b,battery,"a, b",height,1,1,2,1,Combined,1,1.0719445554755442
Desired_345,candidate,satellite_count >= 7 AND wind_speed <= 36 AND b > 10,battery >= 10 AND satellite_count >= 7 AND wind_speed <= 36,0.3333333333333333,1.0,0.6666666666666666,height >= 30 AND source_distance == 0 AND a > 10 AND b > 10,height >= 30 AND source_distance == 0,0.4736842105263158,1.0,0.5263157894736842,0.731,"satellite_count, wind_speed, b","battery, satellite_count, wind_speed","height, source_distance, a, b","height, source_distance","satellite_count, wind_speed","source_distance, height",b,battery,"a, b",,1,1,2,0,Combined,1,0.9398367466533343
Desired_346,candidate,satellite_count >= 7 AND a > 10 AND b > 10,battery >= 10 AND satellite_count >= 7 AND wind_speed <= 36,0.6666666666666667,1.0,0.3333333333333332,height >= 30,height >= 30 AND source_distance == 0,0.0909090909090909,1.0,0.9090909090909092,0.747,"satellite_count, a, b","battery, satellite_count, wind_speed",height,"height, source_distance",satellite_count,height,"a, b","battery, wind_speed",,source_distance,2,2,0,1,Combined,1,0.9253032787794653
Desired_347,candidate,satellite_count >= 7 AND a > 10 AND b > 10,battery >= 10 AND satellite_count >= 7 AND wind_speed <= 36,0.6666666666666667,1.0,0.3333333333333332,source_distance == 0,height >= 30 AND source_distance == 0,0.0909090909090909,1.0,0.9090909090909092,0.747,"satellite_count, a, b","battery, satellite_count, wind_speed",source_distance,"height, source_distance",satellite_count,source_distance,"a, b","battery, wind_speed",,height,2,2,0,1,Combined,1,0.9028973810291999
Desired_348,candidate,satellite_count >= 7 AND a > 10 AND b > 10,battery >= 10 AND satellite_count >= 7 AND wind_speed <= 36,0.6666666666666667,1.0,0.3333333333333332,a > 10,height >= 30 AND source_distance == 0,1.0,0.0,-1.0,0.111,"satellite_count, a, b","battery, satellite_count, wind_speed",a,"height, source_distance",satellite_count,,"a, b","battery, wind_speed",a,"source_distance, height",2,2,1,2,Combined,1,1.011981392662981
Desired_349,candidate,satellite_count >= 7 AND a > 10 AND b > 10,battery >= 10 AND satellite_count >= 7 AND wind_speed <= 36,0.6666666666666667,1.0,0.3333333333333332,b > 10,height >= 30 AND source_distance == 0,1.0,0.0,-1.0,0.111,"satellite_count, a, b","battery, satellite_count, wind_speed",b,"height, source_distance",satellite_count,,"a, b","battery, wind_speed",b,"source_distance, height",2,2,1,2,Combined,1,1.0077004214182412
Desired_350,candidate,satellite_count >= 7 AND a > 10 AND b > 10,battery >= 10 AND satellite_count >= 7 AND wind_speed <= 36,0.6666666666666667,1.0,0.3333333333333332,height >= 30 AND source_distance == 0,height >= 30 AND source_distance == 0,0.0,1.0,1.0,0.778,"satellite_count, a, b","battery, satellite_count, wind_speed","height, source_distance","height, source_distance",satellite_count,"source_distance, height","a, b","battery, wind_speed",,,2,2,0,0,Combined,1,0.9436767495546374
Desired_351,candidate,satellite_count >= 7 AND a > 10 AND b > 10,battery >= 10 AND satellite_count >= 7 AND wind_speed <= 36,0.6666666666666667,1.0,0.3333333333333332,height >= 30 AND a > 10,height >= 30 AND source_distance == 0,0.5,1.0,0.5,0.611,"satellite_count, a, b","battery, satellite_count, wind_speed","height, a","height, source_distance",satellite_count,height,"a, b","battery, wind_speed",a,source_distance,2,2,1,1,Combined,1,0.9709553734395208
Desired_352,candidate,satellite_count >= 7 AND a > 10 AND b > 10,battery >= 10 AND satellite_count >= 7 AND wind_speed <= 36,0.6666666666666667,1.0,0.3333333333333332,height >= 30 AND b > 10,height >= 30 AND source_distance == 0,0.5,1.0,0.5,0.611,"satellite_count, a, b","battery, satellite_count, wind_speed","height, b","height, source_distance",satellite_count,height,"a, b","battery, wind_speed",b,source_distance,2,2,1,1,Combined,1,0.915684646003995
Desired_353,candidate,satellite_count >= 7 AND a > 10 AND b > 10,battery >= 10 AND satellite_count >= 7 AND wind_speed <= 36,0.6666666666666667,1.0,0.3333333333333332,source_distance == 0 AND a > 10,height >= 30 AND source_distance == 0,0.5,1.0,0.5,0.611,"satellite_count, a, b","battery, satellite_count, wind_speed","source_distance, a","height, source_distance",satellite_count,source_distance,"a, b","battery, wind_speed",a,height,2,2,1,1,Combined,1,0.9316391185315711
Desired_354,candidate,satellite_count >= 7 AND a > 10 AND b > 10,battery >= 10 AND satellite_count >= 7 AND wind_speed <= 36,0.6666666666666667,1.0,0.3333333333333332,source_distance == 0 AND b > 10,height >= 30 AND source_distance == 0,0.5,1.0,0.5,0.611,"satellite_count, a, b","battery, satellite_count, wind_speed","source_distance, b","height, source_distance",satellite_count,source_distance,"a, b","battery, wind_speed",b,height,2,2,1,1,Combined,1,0.9639154966740116
Desired_355,candidate,satellite_count >= 7 AND a > 10 AND b > 10,battery >= 10 AND satellite_count >= 7 AND wind_speed <= 36,0.6666666666666667,1.0,0.3333333333333332,a > 10 AND b > 10,height >= 30 AND source_distance == 0,1.0,0.0,-1.0,0.111,"satellite_count, a, b","battery, satellite_count, wind_speed","a, b","height, source_distance",satellite_count,,"a, b","battery, wind_speed","a, b","source_distance, height",2,2,2,2,Combined,1,0.9507804218839483
Desired_356,candidate,satellite_count >= 7 AND a > 10 AND b > 10,battery >= 10 AND satellite_count >= 7 AND wind_speed <= 36,0.6666666666666667,1.0,0.3333333333333332,height >= 30 AND source_distance == 0 AND a > 10,height >= 30 AND source_distance == 0,0.3103448275862068,1.0,0.6896551724137931,0.674,"satellite_count, a, b","battery, satellite_count, wind_speed","height, source_distance, a","height, source_distance",satellite_count,"source_distance, height","a, b","battery, wind_speed",a,,2,2,1,0,Combined,1,0.908486214333897
Desired_357,candidate,satellite_count >= 7 AND a > 10 AND b > 10,battery >= 10 AND satellite_count >= 7 AND wind_speed <= 36,0.6666666666666667,1.0,0.3333333333333332,height >= 30 AND source_distance == 0 AND b > 10,height >= 30 AND source_distance == 0,0.3103448275862068,1.0,0.6896551724137931,0.674,"satellite_count, a, b","battery, satellite_count, wind_speed","height, source_distance, b","height, source_distance",satellite_count,"source_distance, height","a, b","battery, wind_speed",b,,2,2,1,0,Combined,1,1.0687769167031926
Desired_358,candidate,satellite_count >= 7 AND a > 10 AND b > 10,battery >= 10 AND satellite_count >= 7 AND wind_speed <= 36,0.6666666666666667,1.0,0.3333333333333332,height >= 30 AND a > 10 AND b > 10,height >= 30 AND source_distance == 0,0.6551724137931034,1.0,0.3448275862068966,0.559,"satellite_count, a, b","battery, satellite_count, wind_speed","height, a, b","height, source_distance",satellite_count,height,"a, b","battery, wind_speed","a, b",source_distance,2,2,2,1,Combined,1,1.0502405680055191
Desired_359,candidate,satellite_count >= 7 AND a > 10 AND b > 10,battery >= 10 AND satellite_count >= 7 AND wind_speed <= 36,0.6666666666666667,1.0,0.3333333333333332,source_distance == 0 AND a > 10 AND b > 10,height >= 30 AND source_distance == 0,0.6551724137931034,1.0,0.3448275862068966,0.559,"satellite_count, a, b","battery, satellite_count, wind_speed","source_distance, a, b","height, source_distance",satellite_count,source_distance,"a, b","battery, wind_speed","a, b",height,2,2,2,1,Combined,1,0.9486180304183262
Desired_360,candidate,satellite_count >= 7 AND a > 10 AND b > 10,battery >= 10 AND satellite_count >= 7 AND wind_speed <= 36,0.6666666666666667,1.0,0.3333333333333332,height >= 30 AND source_distance == 0 AND a > 10 AND b > 10,height >= 30 AND source_distance == 0,0.4736842105263158,1.0,0.5263157894736842,0.62,"satellite_count, a, b","battery, satellite_count, wind_speed","height, source_distance, a, b","height, source_distance",satellite_count,"source_distance, height","a, b","battery, wind_speed","a, b",,2,2,2,0,Combined,1,1.0283561460191766
Desired_361,candidate,wind_speed <= 36 AND a > 10 AND b > 10,battery >= 10 AND satellite_count >= 7 AND wind_speed <= 36,0.6666666666666667,1.0,0.3333333333333332,height >= 30,height >= 30 AND source_distance == 0,0.0909090909090909,1.0,0.9090909090909092,0.747,"wind_speed, a, b","battery, satellite_count, wind_speed",height,"height, source_distance",wind_speed,height,"a, b","satellite_count, battery",,source_distance,2,2,0,1,Combined,1,1.0304211670477819
Desired_362,candidate,wind_speed <= 36 AND a > 10 AND b > 10,battery >= 10 AND satellite_count >= 7 AND wind_speed <= 36,0.6666666666666667,1.0,0.3333333333333332,source_distance == 0,height >= 30 AND source_distance == 0,0.0909090909090909,1.0,0.9090909090909092,0.747,"wind_speed, a, b","battery, satellite_count, wind_speed",source_distance,"height, source_distance",wind_speed,source_distance,"a, b","satellite_count, battery",,height,2,2,0,1,Combined,1,0.9519698073266114
Desired_363,candidate,wind_speed <= 36 AND a > 10 AND b > 10,battery >= 10 AND satellite_count >= 7 AND wind_speed <= 36,0.6666666666666667,1.0,0.3333333333333332,a > 10,height >= 30 AND source_distance == 0,1.0,0.0,-1.0,0.111,"wind_speed, a, b","battery, satellite_count, wind_speed",a,"height, source_distance",wind_speed,,"a, b","satellite_count, battery",a,"source_distance, height",2,2,1,2,Combined,1,0.9118578921741037
Desired_364,candidate,wind_speed <= 36 AND a > 10 AND b > 10,battery >= 10 AND satellite_count >= 7 AND wind_speed <= 36,0.6666666666666667,1.0,0.3333333333333332,b > 10,height >= 30 AND source_distance == 0,1.0,0.0,-1.0,0.111,"wind_speed, a, b","battery, satellite_count, wind_speed",b,"height, source_distance",wind_speed,,"a, b","satellite_count, battery",b,"source_distance, height",2,2,1,2,Combined,1,1.0801951661198133
Desired_365,candidate,wind_speed <= 36 AND a > 10 AND b > 10,battery >= 10 AND satellite_count >= 7 AND wind_speed <= 36,0.6666666666666667,1.0,0.3333333333333332,height >= 30 AND source_distance == 0,height >= 30 AND source_distance == 0,0.0,1.0,1.0,0.778,"wind_speed, a, b","battery, satellite_count, wind_speed","height, source_distance","height, source_distance",wind_speed,"source_distance, height","a, b","satellite_count, battery",,,2,2,0,0,Combined,1,1.0328812717099367
Desired_366,candidate,wind_speed <= 36 AND a > 10 AND b > 10,battery >= 10 AND satellite_count >= 7 AND wind_speed <= 36,0.6666666666666667,1.0,0.3333333333333332,height >= 30 AND a > 10,height >= 30 AND source_distance == 0,0.5,1.0,0.5,0.611,"wind_speed, a, b","battery, satellite_count, wind_speed","height, a","height, source_distance",wind_speed,height,"a, b","satellite_count, battery",a,source_distance,2,2,1,1,Combined,1,1.0851973894752722
Desired_367,candidate,wind_speed <= 36 AND a > 10 AND b > 10,battery >= 10 AND satellite_count >= 7 AND wind_speed <= 36,0.6666666666666667,1.0,0.3333333333333332,height >= 30 AND b > 10,height >= 30 AND source_distance == 0,0.5,1.0,0.5,0.611,"wind_speed, a, b","battery, satellite_count, wind_speed","height, b","height, source_distance",wind_speed,height,"a, b","satellite_count, battery",b,source_distance,2,2,1,1,Combined,1,1.0203932562918303
Desired_368,candidate,wind_speed <= 36 AND a > 10 AND b > 10,battery >= 10 AND satellite_count >= 7 AND wind_speed <= 36,0.6666666666666667,1.0,0.3333333333333332,source_distance == 0 AND a > 10,height >= 30 AND source_distance == 0,0.5,1.0,0.5,0.611,"wind_speed, a, b","battery, satellite_count, wind_speed","source_distance, a","height, source_distance",wind_speed,source_distance,"a, b","satellite_count, battery",a,height,2,2,1,1,Combined,1,0.9524814003512078
Desired_369,candidate,wind_speed <= 36 AND a > 10 AND b > 10,battery >= 10 AND satellite_count >= 7 AND wind_speed <= 36,0.6666666666666667,1.0,0.3333333333333332,source_distance == 0 AND b > 10,height >= 30 AND source_distance == 0,0.5,1.0,0.5,0.611,"wind_speed, a, b","battery, satellite_count, wind_speed","source_distance, b","height, source_distance",wind_speed,source_distance,"a, b","satellite_count, battery",b,height,2,2,1,1,Combined,1,1.0050013911565312
Desired_370,candidate,wind_speed <= 36 AND a > 10 AND b > 10,battery >= 10 AND satellite_count >= 7 AND wind_speed <= 36,0.6666666666666667,1.0,0.3333333333333332,a > 10 AND b > 10,height >= 30 AND source_distance == 0,1.0,0.0,-1.0,0.111,"wind_speed, a, b","battery, satellite_count, wind_speed","a, b","height, source_distance",wind_speed,,"a, b","satellite_count, battery","a, b","source_distance, height",2,2,2,2,Combined,1,1.036638970067531
Desired_371,candidate,wind_speed <= 36 AND a > 10 AND b > 10,battery >= 10 AND satellite_count >= 7 AND wind_speed <= 36,0.6666666666666667,1.0,0.3333333333333332,height >= 30 AND source_distance == 0 AND a > 10,height >= 30 AND source_distance == 0,0.3103448275862068,1.0,0.6896551724137931,0.674,"wind_speed, a, b","battery, satellite_count, wind_speed","height, source_distance, a","height, source_distance",wind_speed,"source_distance, height","a, b","satellite_count, battery",a,,2,2,1,0,Combined,1,1.0578381223077835
Desired_372,candidate,wind_speed <= 36 AND a > 10 AND b > 10,battery >= 10 AND satellite_count >= 7 AND wind_speed <= 36,0.6666666666666667,1.0,0.3333333333333332,height >= 30 AND source_distance == 0 AND b > 10,height >= 30 AND source_distance == 0,0.3103448275862068,1.0,0.6896551724137931,0.674,"wind_speed, a, b","battery, satellite_count, wind_speed","height, source_distance, b","height, source_distance",wind_speed,"source_distance, height","a, b","satellite_count, battery",b,,2,2,1,0,Combined,1,0.951223449542496
Desired_373,candidate,wind_speed <= 36 AND a > 10 AND b > 10,battery >= 10 AND satellite_count >= 7 AND wind_speed <= 36,0.6666666666666667,1.0,0.3333333333333332,height >= 30 AND a > 10 AND b > 10,height >= 30 AND source_distance == 0,0.6551724137931034,1.0,0.3448275862068966,0.559,"wind_speed, a, b","battery, satellite_count, wind_speed","height, a, b","height, source_distance",wind_speed,height,"a, b","satellite_count, battery","a, b",source_distance,2,2,2,1,Combined,1,1.0417938052270248
Desired_374,candidate,wind_speed <= 36 AND a > 10 AND b > 10,battery >= 10 AND satellite_count >= 7 AND wind_speed <= 36,0.6666666666666667,1.0,0.3333333333333332,source_distance == 0 AND a > 10 AND b > 10,height >= 30 AND source_distance == 0,0.6551724137931034,1.0,0.3448275862068966,0.559,"wind_speed, a, b","battery, satellite_count, wind_speed","source_distance, a, b","height, source_distance",wind_speed,source_distance,"a, b","satellite_count, battery","a, b",height,2,2,2,1,Combined,1,0.9238691376193832
Desired_375,candidate,wind_speed <= 36 AND a > 10 AND b > 10,battery >= 10 AND satellite_count >= 7 AND wind_speed <= 36,0.6666666666666667,1.0,0.3333333333333332,height >= 30 AND source_distance == 0 AND a > 10 AND b > 10,height >= 30 AND source_distance == 0,0.4736842105263158,1.0,0.5263157894736842,0.62,"wind_speed, a, b","battery, satellite_count, wind_speed","height, source_distance, a, b","height, source_distance",wind_speed,"source_distance, height","a, b","satellite_count, battery","a, b",,2,2,2,0,Combined,1,1.0171914649696978
Desired_376,candidate,battery >= 10 AND satellite_count >= 7 AND wind_speed <= 36 AND a > 10,battery >= 10 AND satellite_count >= 7 AND wind_speed <= 36,0.2307692307692307,1.0,0.7692307692307693,height >= 30,height >= 30 AND source_distance == 0,0.0909090909090909,1.0,0.9090909090909092,0.893,"battery, satellite_count, wind_speed, a","battery, satellite_count, wind_speed",height,"height, source_distance","satellite_count, battery, wind_speed",height,a,,,source_distance,1,0,0,1,Combined,1,1.0447014443493072
Desired_377,candidate,battery >= 10 AND satellite_count >= 7 AND wind_speed <= 36 AND a > 10,battery >= 10 AND satellite_count >= 7 AND wind_speed <= 36,0.2307692307692307,1.0,0.7692307692307693,source_distance == 0,height >= 30 AND source_distance == 0,0.0909090909090909,1.0,0.9090909090909092,0.893,"battery, satellite_count, wind_speed, a","battery, satellite_count, wind_speed",source_distance,"height, source_distance","satellite_count, battery, wind_speed",source_distance,a,,,height,1,0,0,1,Combined,1,0.9949914514035717
Desired_378,candidate,battery >= 10 AND satellite_count >= 7 AND wind_speed <= 36 AND a > 10,battery >= 10 AND satellite_count >= 7 AND wind_speed <= 36,0.2307692307692307,1.0,0.7692307692307693,a > 10,height >= 30 AND source_distance == 0,1.0,0.0,-1.0,0.256,"battery, satellite_count, wind_speed, a","battery, satellite_count, wind_speed",a,"height, source_distance","satellite_count, battery, wind_speed",,a,,a,"source_distance, height",1,0,1,2,Combined,1,0.9731164789069673
Desired_379,candidate,battery >= 10 AND satellite_count >= 7 AND wind_speed <= 36 AND a > 10,battery >= 10 AND satellite_count >= 7 AND wind_speed <= 36,0.2307692307692307,1.0,0.7692307692307693,b > 10,height >= 30 AND source_distance == 0,1.0,0.0,-1.0,0.256,"battery, satellite_count, wind_speed, a","battery, satellite_count, wind_speed",b,"height, source_distance","satellite_count, battery, wind_speed",,a,,b,"source_distance, height",1,0,1,2,Combined,1,1.0202859949509424
Desired_380,candidate,battery >= 10 AND satellite_count >= 7 AND wind_speed <= 36 AND a > 10,battery >= 10 AND satellite_count >= 7 AND wind_speed <= 36,0.2307692307692307,1.0,0.7692307692307693,height >= 30 AND source_distance == 0,height >= 30 AND source_distance == 0,0.0,1.0,1.0,0.923,"battery, satellite_count, wind_speed, a","battery, satellite_count, wind_speed","height, source_distance","height, source_distance","satellite_count, battery, wind_speed","source_distance, height",a,,,,1,0,0,0,Excessive,2,2.0564473042481675
Desired_381,candidate,battery >= 10 AND satellite_count >= 7 AND wind_speed <= 36 AND a > 10,battery >= 10 AND satellite_count >= 7 AND wind_speed <= 36,0.2307692307692307,1.0,0.7692307692307693,height >= 30 AND a > 10,height >= 30 AND source_distance == 0,0.5,1.0,0.5,0.756,"battery, satellite_count, wind_speed, a","battery, satellite_count, wind_speed","height, a","height, source_distance","satellite_count, battery, wind_speed",height,a,,a,source_distance,1,0,1,1,Combined,1,1.0089933306266128
Desired_382,candidate,battery >= 10 AND satellite_count >= 7 AND wind_speed <= 36 AND a > 10,battery >= 10 AND satellite_count >= 7 AND wind_speed <= 36,0.2307692307692307,1.0,0.7692307692307693,height >= 30 AND b > 10,height >= 30 AND source_distance == 0,0.5,1.0,0.5,0.756,"battery, satellite_count, wind_speed, a","battery, satellite_count, wind_speed","height, b","height, source_distance","satellite_count, battery, wind_speed",height,a,,b,source_distance,1,0,1,1,Combined,1,1.038512717324493
Desired_383,candidate,battery >= 10 AND satellite_count >= 7 AND wind_speed <= 36 AND a > 10,battery >= 10 AND satellite_count >= 7 AND wind_speed <= 36,0.2307692307692307,1.0,0.7692307692307693,source_distance == 0 AND a > 10,height >= 30 AND source_distance == 0,0.5,1.0,0.5,0.756,"battery, satellite_count, wind_speed, a","battery, satellite_count, wind_speed","source_distance, a","height, source_distance","satellite_count, battery, wind_speed",source_distance,a,,a,height,1,0,1,1,Combined,1,1.0894049646535306
Desired_384,candidate,battery >= 10 AND satellite_count >= 7 AND wind_speed <= 36 AND a > 10,battery >= 10 AND satellite_count >= 7 AND wind_speed <= 36,0.2307692307692307,1.0,0.7692307692307693,source_distance == 0 AND b > 10,height >= 30 AND source_distance == 0,0.5,1.0,0.5,0.756,"battery, satellite_count, wind_speed, a","battery, satellite_count, wind_speed","source_distance, b","height, source_distance","satellite_count, battery, wind_speed",source_distance,a,,b,height,1,0,1,1,Combined,1,1.0243071073249381
Desired_385,candidate,battery >= 10 AND satellite_count >= 7 AND wind_speed <= 36 AND a > 10,battery >= 10 AND satellite_count >= 7 AND wind_speed <= 36,0.2307692307692307,1.0,0.7692307692307693,a > 10 AND b > 10,height >= 30 AND source_distance == 0,1.0,0.0,-1.0,0.256,"battery, satellite_count, wind_speed, a","battery, satellite_count, wind_speed","a, b","height, source_distance","satellite_count, battery, wind_speed",,a,,"a, b","source_distance, height",1,0,2,2,Combined,1,0.9076915627647649
Desired_386,candidate,battery >= 10 AND satellite_count >= 7 AND wind_speed <= 36 AND a > 10,battery >= 10 AND satellite_count >= 7 AND wind_speed <= 36,0.2307692307692307,1.0,0.7692307692307693,height >= 30 AND source_distance == 0 AND a > 10,height >= 30 AND source_distance == 0,0.3103448275862068,1.0,0.6896551724137931,0.82,"battery, satellite_count, wind_speed, a","battery, satellite_count, wind_speed","height, source_distance, a","height, source_distance","satellite_count, battery, wind_speed","source_distance, height",a,,a,,1,0,1,0,Excessive,2,2.0267374423812172
Desired_387,candidate,battery >= 10 AND satellite_count >= 7 AND wind_speed <= 36 AND a > 10,battery >= 10 AND satellite_count >= 7 AND wind_speed <= 36,0.2307692307692307,1.0,0.7692307692307693,height >= 30 AND source_distance == 0 AND b > 10,height >= 30 AND source_distance == 0,0.3103448275862068,1.0,0.6896551724137931,0.82,"battery, satellite_count, wind_speed, a","battery, satellite_count, wind_speed","height, source_distance, b","height, source_distance","satellite_count, battery, wind_speed","source_distance, height",a,,b,,1,0,1,0,Excessive,2,1.9998273162541906
Desired_388,candidate,battery >= 10 AND satellite_count >= 7 AND wind_speed <= 36 AND a > 10,battery >= 10 AND satellite_count >= 7 AND wind_speed <= 36,0.2307692307692307,1.0,0.7692307692307693,height >= 30 AND a > 10 AND b > 10,height >= 30 AND source_distance == 0,0.6551724137931034,1.0,0.3448275862068966,0.705,"battery, satellite_count, wind_speed, a","battery, satellite_count, wind_speed","height, a, b","height, source_distance","satellite_count, battery, wind_speed",height,a,,"a, b",source_distance,1,0,2,1,Combined,1,1.0196100250384377
Desired_389,candidate,battery >= 10 AND satellite_count >= 7 AND wind_speed <= 36 AND a > 10,battery >= 10 AND satellite_count >= 7 AND wind_speed <= 36,0.2307692307692307,1.0,0.7692307692307693,source_distance == 0 AND a > 10 AND b > 10,height >= 30 AND source_distance == 0,0.6551724137931034,1.0,0.3448275862068966,0.705,"battery, satellite_count, wind_speed, a","battery, satellite_count, wind_speed","source_distance, a, b","height, source_distance","satellite_count, battery, wind_speed",source_distance,a,,"a, b",height,1,0,2,1,Combined,1,0.9048693681242136
Desired_390,candidate,battery >= 10 AND satellite_count >= 7 AND wind_speed <= 36 AND a > 10,battery >= 10 AND satellite_count >= 7 AND wind_speed <= 36,0.2307692307692307,1.0,0.7692307692307693,height >= 30 AND source_distance == 0 AND a > 10 AND b > 10,height >= 30 AND source_distance == 0,0.4736842105263158,1.0,0.5263157894736842,0.765,"battery, satellite_count, wind_speed, a","battery, satellite_count, wind_speed","height, source_distance, a, b","height, source_distance","satellite_count, battery, wind_speed","source_distance, height",a,,"a, b",,1,0,2,0,Excessive,2,2.054698898657161
Desired_391,candidate,battery >= 10 AND satellite_count >= 7 AND wind_speed <= 36 AND b > 10,battery >= 10 AND satellite_count >= 7 AND wind_speed <= 36,0.2307692307692307,1.0,0.7692307692307693,height >= 30,height >= 30 AND source_distance == 0,0.0909090909090909,1.0,0.9090909090909092,0.893,"battery, satellite_count, wind_speed, b","battery, satellite_count, wind_speed",height,"height, source_distance","satellite_count, battery, wind_speed",height,b,,,source_distance,1,0,0,1,Combined,1,1.096069049394953
Desired_392,candidate,battery >= 10 AND satellite_count >= 7 AND wind_speed <= 36 AND b > 10,battery >= 10 AND satellite_count >= 7 AND wind_speed <= 36,0.2307692307692307,1.0,0.7692307692307693,source_distance == 0,height >= 30 AND source_distance == 0,0.0909090909090909,1.0,0.9090909090909092,0.893,"battery, satellite_count, wind_speed, b","battery, satellite_count, wind_speed",source_distance,"height, source_distance","satellite_count, battery, wind_speed",source_distance,b,,,height,1,0,0,1,Combined,1,1.0703588186576907
Desired_393,candidate,battery >= 10 AND satellite_count >= 7 AND wind_speed <= 36 AND b > 10,battery >= 10 AND satellite_count >= 7 AND wind_speed <= 36,0.2307692307692307,1.0,0.7692307692307693,a > 10,height >= 30 AND source_distance == 0,1.0,0.0,-1.0,0.256,"battery, satellite_count, wind_speed, b","battery, satellite_count, wind_speed",a,"height, source_distance","satellite_count, battery, wind_speed",,b,,a,"source_distance, height",1,0,1,2,Combined,1,0.9623728766487178
Desired_394,candidate,battery >= 10 AND satellite_count >= 7 AND wind_speed <= 36 AND b > 10,battery >= 10 AND satellite_count >= 7 AND wind_speed <= 36,0.2307692307692307,1.0,0.7692307692307693,b > 10,height >= 30 AND source_distance == 0,1.0,0.0,-1.0,0.256,"battery, satellite_count, wind_speed, b","battery, satellite_count, wind_speed",b,"height, source_distance","satellite_count, battery, wind_speed",,b,,b,"source_distance, height",1,0,1,2,Combined,1,1.077024354295885
Desired_395,candidate,battery >= 10 AND satellite_count >= 7 AND wind_speed <= 36 AND b > 10,battery >= 10 AND satellite_count >= 7 AND wind_speed <= 36,0.2307692307692307,1.0,0.7692307692307693,height >= 30 AND source_distance == 0,height >= 30 AND source_distance == 0,0.0,1.0,1.0,0.923,"battery, satellite_count, wind_speed, b","battery, satellite_count, wind_speed","height, source_distance","height, source_distance","satellite_count, battery, wind_speed","source_distance, height",b,,,,1,0,0,0,Excessive,2,2.05485858588577
Desired_396,candidate,battery >= 10 AND satellite_count >= 7 AND wind_speed <= 36 AND b > 10,battery >= 10 AND satellite_count >= 7 AND wind_speed <= 36,0.2307692307692307,1.0,0.7692307692307693,height >= 30 AND a > 10,height >= 30 AND source_distance == 0,0.5,1.0,0.5,0.756,"battery, satellite_count, wind_speed, b","battery, satellite_count, wind_speed","height, a","height, source_distance","satellite_count, battery, wind_speed",height,b,,a,source_distance,1,0,1,1,Combined,1,0.9647126835135987
Desired_397,candidate,battery >= 10 AND satellite_count >= 7 AND wind_speed <= 36 AND b > 10,battery >= 10 AND satellite_count >= 7 AND wind_speed <= 36,0.2307692307692307,1.0,0.7692307692307693,height >= 30 AND b > 10,height >= 30 AND source_distance == 0,0.5,1.0,0.5,0.756,"battery, satellite_count, wind_speed, b","battery, satellite_count, wind_speed","height, b","height, source_distance","satellite_count, battery, wind_speed",height,b,,b,source_distance,1,0,1,1,Combined,1,0.9446565460343168
Desired_398,candidate,battery >= 10 AND satellite_count >= 7 AND wind_speed <= 36 AND b > 10,battery >= 10 AND satellite_count >= 7 AND wind_speed <= 36,0.2307692307692307,1.0,0.7692307692307693,source_distance == 0 AND a > 10,height >= 30 AND source_distance == 0,0.5,1.0,0.5,0.756,"battery, satellite_count, wind_speed, b","battery, satellite_count, wind_speed","source_distance, a","height, source_distance","satellite_count, battery, wind_speed",source_distance,b,,a,height,1,0,1,1,Combined,1,0.9201719153477292
Desired_399,candidate,battery >= 10 AND satellite_count >= 7 AND wind_speed <= 36 AND b > 10,battery >= 10 AND satellite_count >= 7 AND wind_speed <= 36,0.2307692307692307,1.0,0.7692307692307693,source_distance == 0 AND b > 10,height >= 30 AND source_distance == 0,0.5,1.0,0.5,0.756,"battery, satellite_count, wind_speed, b","battery, satellite_count, wind_speed","source_distance, b","height, source_distance","satellite_count, battery, wind_speed",source_distance,b,,b,height,1,0,1,1,Combined,1,1.0513771503137994
Desired_400,candidate,battery >= 10 AND satellite_count >= 7 AND wind_speed <= 36 AND b > 10,battery >= 10 AND satellite_count >= 7 AND wind_speed <= 36,0.2307692307692307,1.0,0.7692307692307693,a > 10 AND b > 10,height >= 30 AND source_distance == 0,1.0,0.0,-1.0,0.256,"battery, satellite_count, wind_speed, b","battery, satellite_count, wind_speed","a, b","height, source_distance","satellite_count, battery, wind_speed",,b,,"a, b","source_distance, height",1,0,2,2,Combined,1,1.0279584805307265
Desired_401,candidate,battery >= 10 AND satellite_count >= 7 AND wind_speed <= 36 AND b > 10,battery >= 10 AND satellite_count >= 7 AND wind_speed <= 36,0.2307692307692307,1.0,0.7692307692307693,height >= 30 AND source_distance == 0 AND a > 10,height >= 30 AND source_distance == 0,0.3103448275862068,1.0,0.6896551724137931,0.82,"battery, satellite_count, wind_speed, b","battery, satellite_count, wind_speed","height, source_distance, a","height, source_distance","satellite_count, battery, wind_speed","source_distance, height",b,,a,,1,0,1,0,Excessive,2,2.017022577576433
Desired_402,candidate,battery >= 10 AND satellite_count >= 7 AND wind_speed <= 36 AND b > 10,battery >= 10 AND satellite_count >= 7 AND wind_speed <= 36,0.2307692307692307,1.0,0.7692307692307693,height >= 30 AND source_distance == 0 AND b > 10,height >= 30 AND source_distance == 0,0.3103448275862068,1.0,0.6896551724137931,0.82,"battery, satellite_count, wind_speed, b","battery, satellite_count, wind_speed","height, source_distance, b","height, source_distance","satellite_count, battery, wind_speed","source_distance, height",b,,b,,1,0,1,0,Excessive,2,2.040374271607245
Desired_403,candidate,battery >= 10 AND satellite_count >= 7 AND wind_speed <= 36 AND b > 10,battery >= 10 AND satellite_count >= 7 AND wind_speed <= 36,0.2307692307692307,1.0,0.7692307692307693,height >= 30 AND a > 10 AND b > 10,height >= 30 AND source_distance == 0,0.6551724137931034,1.0,0.3448275862068966,0.705,"battery, satellite_count, wind_speed, b","battery, satellite_count, wind_speed","height, a, b","height, source_distance","satellite_count, battery, wind_speed",height,b,,"a, b",source_distance,1,0,2,1,Combined,1,0.9607676352270277
Desired_404,candidate,battery >= 10 AND satellite_count >= 7 AND wind_speed <= 36 AND b > 10,battery >= 10 AND satellite_count >= 7 AND wind_speed <= 36,0.2307692307692307,1.0,0.7692307692307693,source_distance == 0 AND a > 10 AND b > 10,height >= 30 AND source_distance == 0,0.6551724137931034,1.0,0.3448275862068966,0.705,"battery, satellite_count, wind_speed, b","battery, satellite_count, wind_speed","source_distance, a, b","height, source_distance","satellite_count, battery, wind_speed",source_distance,b,,"a, b",height,1,0,2,1,Combined,1,0.9596096468457944
Desired_405,candidate,battery >= 10 AND satellite_count >= 7 AND wind_speed <= 36 AND b > 10,battery >= 10 AND satellite_count >= 7 AND wind_speed <= 36,0.2307692307692307,1.0,0.7692307692307693,height >= 30 AND source_distance == 0 AND a > 10 AND b > 10,height >= 30 AND source_distance == 0,0.4736842105263158,1.0,0.5263157894736842,0.765,"battery, satellite_count, wind_speed, b","battery, satellite_count, wind_speed","height, source_distance, a, b","height, source_distance","satellite_count, battery, wind_speed","source_distance, height",b,,"a, b",,1,0,2,0,Excessive,2,2.0893496994378506
Desired_406,candidate,battery >= 10 AND satellite_count >= 7 AND a > 10 AND b > 10,battery >= 10 AND satellite_count >= 7 AND wind_speed <= 36,0.4871794871794871,1.0,0.5128205128205129,height >= 30,height >= 30 AND source_distance == 0,0.0909090909090909,1.0,0.9090909090909092,0.807,"battery, satellite_count, a, b","battery, satellite_count, wind_speed",height,"height, source_distance","satellite_count, battery",height,"a, b",wind_speed,,source_distance,2,1,0,1,Combined,1,1.0999021374698517
Desired_407,candidate,battery >= 10 AND satellite_count >= 7 AND a > 10 AND b > 10,battery >= 10 AND satellite_count >= 7 AND wind_speed <= 36,0.4871794871794871,1.0,0.5128205128205129,source_distance == 0,height >= 30 AND source_distance == 0,0.0909090909090909,1.0,0.9090909090909092,0.807,"battery, satellite_count, a, b","battery, satellite_count, wind_speed",source_distance,"height, source_distance","satellite_count, battery",source_distance,"a, b",wind_speed,,height,2,1,0,1,Combined,1,1.0009409113283394
Desired_408,candidate,battery >= 10 AND satellite_count >= 7 AND a > 10 AND b > 10,battery >= 10 AND satellite_count >= 7 AND wind_speed <= 36,0.4871794871794871,1.0,0.5128205128205129,a > 10,height >= 30 AND source_distance == 0,1.0,0.0,-1.0,0.171,"battery, satellite_count, a, b","battery, satellite_count, wind_speed",a,"height, source_distance","satellite_count, battery",,"a, b",wind_speed,a,"source_distance, height",2,1,1,2,Combined,1,0.9514977903068628
Desired_409,candidate,battery >= 10 AND satellite_count >= 7 AND a > 10 AND b > 10,battery >= 10 AND satellite_count >= 7 AND wind_speed <= 36,0.4871794871794871,1.0,0.5128205128205129,b > 10,height >= 30 AND source_distance == 0,1.0,0.0,-1.0,0.171,"battery, satellite_count, a, b","battery, satellite_count, wind_speed",b,"height, source_distance","satellite_count, battery",,"a, b",wind_speed,b,"source_distance, height",2,1,1,2,Combined,1,0.9017948705053909
Desired_410,candidate,battery >= 10 AND satellite_count >= 7 AND a > 10 AND b > 10,battery >= 10 AND satellite_count >= 7 AND wind_speed <= 36,0.4871794871794871,1.0,0.5128205128205129,height >= 30 AND source_distance == 0,height >= 30 AND source_distance == 0,0.0,1.0,1.0,0.838,"battery, satellite_count, a, b","battery, satellite_count, wind_speed","height, source_distance","height, source_distance","satellite_count, battery","source_distance, height","a, b",wind_speed,,,2,1,0,0,Combined,1,0.9533334015964441
Desired_411,candidate,battery >= 10 AND satellite_count >= 7 AND a > 10 AND b > 10,battery >= 10 AND satellite_count >= 7 AND wind_speed <= 36,0.4871794871794871,1.0,0.5128205128205129,height >= 30 AND a > 10,height >= 30 AND source_distance == 0,0.5,1.0,0.5,0.671,"battery, satellite_count, a, b","battery, satellite_count, wind_speed","height, a","height, source_distance","satellite_count, battery",height,"a, b",wind_speed,a,source_distance,2,1,1,1,Combined,1,0.9094178140528192
Desired_412,candidate,battery >= 10 AND satellite_count >= 7 AND a > 10 AND b > 10,battery >= 10 AND satellite_count >= 7 AND wind_speed <= 36,0.4871794871794871,1.0,0.5128205128205129,height >= 30 AND b > 10,height >= 30 AND source_distance == 0,0.5,1.0,0.5,0.671,"battery, satellite_count, a, b","battery, satellite_count, wind_speed","height, b","height, source_distance","satellite_count, battery",height,"a, b",wind_speed,b,source_distance,2,1,1,1,Combined,1,0.9512512684277245
Desired_413,candidate,battery >= 10 AND satellite_count >= 7 AND a > 10 AND b > 10,battery >= 10 AND satellite_count >= 7 AND wind_speed <= 36,0.4871794871794871,1.0,0.5128205128205129,source_distance == 0 AND a > 10,height >= 30 AND source_distance == 0,0.5,1.0,0.5,0.671,"battery, satellite_count, a, b","battery, satellite_count, wind_speed","source_distance, a","height, source_distance","satellite_count, battery",source_distance,"a, b",wind_speed,a,height,2,1,1,1,Combined,1,0.9904445988131181
Desired_414,candidate,battery >= 10 AND satellite_count >= 7 AND a > 10 AND b > 10,battery >= 10 AND satellite_count >= 7 AND wind_speed <= 36,0.4871794871794871,1.0,0.5128205128205129,source_distance == 0 AND b > 10,height >= 30 AND source_distance == 0,0.5,1.0,0.5,0.671,"battery, satellite_count, a, b","battery, satellite_count, wind_speed","source_distance, b","height, source_distance","satellite_count, battery",source_distance,"a, b",wind_speed,b,height,2,1,1,1,Combined,1,1.0608260106092497
Desired_415,candidate,battery >= 10 AND satellite_count >= 7 AND a > 10 AND b > 10,battery >= 10 AND satellite_count >= 7 AND wind_speed <= 36,0.4871794871794871,1.0,0.5128205128205129,a > 10 AND b > 10,height >= 30 AND source_distance == 0,1.0,0.0,-1.0,0.171,"battery, satellite_count, a, b","battery, satellite_count, wind_speed","a, b","height, source_distance","satellite_count, battery",,"a, b",wind_speed,"a, b","source_distance, height",2,1,2,2,Combined,1,1.087590935636024
Desired_416,candidate,battery >= 10 AND satellite_count >= 7 AND a > 10 AND b > 10,battery >= 10 AND satellite_count >= 7 AND wind_speed <= 36,0.4871794871794871,1.0,0.5128205128205129,height >= 30 AND source_distance == 0 AND a > 10,height >= 30 AND source_distance == 0,0.3103448275862068,1.0,0.6896551724137931,0.734,"battery, satellite_count, a, b","battery, satellite_count, wind_speed","height, source_distance, a","height, source_distance","satellite_count, battery","source_distance, height","a, b",wind_speed,a,,2,1,1,0,Combined,1,0.9295382371975556
Desired_417,candidate,battery >= 10 AND satellite_count >= 7 AND a > 10 AND b > 10,battery >= 10 AND satellite_count >= 7 AND wind_speed <= 36,0.4871794871794871,1.0,0.5128205128205129,height >= 30 AND source_distance == 0 AND b > 10,height >= 30 AND source_distance == 0,0.3103448275862068,1.0,0.6896551724137931,0.734,"battery, satellite_count, a, b","battery, satellite_count, wind_speed","height, source_distance, b","height, source_distance","satellite_count, battery","source_distance, height","a, b",wind_speed,b,,2,1,1,0,Combined,1,1.0317217869550412
Desired_418,candidate,battery >= 10 AND satellite_count >= 7 AND a > 10 AND b > 10,battery >= 10 AND satellite_count >= 7 AND wind_speed <= 36,0.4871794871794871,1.0,0.5128205128205129,height >= 30 AND a > 10 AND b > 10,height >= 30 AND source_distance == 0,0.6551724137931034,1.0,0.3448275862068966,0.619,"battery, satellite_count, a, b","battery, satellite_count, wind_speed","height, a, b","height, source_distance","satellite_count, battery",height,"a, b",wind_speed,"a, b",source_distance,2,1,2,1,Combined,1,1.0996733980115243
Desired_419,candidate,battery >= 10 AND satellite_count >= 7 AND a > 10 AND b > 10,battery >= 10 AND satellite_count >= 7 AND wind_speed <= 36,0.4871794871794871,1.0,0.5128205128205129,source_distance == 0 AND a > 10 AND b > 10,height >= 30 AND source_distance == 0,0.6551724137931034,1.0,0.3448275862068966,0.619,"battery, satellite_count, a, b","battery, satellite_count, wind_speed","source_distance, a, b","height, source_distance","satellite_count, battery",source_distance,"a, b",wind_speed,"a, b",height,2,1,2,1,Combined,1,0.9086252720627013
Desired_420,candidate,battery >= 10 AND satellite_count >= 7 AND a > 10 AND b > 10,battery >= 10 AND satellite_count >= 7 AND wind_speed <= 36,0.4871794871794871,1.0,0.5128205128205129,height >= 30 AND source_distance == 0 AND a > 10 AND b > 10,height >= 30 AND source_distance == 0,0.4736842105263158,1.0,0.5263157894736842,0.68,"battery, satellite_count, a, b","battery, satellite_count, wind_speed","height, source_distance, a, b","height, source_distance","satellite_count, battery","source_distance, height","a, b",wind_speed,"a, b",,2,1,2,0,Combined,1,0.9987879573513062
Desired_421,candidate,battery >= 10 AND wind_speed <= 36 AND a > 10 AND b > 10,battery >= 10 AND satellite_count >= 7 AND wind_speed <= 36,0.4871794871794871,1.0,0.5128205128205129,height >= 30,height >= 30 AND source_distance == 0,0.0909090909090909,1.0,0.9090909090909092,0.807,"battery, wind_speed, a, b","battery, satellite_count, wind_speed",height,"height, source_distance","battery, wind_speed",height,"a, b",satellite_count,,source_distance,2,1,0,1,Combined,1,0.9976557009843585
Desired_422,candidate,battery >= 10 AND wind_speed <= 36 AND a > 10 AND b > 10,battery >= 10 AND satellite_count >= 7 AND wind_speed <= 36,0.4871794871794871,1.0,0.5128205128205129,source_distance == 0,height >= 30 AND source_distance == 0,0.0909090909090909,1.0,0.9090909090909092,0.807,"battery, wind_speed, a, b","battery, satellite_count, wind_speed",source_distance,"height, source_distance","battery, wind_speed",source_distance,"a, b",satellite_count,,height,2,1,0,1,Combined,1,0.9775561760020062
Desired_423,candidate,battery >= 10 AND wind_speed <= 36 AND a > 10 AND b > 10,battery >= 10 AND satellite_count >= 7 AND wind_speed <= 36,0.4871794871794871,1.0,0.5128205128205129,a > 10,height >= 30 AND source_distance == 0,1.0,0.0,-1.0,0.171,"battery, wind_speed, a, b","battery, satellite_count, wind_speed",a,"height, source_distance","battery, wind_speed",,"a, b",satellite_count,a,"source_distance, height",2,1,1,2,Combined,1,1.0176275026847286
Desired_424,candidate,battery >= 10 AND wind_speed <= 36 AND a > 10 AND b > 10,battery >= 10 AND satellite_count >= 7 AND wind_speed <= 36,0.4871794871794871,1.0,0.5128205128205129,b > 10,height >= 30 AND source_distance == 0,1.0,0.0,-1.0,0.171,"battery, wind_speed, a, b","battery, satellite_count, wind_speed",b,"height, source_distance","battery, wind_speed",,"a, b",satellite_count,b,"source_distance, height",2,1,1,2,Combined,1,0.9451524301881392
Desired_425,candidate,battery >= 10 AND wind_speed <= 36 AND a > 10 AND b > 10,battery >= 10 AND satellite_count >= 7 AND wind_speed <= 36,0.4871794871794871,1.0,0.5128205128205129,height >= 30 AND source_distance == 0,height >= 30 AND source_distance == 0,0.0,1.0,1.0,0.838,"battery, wind_speed, a, b","battery, satellite_count, wind_speed","height, source_distance","height, source_distance","battery, wind_speed","source_distance, height","a, b",satellite_count,,,2,1,0,0,Combined,1,0.9776671960978724
Desired_426,candidate,battery >= 10 AND wind_speed <= 36 AND a > 10 AND b > 10,battery >= 10 AND satellite_count >= 7 AND wind_speed <= 36,0.4871794871794871,1.0,0.5128205128205129,height >= 30 AND a > 10,height >= 30 AND source_distance == 0,0.5,1.0,0.5,0.671,"battery, wind_speed, a, b","battery, satellite_count, wind_speed","height, a","height, source_distance","battery, wind_speed",height,"a, b",satellite_count,a,source_distance,2,1,1,1,Combined,1,1.0058603053238708
Desired_427,candidate,battery >= 10 AND wind_speed <= 36 AND a > 10 AND b > 10,battery >= 10 AND satellite_count >= 7 AND wind_speed <= 36,0.4871794871794871,1.0,0.5128205128205129,height >= 30 AND b > 10,height >= 30 AND source_distance == 0,0.5,1.0,0.5,0.671,"battery, wind_speed, a, b","battery, satellite_count, wind_speed","height, b","height, source_distance","battery, wind_speed",height,"a, b",satellite_count,b,source_distance,2,1,1,1,Combined,1,0.9468628685337829
Desired_428,candidate,battery >= 10 AND wind_speed <= 36 AND a > 10 AND b > 10,battery >= 10 AND satellite_count >= 7 AND wind_speed <= 36,0.4871794871794871,1.0,0.5128205128205129,source_distance == 0 AND a > 10,height >= 30 AND source_distance == 0,0.5,1.0,0.5,0.671,"battery, wind_speed, a, b","battery, satellite_count, wind_speed","source_distance, a","height, source_distance","battery, wind_speed",source_distance,"a, b",satellite_count,a,height,2,1,1,1,Combined,1,1.0149742710167018
Desired_429,candidate,battery >= 10 AND wind_speed <= 36 AND a > 10 AND b > 10,battery >= 10 AND satellite_count >= 7 AND wind_speed <= 36,0.4871794871794871,1.0,0.5128205128205129,source_distance == 0 AND b > 10,height >= 30 AND source_distance == 0,0.5,1.0,0.5,0.671,"battery, wind_speed, a, b","battery, satellite_count, wind_speed","source_distance, b","height, source_distance","battery, wind_speed",source_distance,"a, b",satellite_count,b,height,2,1,1,1,Combined,1,1.0163407049291284
Desired_430,candidate,battery >= 10 AND wind_speed <= 36 AND a > 10 AND b > 10,battery >= 10 AND satellite_count >= 7 AND wind_speed <= 36,0.4871794871794871,1.0,0.5128205128205129,a > 10 AND b > 10,height >= 30 AND source_distance == 0,1.0,0.0,-1.0,0.171,"battery, wind_speed, a, b","battery, satellite_count, wind_speed","a, b","height, source_distance","battery, wind_speed",,"a, b",satellite_count,"a, b","source_distance, height",2,1,2,2,Combined,1,1.0951796930506963
Desired_431,candidate,battery >= 10 AND wind_speed <= 36 AND a > 10 AND b > 10,battery >= 10 AND satellite_count >= 7 AND wind_speed <= 36,0.4871794871794871,1.0,0.5128205128205129,height >= 30 AND source_distance == 0 AND a > 10,height >= 30 AND source_distance == 0,0.3103448275862068,1.0,0.6896551724137931,0.734,"battery, wind_speed, a, b","battery, satellite_count, wind_speed","height, source_distance, a","height, source_distance","battery, wind_speed","source_distance, height","a, b",satellite_count,a,,2,1,1,0,Combined,1,1.0484562643760047
Desired_432,candidate,battery >= 10 AND wind_speed <= 36 AND a > 10 AND b > 10,battery >= 10 AND satellite_count >= 7 AND wind_speed <= 36,0.4871794871794871,1.0,0.5128205128205129,height >= 30 AND source_distance == 0 AND b > 10,height >= 30 AND source_distance == 0,0.3103448275862068,1.0,0.6896551724137931,0.734,"battery, wind_speed, a, b","battery, satellite_count, wind_speed","height, source_distance, b","height, source_distance","battery, wind_speed","source_distance, height","a, b",satellite_count,b,,2,1,1,0,Combined,1,0.9263470227484261
Desired_433,candidate,battery >= 10 AND wind_speed <= 36 AND a > 10 AND b > 10,battery >= 10 AND satellite_count >= 7 AND wind_speed <= 36,0.4871794871794871,1.0,0.5128205128205129,height >= 30 AND a > 10 AND b > 10,height >= 30 AND source_distance == 0,0.6551724137931034,1.0,0.3448275862068966,0.619,"battery, wind_speed, a, b","battery, satellite_count, wind_speed","height, a, b","height, source_distance","battery, wind_speed",height,"a, b",satellite_count,"a, b",source_distance,2,1,2,1,Combined,1,0.9656300734061318
Desired_434,candidate,battery >= 10 AND wind_speed <= 36 AND a > 10 AND b > 10,battery >= 10 AND satellite_count >= 7 AND wind_speed <= 36,0.4871794871794871,1.0,0.5128205128205129,source_distance == 0 AND a > 10 AND b > 10,height >= 30 AND source_distance == 0,0.6551724137931034,1.0,0.3448275862068966,0.619,"battery, wind_speed, a, b","battery, satellite_count, wind_speed","source_distance, a, b","height, source_distance","battery, wind_speed",source_distance,"a, b",satellite_count,"a, b",height,2,1,2,1,Combined,1,1.081119877260423
Desired_435,candidate,battery >= 10 AND wind_speed <= 36 AND a > 10 AND b > 10,battery >= 10 AND satellite_count >= 7 AND wind_speed <= 36,0.4871794871794871,1.0,0.5128205128205129,height >= 30 AND source_distance == 0 AND a > 10 AND b > 10,height >= 30 AND source_distance == 0,0.4736842105263158,1.0,0.5263157894736842,0.68,"battery, wind_speed, a, b","battery, satellite_count, wind_speed","height, source_distance, a, b","height, source_distance","battery, wind_speed","source_distance, height","a, b",satellite_count,"a, b",,2,1,2,0,Combined,1,0.9410003967725731
Desired_436,candidate,satellite_count >= 7 AND wind_speed <= 36 AND a > 10 AND b > 10,battery >= 10 AND satellite_count >= 7 AND wind_speed <= 36,0.4871794871794871,1.0,0.5128205128205129,height >= 30,height >= 30 AND source_distance == 0,0.0909090909090909,1.0,0.9090909090909092,0.807,"satellite_count, wind_speed, a, b","battery, satellite_count, wind_speed",height,"height, source_distance","satellite_count, wind_speed",height,"a, b",battery,,source_distance,2,1,0,1,Combined,1,0.9880970532078727
Desired_437,candidate,satellite_count >= 7 AND wind_speed <= 36 AND a > 10 AND b > 10,battery >= 10 AND satellite_count >= 7 AND wind_speed <= 36,0.4871794871794871,1.0,0.5128205128205129,source_distance == 0,height >= 30 AND source_distance == 0,0.0909090909090909,1.0,0.9090909090909092,0.807,"satellite_count, wind_speed, a, b","battery, satellite_count, wind_speed",source_distance,"height, source_distance","satellite_count, wind_speed",source_distance,"a, b",battery,,height,2,1,0,1,Combined,1,0.9648764141606883
Desired_438,candidate,satellite_count >= 7 AND wind_speed <= 36 AND a > 10 AND b > 10,battery >= 10 AND satellite_count >= 7 AND wind_speed <= 36,0.4871794871794871,1.0,0.5128205128205129,a > 10,height >= 30 AND source_distance == 0,1.0,0.0,-1.0,0.171,"satellite_count, wind_speed, a, b","battery, satellite_count, wind_speed",a,"height, source_distance","satellite_count, wind_speed",,"a, b",battery,a,"source_distance, height",2,1,1,2,Combined,1,0.9962675540903967
Desired_439,candidate,satellite_count >= 7 AND wind_speed <= 36 AND a > 10 AND b > 10,battery >= 10 AND satellite_count >= 7 AND wind_speed <= 36,0.4871794871794871,1.0,0.5128205128205129,b > 10,height >= 30 AND source_distance == 0,1.0,0.0,-1.0,0.171,"satellite_count, wind_speed, a, b","battery, satellite_count, wind_speed",b,"height, source_distance","satellite_count, wind_speed",,"a, b",battery,b,"source_distance, height",2,1,1,2,Combined,1,1.0659710210017688
Desired_440,candidate,satellite_count >= 7 AND wind_speed <= 36 AND a > 10 AND b > 10,battery >= 10 AND satellite_count >= 7 AND wind_speed <= 36,0.4871794871794871,1.0,0.5128205128205129,height >= 30 AND source_distance == 0,height >= 30 AND source_distance == 0,0.0,1.0,1.0,0.838,"satellite_count, wind_speed, a, b","battery, satellite_count, wind_speed","height, source_distance","height, source_distance","satellite_count, wind_speed","source_distance, height","a, b",battery,,,2,1,0,0,Combined,1,0.9874246081606309
Desired_441,candidate,satellite_count >= 7 AND wind_speed <= 36 AND a > 10 AND b > 10,battery >= 10 AND satellite_count >= 7 AND wind_speed <= 36,0.4871794871794871,1.0,0.5128205128205129,height >= 30 AND a > 10,height >= 30 AND source_distance == 0,0.5,1.0,0.5,0.671,"satellite_count, wind_speed, a, b","battery, satellite_count, wind_speed","height, a","height, source_distance","satellite_count, wind_speed",height,"a, b",battery,a,source_distance,2,1,1,1,Combined,1,0.9773105258899933
Desired_442,candidate,satellite_count >= 7 AND wind_speed <= 36 AND a > 10 AND b > 10,battery >= 10 AND satellite_count >= 7 AND wind_speed <= 36,0.4871794871794871,1.0,0.5128205128205129,height >= 30 AND b > 10,height >= 30 AND source_distance == 0,0.5,1.0,0.5,0.671,"satellite_count, wind_speed, a, b","battery, satellite_count, wind_speed","height, b","height, source_distance","satellite_count, wind_speed",height,"a, b",battery,b,source_distance,2,1,1,1,Combined,1,0.9158778046875841
Desired_443,candidate,satellite_count >= 7 AND wind_speed <= 36 AND a > 10 AND b > 10,battery >= 10 AND satellite_count >= 7 AND wind_speed <= 36,0.4871794871794871,1.0,0.5128205128205129,source_distance == 0 AND a > 10,height >= 30 AND source_distance == 0,0.5,1.0,0.5,0.671,"satellite_count, wind_speed, a, b","battery, satellite_count, wind_speed","source_distance, a","height, source_distance","satellite_count, wind_speed",source_distance,"a, b",battery,a,height,2,1,1,1,Combined,1,1.0867251495853032
Desired_444,candidate,satellite_count >= 7 AND wind_speed <= 36 AND a > 10 AND b > 10,battery >= 10 AND satellite_count >= 7 AND wind_speed <= 36,0.4871794871794871,1.0,0.5128205128205129,source_distance == 0 AND b > 10,height >= 30 AND source_distance == 0,0.5,1.0,0.5,0.671,"satellite_count, wind_speed, a, b","battery, satellite_count, wind_speed","source_distance, b","height, source_distance","satellite_count, wind_speed",source_distance,"a, b",battery,b,height,2,1,1,1,Combined,1,1.0953803121385763
Desired_445,candidate,satellite_count >= 7 AND wind_speed <= 36 AND a > 10 AND b > 10,battery >= 10 AND satellite_count >= 7 AND wind_speed <= 36,0.4871794871794871,1.0,0.5128205128205129,a > 10 AND b > 10,height >= 30 AND source_distance == 0,1.0,0.0,-1.0,0.171,"satellite_count, wind_speed, a, b","battery, satellite_count, wind_speed","a, b","height, source_distance","satellite_count, wind_speed",,"a, b",battery,"a, b","source_distance, height",2,1,2,2,Combined,1,1.0599790126740931
Desired_446,candidate,satellite_count >= 7 AND wind_speed <= 36 AND a > 10 AND b > 10,battery >= 10 AND satellite_count >= 7 AND wind_speed <= 36,0.4871794871794871,1.0,0.5128205128205129,height >= 30 AND source_distance == 0 AND a > 10,height >= 30 AND source_distance == 0,0.3103448275862068,1.0,0.6896551724137931,0.734,"satellite_count, wind_speed, a, b","battery, satellite_count, wind_speed","height, source_distance, a","height, source_distance","satellite_count, wind_speed","source_distance, height","a, b",battery,a,,2,1,1,0,Combined,1,1.0563411738403266
Desired_447,candidate,satellite_count >= 7 AND wind_speed <= 36 AND a > 10 AND b > 10,battery >= 10 AND satellite_count >= 7 AND wind_speed <= 36,0.4871794871794871,1.0,0.5128205128205129,height >= 30 AND source_distance == 0 AND b > 10,height >= 30 AND source_distance == 0,0.3103448275862068,1.0,0.6896551724137931,0.734,"satellite_count, wind_speed, a, b","battery, satellite_count, wind_speed","height, source_distance, b","height, source_distance","satellite_count, wind_speed","source_distance, height","a, b",battery,b,,2,1,1,0,Combined,1,1.0926678708158526
Desired_448,candidate,satellite_count >= 7 AND wind_speed <= 36 AND a > 10 AND b > 10,battery >= 10 AND satellite_count >= 7 AND wind_speed <= 36,0.4871794871794871,1.0,0.5128205128205129,height >= 30 AND a > 10 AND b > 10,height >= 30 AND source_distance == 0,0.6551724137931034,1.0,0.3448275862068966,0.619,"satellite_count, wind_speed, a, b","battery, satellite_count, wind_speed","height, a, b","height, source_distance","satellite_count, wind_speed",height,"a, b",battery,"a, b",source_distance,2,1,2,1,Combined,1,1.0484372031422735
Desired_449,candidate,satellite_count >= 7 AND wind_speed <= 36 AND a > 10 AND b > 10,battery >= 10 AND satellite_count >= 7 AND wind_speed <= 36,0.4871794871794871,1.0,0.5128205128205129,source_distance == 0 AND a > 10 AND b > 10,height >= 30 AND source_distance == 0,0.6551724137931034,1.0,0.3448275862068966,0.619,"satellite_count, wind_speed, a, b","battery, satellite_count, wind_speed","source_distance, a, b","height, source_distance","satellite_count, wind_speed",source_distance,"a, b",battery,"a, b",height,2,1,2,1,Combined,1,0.9124070766528881
Desired_450,candidate,satellite_count >= 7 AND wind_speed <= 36 AND a > 10 AND b > 10,battery >= 10 AND satellite_count >= 7 AND wind_speed <= 36,0.4871794871794871,1.0,0.5128205128205129,height >= 30 AND source_distance == 0 AND a > 10 AND b > 10,height >= 30 AND source_distance == 0,0.4736842105263158,1.0,0.5263157894736842,0.68,"satellite_count, wind_speed, a, b","battery, satellite_count, wind_speed","height, source_distance, a, b","height, source_distance","satellite_count, wind_speed","source_distance, height","a, b",battery,"a, b",,2,1,2,0,Combined,1,0.9500856435473217
Desired_451,candidate,battery >= 10 AND satellite_count >= 7 AND wind_speed <= 36 AND a > 10 AND b > 10,battery >= 10 AND satellite_count >= 7 AND wind_speed <= 36,0.375,1.0,0.625,height >= 30,height >= 30 AND source_distance == 0,0.0909090909090909,1.0,0.9090909090909092,0.845,"battery, satellite_count, wind_speed, a, b","battery, satellite_count, wind_speed",height,"height, source_distance","satellite_count, battery, wind_speed",height,"a, b",,,source_distance,2,0,0,1,Combined,1,1.0024032343751554
Desired_452,candidate,battery >= 10 AND satellite_count >= 7 AND wind_speed <= 36 AND a > 10 AND b > 10,battery >= 10 AND satellite_count >= 7 AND wind_speed <= 36,0.375,1.0,0.625,source_distance == 0,height >= 30 AND source_distance == 0,0.0909090909090909,1.0,0.9090909090909092,0.845,"battery, satellite_count, wind_speed, a, b","battery, satellite_count, wind_speed",source_distance,"height, source_distance","satellite_count, battery, wind_speed",source_distance,"a, b",,,height,2,0,0,1,Combined,1,1.063972565605135
Desired_453,candidate,battery >= 10 AND satellite_count >= 7 AND wind_speed <= 36 AND a > 10 AND b > 10,battery >= 10 AND satellite_count >= 7 AND wind_speed <= 36,0.375,1.0,0.625,a > 10,height >= 30 AND source_distance == 0,1.0,0.0,-1.0,0.208,"battery, satellite_count, wind_speed, a, b","battery, satellite_count, wind_speed",a,"height, source_distance","satellite_count, battery, wind_speed",,"a, b",,a,"source_distance, height",2,0,1,2,Combined,1,0.9096269136991484
Desired_454,candidate,battery >= 10 AND satellite_count >= 7 AND wind_speed <= 36 AND a > 10 AND b > 10,battery >= 10 AND satellite_count >= 7 AND wind_speed <= 36,0.375,1.0,0.625,b > 10,height >= 30 AND source_distance == 0,1.0,0.0,-1.0,0.208,"battery, satellite_count, wind_speed, a, b","battery, satellite_count, wind_speed",b,"height, source_distance","satellite_count, battery, wind_speed",,"a, b",,b,"source_distance, height",2,0,1,2,Combined,1,1.0346982523299524
Desired_455,candidate,battery >= 10 AND satellite_count >= 7 AND wind_speed <= 36 AND a > 10 AND b > 10,battery >= 10 AND satellite_count >= 7 AND wind_speed <= 36,0.375,1.0,0.625,height >= 30 AND source_distance == 0,height >= 30 AND source_distance == 0,0.0,1.0,1.0,0.875,"battery, satellite_count, wind_speed, a, b","battery, satellite_count, wind_speed","height, source_distance","height, source_distance","satellite_count, battery, wind_speed","source_distance, height","a, b",,,,2,0,0,0,Excessive,2,2.068432169796485
Desired_456,candidate,battery >= 10 AND satellite_count >= 7 AND wind_speed <= 36 AND a > 10 AND b > 10,battery >= 10 AND satellite_count >= 7 AND wind_speed <= 36,0.375,1.0,0.625,height >= 30 AND a > 10,height >= 30 AND source_distance == 0,0.5,1.0,0.5,0.708,"battery, satellite_count, wind_speed, a, b","battery, satellite_count, wind_speed","height, a","height, source_distance","satellite_count, battery, wind_speed",height,"a, b",,a,source_distance,2,0,1,1,Combined,1,1.072795070212987
Desired_457,candidate,battery >= 10 AND satellite_count >= 7 AND wind_speed <= 36 AND a > 10 AND b > 10,battery >= 10 AND satellite_count >= 7 AND wind_speed <= 36,0.375,1.0,0.625,height >= 30 AND b > 10,height >= 30 AND source_distance == 0,0.5,1.0,0.5,0.708,"battery, satellite_count, wind_speed, a, b","battery, satellite_count, wind_speed","height, b","height, source_distance","satellite_count, battery, wind_speed",height,"a, b",,b,source_distance,2,0,1,1,Combined,1,0.9639394122633517
Desired_458,candidate,battery >= 10 AND satellite_count >= 7 AND wind_speed <= 36 AND a > 10 AND b > 10,battery >= 10 AND satellite_count >= 7 AND wind_speed <= 36,0.375,1.0,0.625,source_distance == 0 AND a > 10,height >= 30 AND source_distance == 0,0.5,1.0,0.5,0.708,"battery, satellite_count, wind_speed, a, b","battery, satellite_count, wind_speed","source_distance, a","height, source_distance","satellite_count, battery, wind_speed",source_distance,"a, b",,a,height,2,0,1,1,Combined,1,0.9235183149553232
Desired_459,candidate,battery >= 10 AND satellite_count >= 7 AND wind_speed <= 36 AND a > 10 AND b > 10,battery >= 10 AND satellite_count >= 7 AND wind_speed <= 36,0.375,1.0,0.625,source_distance == 0 AND b > 10,height >= 30 AND source_distance == 0,0.5,1.0,0.5,0.708,"battery, satellite_count, wind_speed, a, b","battery, satellite_count, wind_speed","source_distance, b","height, source_distance","satellite_count, battery, wind_speed",source_distance,"a, b",,b,height,2,0,1,1,Combined,1,0.9938049034761394
Desired_460,candidate,battery >= 10 AND satellite_count >= 7 AND wind_speed <= 36 AND a > 10 AND b > 10,battery >= 10 AND satellite_count >= 7 AND wind_speed <= 36,0.375,1.0,0.625,a > 10 AND b > 10,height >= 30 AND source_distance == 0,1.0,0.0,-1.0,0.208,"battery, satellite_count, wind_speed, a, b","battery, satellite_count, wind_speed","a, b","height, source_distance","satellite_count, battery, wind_speed",,"a, b",,"a, b","source_distance, height",2,0,2,2,Combined,1,1.0368818897873915
Desired_461,candidate,battery >= 10 AND satellite_count >= 7 AND wind_speed <= 36 AND a > 10 AND b > 10,battery >= 10 AND satellite_count >= 7 AND wind_speed <= 36,0.375,1.0,0.625,height >= 30 AND source_distance == 0 AND a > 10,height >= 30 AND source_distance == 0,0.3103448275862068,1.0,0.6896551724137931,0.772,"battery, satellite_count, wind_speed, a, b","battery, satellite_count, wind_speed","height, source_distance, a","height, source_distance","satellite_count, battery, wind_speed","source_distance, height","a, b",,a,,2,0,1,0,Excessive,2,2.0201560481184266
Desired_462,candidate,battery >= 10 AND satellite_count >= 7 AND wind_speed <= 36 AND a > 10 AND b > 10,battery >= 10 AND satellite_count >= 7 AND wind_speed <= 36,0.375,1.0,0.625,height >= 30 AND source_distance == 0 AND b > 10,height >= 30 AND source_distance == 0,0.3103448275862068,1.0,0.6896551724137931,0.772,"battery, satellite_count, wind_speed, a, b","battery, satellite_count, wind_speed","height, source_distance, b","height, source_distance","satellite_count, battery, wind_speed","source_distance, height","a, b",,b,,2,0,1,0,Excessive,2,2.0680396217297807
Desired_463,candidate,battery >= 10 AND satellite_count >= 7 AND wind_speed <= 36 AND a > 10 AND b > 10,battery >= 10 AND satellite_count >= 7 AND wind_speed <= 36,0.375,1.0,0.625,height >= 30 AND a > 10 AND b > 10,height >= 30 AND source_distance == 0,0.6551724137931034,1.0,0.3448275862068966,0.657,"battery, satellite_count, wind_speed, a, b","battery, satellite_count, wind_speed","height, a, b","height, source_distance","satellite_count, battery, wind_speed",height,"a, b",,"a, b",source_distance,2,0,2,1,Combined,1,0.9806131198704214
Desired_464,candidate,battery >= 10 AND satellite_count >= 7 AND wind_speed <= 36 AND a > 10 AND b > 10,battery >= 10 AND satellite_count >= 7 AND wind_speed <= 36,0.375,1.0,0.625,source_distance == 0 AND a > 10 AND b > 10,height >= 30 AND source_distance == 0,0.6551724137931034,1.0,0.3448275862068966,0.657,"battery, satellite_count, wind_speed, a, b","battery, satellite_count, wind_speed","source_distance, a, b","height, source_distance","satellite_count, battery, wind_speed",source_distance,"a, b",,"a, b",height,2,0,2,1,Combined,1,1.038451986875073
Desired_465,candidate,battery >= 10 AND satellite_count >= 7 AND wind_speed <= 36 AND a > 10 AND b > 10,battery >= 10 AND satellite_count >= 7 AND wind_speed <= 36,0.375,1.0,0.625,height >= 30 AND source_distance == 0 AND a > 10 AND b > 10,height >= 30 AND source_distance == 0,0.4736842105263158,1.0,0.5263157894736842,0.717,"battery, satellite_count, wind_speed, a, b","battery, satellite_count, wind_speed","height, source_distance, a, b","height, source_distance","satellite_count, battery, wind_speed","source_distance, height","a, b",,"a, b",,2,0,2,0,Excessive,2,1.9745358278095586
