desired_scenario;cadidate_scenario;Desired Given DNF;Shared Given DNF;Penality Given;Global Similarity Given;Final Similarity Given;Desired When DNF;Shared When DNF;Penality When;Global Similarity When;Final Similarity When;Desired Then DNF;Shared Then DNF;Penality Then;Global Similarity Then;Final Similarity Then;Scenario Similarity;Action
Desired_1;candidate;battery >= 10;battery >= 10 AND satellite_count >= 7 AND wind_speed <= 36;0.16666666666666663;1.0;0.8333333333333334;takeoff == 1;takeoff == 1;0.0;1.0;1.0;height >= 30;height >= 30 AND source_distance == 0;0.09090909090909094;1.0;0.9090909090909091;0.9141414141414143;behavior_3
Desired_2;candidate;battery >= 10;battery >= 10 AND satellite_count >= 7 AND wind_speed <= 36;0.16666666666666663;1.0;0.8333333333333334;takeoff == 1;takeoff == 1;0.0;1.0;1.0;source_distance == 0;height >= 30 AND source_distance == 0;0.09090909090909094;1.0;0.9090909090909091;0.9141414141414143;behavior_3
Desired_3;candidate;battery >= 10;battery >= 10 AND satellite_count >= 7 AND wind_speed <= 36;0.16666666666666663;1.0;0.8333333333333334;takeoff == 1;takeoff == 1;0.0;1.0;1.0;a > 10;height >= 30 AND source_distance == 0;1.0;0.0;-1.0;0.27777777777777785;behavior_3
Desired_4;candidate;battery >= 10;battery >= 10 AND satellite_count >= 7 AND wind_speed <= 36;0.16666666666666663;1.0;0.8333333333333334;takeoff == 1;takeoff == 1;0.0;1.0;1.0;b > 10;height >= 30 AND source_distance == 0;1.0;0.0;-1.0;0.27777777777777785;behavior_3
Desired_5;candidate;battery >= 10;battery >= 10 AND satellite_count >= 7 AND wind_speed <= 36;0.16666666666666663;1.0;0.8333333333333334;takeoff == 1;takeoff == 1;0.0;1.0;1.0;height >= 30 AND source_distance == 0;height >= 30 AND source_distance == 0;0.0;1.0;1.0;0.9444444444444445;behavior_3
Desired_6;candidate;battery >= 10;battery >= 10 AND satellite_count >= 7 AND wind_speed <= 36;0.16666666666666663;1.0;0.8333333333333334;takeoff == 1;takeoff == 1;0.0;1.0;1.0;height >= 30 AND a > 10;height >= 30 AND source_distance == 0;0.5;1.0;0.5;0.7777777777777778;behavior_3
Desired_7;candidate;battery >= 10;battery >= 10 AND satellite_count >= 7 AND wind_speed <= 36;0.16666666666666663;1.0;0.8333333333333334;takeoff == 1;takeoff == 1;0.0;1.0;1.0;height >= 30 AND b > 10;height >= 30 AND source_distance == 0;0.5;1.0;0.5;0.7777777777777778;behavior_3
Desired_8;candidate;battery >= 10;battery >= 10 AND satellite_count >= 7 AND wind_speed <= 36;0.16666666666666663;1.0;0.8333333333333334;takeoff == 1;takeoff == 1;0.0;1.0;1.0;source_distance == 0 AND a > 10;height >= 30 AND source_distance == 0;0.5;1.0;0.5;0.7777777777777778;behavior_3
Desired_9;candidate;battery >= 10;battery >= 10 AND satellite_count >= 7 AND wind_speed <= 36;0.16666666666666663;1.0;0.8333333333333334;takeoff == 1;takeoff == 1;0.0;1.0;1.0;source_distance == 0 AND b > 10;height >= 30 AND source_distance == 0;0.5;1.0;0.5;0.7777777777777778;behavior_3
Desired_10;candidate;battery >= 10;battery >= 10 AND satellite_count >= 7 AND wind_speed <= 36;0.16666666666666663;1.0;0.8333333333333334;takeoff == 1;takeoff == 1;0.0;1.0;1.0;a > 10 AND b > 10;height >= 30 AND source_distance == 0;1.0;0.0;-1.0;0.27777777777777785;behavior_3
Desired_11;candidate;battery >= 10;battery >= 10 AND satellite_count >= 7 AND wind_speed <= 36;0.16666666666666663;1.0;0.8333333333333334;takeoff == 1;takeoff == 1;0.0;1.0;1.0;height >= 30 AND source_distance == 0 AND a > 10;height >= 30 AND source_distance == 0;0.31034482758620685;1.0;0.6896551724137931;0.8409961685823756;behavior_3
Desired_12;candidate;battery >= 10;battery >= 10 AND satellite_count >= 7 AND wind_speed <= 36;0.16666666666666663;1.0;0.8333333333333334;takeoff == 1;takeoff == 1;0.0;1.0;1.0;height >= 30 AND source_distance == 0 AND b > 10;height >= 30 AND source_distance == 0;0.31034482758620685;1.0;0.6896551724137931;0.8409961685823756;behavior_3
Desired_13;candidate;battery >= 10;battery >= 10 AND satellite_count >= 7 AND wind_speed <= 36;0.16666666666666663;1.0;0.8333333333333334;takeoff == 1;takeoff == 1;0.0;1.0;1.0;height >= 30 AND a > 10 AND b > 10;height >= 30 AND source_distance == 0;0.6551724137931034;1.0;0.3448275862068966;0.7260536398467433;behavior_3
Desired_14;candidate;battery >= 10;battery >= 10 AND satellite_count >= 7 AND wind_speed <= 36;0.16666666666666663;1.0;0.8333333333333334;takeoff == 1;takeoff == 1;0.0;1.0;1.0;source_distance == 0 AND a > 10 AND b > 10;height >= 30 AND source_distance == 0;0.6551724137931034;1.0;0.3448275862068966;0.7260536398467433;behavior_3
Desired_15;candidate;battery >= 10;battery >= 10 AND satellite_count >= 7 AND wind_speed <= 36;0.16666666666666663;1.0;0.8333333333333334;takeoff == 1;takeoff == 1;0.0;1.0;1.0;height >= 30 AND source_distance == 0 AND a > 10 AND b > 10;height >= 30 AND source_distance == 0;0.4736842105263158;1.0;0.5263157894736842;0.7865497076023392;behavior_3
Desired_16;candidate;satellite_count >= 7;battery >= 10 AND satellite_count >= 7 AND wind_speed <= 36;0.16666666666666663;1.0;0.8333333333333334;takeoff == 1;takeoff == 1;0.0;1.0;1.0;height >= 30;height >= 30 AND source_distance == 0;0.09090909090909094;1.0;0.9090909090909091;0.9141414141414143;behavior_3
Desired_17;candidate;satellite_count >= 7;battery >= 10 AND satellite_count >= 7 AND wind_speed <= 36;0.16666666666666663;1.0;0.8333333333333334;takeoff == 1;takeoff == 1;0.0;1.0;1.0;source_distance == 0;height >= 30 AND source_distance == 0;0.09090909090909094;1.0;0.9090909090909091;0.9141414141414143;behavior_3
Desired_18;candidate;satellite_count >= 7;battery >= 10 AND satellite_count >= 7 AND wind_speed <= 36;0.16666666666666663;1.0;0.8333333333333334;takeoff == 1;takeoff == 1;0.0;1.0;1.0;a > 10;height >= 30 AND source_distance == 0;1.0;0.0;-1.0;0.27777777777777785;behavior_3
Desired_19;candidate;satellite_count >= 7;battery >= 10 AND satellite_count >= 7 AND wind_speed <= 36;0.16666666666666663;1.0;0.8333333333333334;takeoff == 1;takeoff == 1;0.0;1.0;1.0;b > 10;height >= 30 AND source_distance == 0;1.0;0.0;-1.0;0.27777777777777785;behavior_3
Desired_20;candidate;satellite_count >= 7;battery >= 10 AND satellite_count >= 7 AND wind_speed <= 36;0.16666666666666663;1.0;0.8333333333333334;takeoff == 1;takeoff == 1;0.0;1.0;1.0;height >= 30 AND source_distance == 0;height >= 30 AND source_distance == 0;0.0;1.0;1.0;0.9444444444444445;behavior_3
Desired_21;candidate;satellite_count >= 7;battery >= 10 AND satellite_count >= 7 AND wind_speed <= 36;0.16666666666666663;1.0;0.8333333333333334;takeoff == 1;takeoff == 1;0.0;1.0;1.0;height >= 30 AND a > 10;height >= 30 AND source_distance == 0;0.5;1.0;0.5;0.7777777777777778;behavior_3
Desired_22;candidate;satellite_count >= 7;battery >= 10 AND satellite_count >= 7 AND wind_speed <= 36;0.16666666666666663;1.0;0.8333333333333334;takeoff == 1;takeoff == 1;0.0;1.0;1.0;height >= 30 AND b > 10;height >= 30 AND source_distance == 0;0.5;1.0;0.5;0.7777777777777778;behavior_3
Desired_23;candidate;satellite_count >= 7;battery >= 10 AND satellite_count >= 7 AND wind_speed <= 36;0.16666666666666663;1.0;0.8333333333333334;takeoff == 1;takeoff == 1;0.0;1.0;1.0;source_distance == 0 AND a > 10;height >= 30 AND source_distance == 0;0.5;1.0;0.5;0.7777777777777778;behavior_3
Desired_24;candidate;satellite_count >= 7;battery >= 10 AND satellite_count >= 7 AND wind_speed <= 36;0.16666666666666663;1.0;0.8333333333333334;takeoff == 1;takeoff == 1;0.0;1.0;1.0;source_distance == 0 AND b > 10;height >= 30 AND source_distance == 0;0.5;1.0;0.5;0.7777777777777778;behavior_3
Desired_25;candidate;satellite_count >= 7;battery >= 10 AND satellite_count >= 7 AND wind_speed <= 36;0.16666666666666663;1.0;0.8333333333333334;takeoff == 1;takeoff == 1;0.0;1.0;1.0;a > 10 AND b > 10;height >= 30 AND source_distance == 0;1.0;0.0;-1.0;0.27777777777777785;behavior_3
Desired_26;candidate;satellite_count >= 7;battery >= 10 AND satellite_count >= 7 AND wind_speed <= 36;0.16666666666666663;1.0;0.8333333333333334;takeoff == 1;takeoff == 1;0.0;1.0;1.0;height >= 30 AND source_distance == 0 AND a > 10;height >= 30 AND source_distance == 0;0.31034482758620685;1.0;0.6896551724137931;0.8409961685823756;behavior_3
Desired_27;candidate;satellite_count >= 7;battery >= 10 AND satellite_count >= 7 AND wind_speed <= 36;0.16666666666666663;1.0;0.8333333333333334;takeoff == 1;takeoff == 1;0.0;1.0;1.0;height >= 30 AND source_distance == 0 AND b > 10;height >= 30 AND source_distance == 0;0.31034482758620685;1.0;0.6896551724137931;0.8409961685823756;behavior_3
Desired_28;candidate;satellite_count >= 7;battery >= 10 AND satellite_count >= 7 AND wind_speed <= 36;0.16666666666666663;1.0;0.8333333333333334;takeoff == 1;takeoff == 1;0.0;1.0;1.0;height >= 30 AND a > 10 AND b > 10;height >= 30 AND source_distance == 0;0.6551724137931034;1.0;0.3448275862068966;0.7260536398467433;behavior_3
Desired_29;candidate;satellite_count >= 7;battery >= 10 AND satellite_count >= 7 AND wind_speed <= 36;0.16666666666666663;1.0;0.8333333333333334;takeoff == 1;takeoff == 1;0.0;1.0;1.0;source_distance == 0 AND a > 10 AND b > 10;height >= 30 AND source_distance == 0;0.6551724137931034;1.0;0.3448275862068966;0.7260536398467433;behavior_3
Desired_30;candidate;satellite_count >= 7;battery >= 10 AND satellite_count >= 7 AND wind_speed <= 36;0.16666666666666663;1.0;0.8333333333333334;takeoff == 1;takeoff == 1;0.0;1.0;1.0;height >= 30 AND source_distance == 0 AND a > 10 AND b > 10;height >= 30 AND source_distance == 0;0.4736842105263158;1.0;0.5263157894736842;0.7865497076023392;behavior_3
Desired_31;candidate;wind_speed <= 36;battery >= 10 AND satellite_count >= 7 AND wind_speed <= 36;0.16666666666666663;1.0;0.8333333333333334;takeoff == 1;takeoff == 1;0.0;1.0;1.0;height >= 30;height >= 30 AND source_distance == 0;0.09090909090909094;1.0;0.9090909090909091;0.9141414141414143;behavior_3
Desired_32;candidate;wind_speed <= 36;battery >= 10 AND satellite_count >= 7 AND wind_speed <= 36;0.16666666666666663;1.0;0.8333333333333334;takeoff == 1;takeoff == 1;0.0;1.0;1.0;source_distance == 0;height >= 30 AND source_distance == 0;0.09090909090909094;1.0;0.9090909090909091;0.9141414141414143;behavior_3
Desired_33;candidate;wind_speed <= 36;battery >= 10 AND satellite_count >= 7 AND wind_speed <= 36;0.16666666666666663;1.0;0.8333333333333334;takeoff == 1;takeoff == 1;0.0;1.0;1.0;a > 10;height >= 30 AND source_distance == 0;1.0;0.0;-1.0;0.27777777777777785;behavior_3
Desired_34;candidate;wind_speed <= 36;battery >= 10 AND satellite_count >= 7 AND wind_speed <= 36;0.16666666666666663;1.0;0.8333333333333334;takeoff == 1;takeoff == 1;0.0;1.0;1.0;b > 10;height >= 30 AND source_distance == 0;1.0;0.0;-1.0;0.27777777777777785;behavior_3
Desired_35;candidate;wind_speed <= 36;battery >= 10 AND satellite_count >= 7 AND wind_speed <= 36;0.16666666666666663;1.0;0.8333333333333334;takeoff == 1;takeoff == 1;0.0;1.0;1.0;height >= 30 AND source_distance == 0;height >= 30 AND source_distance == 0;0.0;1.0;1.0;0.9444444444444445;behavior_3
Desired_36;candidate;wind_speed <= 36;battery >= 10 AND satellite_count >= 7 AND wind_speed <= 36;0.16666666666666663;1.0;0.8333333333333334;takeoff == 1;takeoff == 1;0.0;1.0;1.0;height >= 30 AND a > 10;height >= 30 AND source_distance == 0;0.5;1.0;0.5;0.7777777777777778;behavior_3
Desired_37;candidate;wind_speed <= 36;battery >= 10 AND satellite_count >= 7 AND wind_speed <= 36;0.16666666666666663;1.0;0.8333333333333334;takeoff == 1;takeoff == 1;0.0;1.0;1.0;height >= 30 AND b > 10;height >= 30 AND source_distance == 0;0.5;1.0;0.5;0.7777777777777778;behavior_3
Desired_38;candidate;wind_speed <= 36;battery >= 10 AND satellite_count >= 7 AND wind_speed <= 36;0.16666666666666663;1.0;0.8333333333333334;takeoff == 1;takeoff == 1;0.0;1.0;1.0;source_distance == 0 AND a > 10;height >= 30 AND source_distance == 0;0.5;1.0;0.5;0.7777777777777778;behavior_3
Desired_39;candidate;wind_speed <= 36;battery >= 10 AND satellite_count >= 7 AND wind_speed <= 36;0.16666666666666663;1.0;0.8333333333333334;takeoff == 1;takeoff == 1;0.0;1.0;1.0;source_distance == 0 AND b > 10;height >= 30 AND source_distance == 0;0.5;1.0;0.5;0.7777777777777778;behavior_3
Desired_40;candidate;wind_speed <= 36;battery >= 10 AND satellite_count >= 7 AND wind_speed <= 36;0.16666666666666663;1.0;0.8333333333333334;takeoff == 1;takeoff == 1;0.0;1.0;1.0;a > 10 AND b > 10;height >= 30 AND source_distance == 0;1.0;0.0;-1.0;0.27777777777777785;behavior_3
Desired_41;candidate;wind_speed <= 36;battery >= 10 AND satellite_count >= 7 AND wind_speed <= 36;0.16666666666666663;1.0;0.8333333333333334;takeoff == 1;takeoff == 1;0.0;1.0;1.0;height >= 30 AND source_distance == 0 AND a > 10;height >= 30 AND source_distance == 0;0.31034482758620685;1.0;0.6896551724137931;0.8409961685823756;behavior_3
Desired_42;candidate;wind_speed <= 36;battery >= 10 AND satellite_count >= 7 AND wind_speed <= 36;0.16666666666666663;1.0;0.8333333333333334;takeoff == 1;takeoff == 1;0.0;1.0;1.0;height >= 30 AND source_distance == 0 AND b > 10;height >= 30 AND source_distance == 0;0.31034482758620685;1.0;0.6896551724137931;0.8409961685823756;behavior_3
Desired_43;candidate;wind_speed <= 36;battery >= 10 AND satellite_count >= 7 AND wind_speed <= 36;0.16666666666666663;1.0;0.8333333333333334;takeoff == 1;takeoff == 1;0.0;1.0;1.0;height >= 30 AND a > 10 AND b > 10;height >= 30 AND source_distance == 0;0.6551724137931034;1.0;0.3448275862068966;0.7260536398467433;behavior_3
Desired_44;candidate;wind_speed <= 36;battery >= 10 AND satellite_count >= 7 AND wind_speed <= 36;0.16666666666666663;1.0;0.8333333333333334;takeoff == 1;takeoff == 1;0.0;1.0;1.0;source_distance == 0 AND a > 10 AND b > 10;height >= 30 AND source_distance == 0;0.6551724137931034;1.0;0.3448275862068966;0.7260536398467433;behavior_3
Desired_45;candidate;wind_speed <= 36;battery >= 10 AND satellite_count >= 7 AND wind_speed <= 36;0.16666666666666663;1.0;0.8333333333333334;takeoff == 1;takeoff == 1;0.0;1.0;1.0;height >= 30 AND source_distance == 0 AND a > 10 AND b > 10;height >= 30 AND source_distance == 0;0.4736842105263158;1.0;0.5263157894736842;0.7865497076023392;behavior_3
Desired_46;candidate;a > 10;battery >= 10 AND satellite_count >= 7 AND wind_speed <= 36;1.0;0.0;-1.0;takeoff == 1;takeoff == 1;0.0;1.0;1.0;height >= 30;height >= 30 AND source_distance == 0;0.09090909090909094;1.0;0.9090909090909091;0.30303030303030304;behavior_3
Desired_47;candidate;a > 10;battery >= 10 AND satellite_count >= 7 AND wind_speed <= 36;1.0;0.0;-1.0;takeoff == 1;takeoff == 1;0.0;1.0;1.0;source_distance == 0;height >= 30 AND source_distance == 0;0.09090909090909094;1.0;0.9090909090909091;0.30303030303030304;behavior_3
Desired_48;candidate;a > 10;battery >= 10 AND satellite_count >= 7 AND wind_speed <= 36;1.0;0.0;-1.0;takeoff == 1;takeoff == 1;0.0;1.0;1.0;a > 10;height >= 30 AND source_distance == 0;1.0;0.0;-1.0;-0.3333333333333333;behavior_3
Desired_49;candidate;a > 10;battery >= 10 AND satellite_count >= 7 AND wind_speed <= 36;1.0;0.0;-1.0;takeoff == 1;takeoff == 1;0.0;1.0;1.0;b > 10;height >= 30 AND source_distance == 0;1.0;0.0;-1.0;-0.3333333333333333;behavior_3
Desired_50;candidate;a > 10;battery >= 10 AND satellite_count >= 7 AND wind_speed <= 36;1.0;0.0;-1.0;takeoff == 1;takeoff == 1;0.0;1.0;1.0;height >= 30 AND source_distance == 0;height >= 30 AND source_distance == 0;0.0;1.0;1.0;0.3333333333333333;behavior_3
Desired_51;candidate;a > 10;battery >= 10 AND satellite_count >= 7 AND wind_speed <= 36;1.0;0.0;-1.0;takeoff == 1;takeoff == 1;0.0;1.0;1.0;height >= 30 AND a > 10;height >= 30 AND source_distance == 0;0.5;1.0;0.5;0.16666666666666666;behavior_3
Desired_52;candidate;a > 10;battery >= 10 AND satellite_count >= 7 AND wind_speed <= 36;1.0;0.0;-1.0;takeoff == 1;takeoff == 1;0.0;1.0;1.0;height >= 30 AND b > 10;height >= 30 AND source_distance == 0;0.5;1.0;0.5;0.16666666666666666;behavior_3
Desired_53;candidate;a > 10;battery >= 10 AND satellite_count >= 7 AND wind_speed <= 36;1.0;0.0;-1.0;takeoff == 1;takeoff == 1;0.0;1.0;1.0;source_distance == 0 AND a > 10;height >= 30 AND source_distance == 0;0.5;1.0;0.5;0.16666666666666666;behavior_3
Desired_54;candidate;a > 10;battery >= 10 AND satellite_count >= 7 AND wind_speed <= 36;1.0;0.0;-1.0;takeoff == 1;takeoff == 1;0.0;1.0;1.0;source_distance == 0 AND b > 10;height >= 30 AND source_distance == 0;0.5;1.0;0.5;0.16666666666666666;behavior_3
Desired_55;candidate;a > 10;battery >= 10 AND satellite_count >= 7 AND wind_speed <= 36;1.0;0.0;-1.0;takeoff == 1;takeoff == 1;0.0;1.0;1.0;a > 10 AND b > 10;height >= 30 AND source_distance == 0;1.0;0.0;-1.0;-0.3333333333333333;behavior_3
Desired_56;candidate;a > 10;battery >= 10 AND satellite_count >= 7 AND wind_speed <= 36;1.0;0.0;-1.0;takeoff == 1;takeoff == 1;0.0;1.0;1.0;height >= 30 AND source_distance == 0 AND a > 10;height >= 30 AND source_distance == 0;0.31034482758620685;1.0;0.6896551724137931;0.2298850574712644;behavior_3
Desired_57;candidate;a > 10;battery >= 10 AND satellite_count >= 7 AND wind_speed <= 36;1.0;0.0;-1.0;takeoff == 1;takeoff == 1;0.0;1.0;1.0;height >= 30 AND source_distance == 0 AND b > 10;height >= 30 AND source_distance == 0;0.31034482758620685;1.0;0.6896551724137931;0.2298850574712644;behavior_3
Desired_58;candidate;a > 10;battery >= 10 AND satellite_count >= 7 AND wind_speed <= 36;1.0;0.0;-1.0;takeoff == 1;takeoff == 1;0.0;1.0;1.0;height >= 30 AND a > 10 AND b > 10;height >= 30 AND source_distance == 0;0.6551724137931034;1.0;0.3448275862068966;0.1149425287356322;behavior_3
Desired_59;candidate;a > 10;battery >= 10 AND satellite_count >= 7 AND wind_speed <= 36;1.0;0.0;-1.0;takeoff == 1;takeoff == 1;0.0;1.0;1.0;source_distance == 0 AND a > 10 AND b > 10;height >= 30 AND source_distance == 0;0.6551724137931034;1.0;0.3448275862068966;0.1149425287356322;behavior_3
Desired_60;candidate;a > 10;battery >= 10 AND satellite_count >= 7 AND wind_speed <= 36;1.0;0.0;-1.0;takeoff == 1;takeoff == 1;0.0;1.0;1.0;height >= 30 AND source_distance == 0 AND a > 10 AND b > 10;height >= 30 AND source_distance == 0;0.4736842105263158;1.0;0.5263157894736842;0.17543859649122806;behavior_3
Desired_61;candidate;b > 10;battery >= 10 AND satellite_count >= 7 AND wind_speed <= 36;1.0;0.0;-1.0;takeoff == 1;takeoff == 1;0.0;1.0;1.0;height >= 30;height >= 30 AND source_distance == 0;0.09090909090909094;1.0;0.9090909090909091;0.30303030303030304;behavior_3
Desired_62;candidate;b > 10;battery >= 10 AND satellite_count >= 7 AND wind_speed <= 36;1.0;0.0;-1.0;takeoff == 1;takeoff == 1;0.0;1.0;1.0;source_distance == 0;height >= 30 AND source_distance == 0;0.09090909090909094;1.0;0.9090909090909091;0.30303030303030304;behavior_3
Desired_63;candidate;b > 10;battery >= 10 AND satellite_count >= 7 AND wind_speed <= 36;1.0;0.0;-1.0;takeoff == 1;takeoff == 1;0.0;1.0;1.0;a > 10;height >= 30 AND source_distance == 0;1.0;0.0;-1.0;-0.3333333333333333;behavior_3
Desired_64;candidate;b > 10;battery >= 10 AND satellite_count >= 7 AND wind_speed <= 36;1.0;0.0;-1.0;takeoff == 1;takeoff == 1;0.0;1.0;1.0;b > 10;height >= 30 AND source_distance == 0;1.0;0.0;-1.0;-0.3333333333333333;behavior_3
Desired_65;candidate;b > 10;battery >= 10 AND satellite_count >= 7 AND wind_speed <= 36;1.0;0.0;-1.0;takeoff == 1;takeoff == 1;0.0;1.0;1.0;height >= 30 AND source_distance == 0;height >= 30 AND source_distance == 0;0.0;1.0;1.0;0.3333333333333333;behavior_3
Desired_66;candidate;b > 10;battery >= 10 AND satellite_count >= 7 AND wind_speed <= 36;1.0;0.0;-1.0;takeoff == 1;takeoff == 1;0.0;1.0;1.0;height >= 30 AND a > 10;height >= 30 AND source_distance == 0;0.5;1.0;0.5;0.16666666666666666;behavior_3
Desired_67;candidate;b > 10;battery >= 10 AND satellite_count >= 7 AND wind_speed <= 36;1.0;0.0;-1.0;takeoff == 1;takeoff == 1;0.0;1.0;1.0;height >= 30 AND b > 10;height >= 30 AND source_distance == 0;0.5;1.0;0.5;0.16666666666666666;behavior_3
Desired_68;candidate;b > 10;battery >= 10 AND satellite_count >= 7 AND wind_speed <= 36;1.0;0.0;-1.0;takeoff == 1;takeoff == 1;0.0;1.0;1.0;source_distance == 0 AND a > 10;height >= 30 AND source_distance == 0;0.5;1.0;0.5;0.16666666666666666;behavior_3
Desired_69;candidate;b > 10;battery >= 10 AND satellite_count >= 7 AND wind_speed <= 36;1.0;0.0;-1.0;takeoff == 1;takeoff == 1;0.0;1.0;1.0;source_distance == 0 AND b > 10;height >= 30 AND source_distance == 0;0.5;1.0;0.5;0.16666666666666666;behavior_3
Desired_70;candidate;b > 10;battery >= 10 AND satellite_count >= 7 AND wind_speed <= 36;1.0;0.0;-1.0;takeoff == 1;takeoff == 1;0.0;1.0;1.0;a > 10 AND b > 10;height >= 30 AND source_distance == 0;1.0;0.0;-1.0;-0.3333333333333333;behavior_3
Desired_71;candidate;b > 10;battery >= 10 AND satellite_count >= 7 AND wind_speed <= 36;1.0;0.0;-1.0;takeoff == 1;takeoff == 1;0.0;1.0;1.0;height >= 30 AND source_distance == 0 AND a > 10;height >= 30 AND source_distance == 0;0.31034482758620685;1.0;0.6896551724137931;0.2298850574712644;behavior_3
Desired_72;candidate;b > 10;battery >= 10 AND satellite_count >= 7 AND wind_speed <= 36;1.0;0.0;-1.0;takeoff == 1;takeoff == 1;0.0;1.0;1.0;height >= 30 AND source_distance == 0 AND b > 10;height >= 30 AND source_distance == 0;0.31034482758620685;1.0;0.6896551724137931;0.2298850574712644;behavior_3
Desired_73;candidate;b > 10;battery >= 10 AND satellite_count >= 7 AND wind_speed <= 36;1.0;0.0;-1.0;takeoff == 1;takeoff == 1;0.0;1.0;1.0;height >= 30 AND a > 10 AND b > 10;height >= 30 AND source_distance == 0;0.6551724137931034;1.0;0.3448275862068966;0.1149425287356322;behavior_3
Desired_74;candidate;b > 10;battery >= 10 AND satellite_count >= 7 AND wind_speed <= 36;1.0;0.0;-1.0;takeoff == 1;takeoff == 1;0.0;1.0;1.0;source_distance == 0 AND a > 10 AND b > 10;height >= 30 AND source_distance == 0;0.6551724137931034;1.0;0.3448275862068966;0.1149425287356322;behavior_3
Desired_75;candidate;b > 10;battery >= 10 AND satellite_count >= 7 AND wind_speed <= 36;1.0;0.0;-1.0;takeoff == 1;takeoff == 1;0.0;1.0;1.0;height >= 30 AND source_distance == 0 AND a > 10 AND b > 10;height >= 30 AND source_distance == 0;0.4736842105263158;1.0;0.5263157894736842;0.17543859649122806;behavior_3
Desired_76;candidate;battery >= 10 AND satellite_count >= 7;battery >= 10 AND satellite_count >= 7 AND wind_speed <= 36;0.04761904761904767;1.0;0.9523809523809523;takeoff == 1;takeoff == 1;0.0;1.0;1.0;height >= 30;height >= 30 AND source_distance == 0;0.09090909090909094;1.0;0.9090909090909091;0.9538239538239538;behavior_3
Desired_77;candidate;battery >= 10 AND satellite_count >= 7;battery >= 10 AND satellite_count >= 7 AND wind_speed <= 36;0.04761904761904767;1.0;0.9523809523809523;takeoff == 1;takeoff == 1;0.0;1.0;1.0;source_distance == 0;height >= 30 AND source_distance == 0;0.09090909090909094;1.0;0.9090909090909091;0.9538239538239538;behavior_3
Desired_78;candidate;battery >= 10 AND satellite_count >= 7;battery >= 10 AND satellite_count >= 7 AND wind_speed <= 36;0.04761904761904767;1.0;0.9523809523809523;takeoff == 1;takeoff == 1;0.0;1.0;1.0;a > 10;height >= 30 AND source_distance == 0;1.0;0.0;-1.0;0.31746031746031744;behavior_3
Desired_79;candidate;battery >= 10 AND satellite_count >= 7;battery >= 10 AND satellite_count >= 7 AND wind_speed <= 36;0.04761904761904767;1.0;0.9523809523809523;takeoff == 1;takeoff == 1;0.0;1.0;1.0;b > 10;height >= 30 AND source_distance == 0;1.0;0.0;-1.0;0.31746031746031744;behavior_3
Desired_80;candidate;battery >= 10 AND satellite_count >= 7;battery >= 10 AND satellite_count >= 7 AND wind_speed <= 36;0.04761904761904767;1.0;0.9523809523809523;takeoff == 1;takeoff == 1;0.0;1.0;1.0;height >= 30 AND source_distance == 0;height >= 30 AND source_distance == 0;0.0;1.0;1.0;0.9841269841269842;behavior_3
Desired_81;candidate;battery >= 10 AND satellite_count >= 7;battery >= 10 AND satellite_count >= 7 AND wind_speed <= 36;0.04761904761904767;1.0;0.9523809523809523;takeoff == 1;takeoff == 1;0.0;1.0;1.0;height >= 30 AND a > 10;height >= 30 AND source_distance == 0;0.5;1.0;0.5;0.8174603174603176;behavior_3
Desired_82;candidate;battery >= 10 AND satellite_count >= 7;battery >= 10 AND satellite_count >= 7 AND wind_speed <= 36;0.04761904761904767;1.0;0.9523809523809523;takeoff == 1;takeoff == 1;0.0;1.0;1.0;height >= 30 AND b > 10;height >= 30 AND source_distance == 0;0.5;1.0;0.5;0.8174603174603176;behavior_3
Desired_83;candidate;battery >= 10 AND satellite_count >= 7;battery >= 10 AND satellite_count >= 7 AND wind_speed <= 36;0.04761904761904767;1.0;0.9523809523809523;takeoff == 1;takeoff == 1;0.0;1.0;1.0;source_distance == 0 AND a > 10;height >= 30 AND source_distance == 0;0.5;1.0;0.5;0.8174603174603176;behavior_3
Desired_84;candidate;battery >= 10 AND satellite_count >= 7;battery >= 10 AND satellite_count >= 7 AND wind_speed <= 36;0.04761904761904767;1.0;0.9523809523809523;takeoff == 1;takeoff == 1;0.0;1.0;1.0;source_distance == 0 AND b > 10;height >= 30 AND source_distance == 0;0.5;1.0;0.5;0.8174603174603176;behavior_3
Desired_85;candidate;battery >= 10 AND satellite_count >= 7;battery >= 10 AND satellite_count >= 7 AND wind_speed <= 36;0.04761904761904767;1.0;0.9523809523809523;takeoff == 1;takeoff == 1;0.0;1.0;1.0;a > 10 AND b > 10;height >= 30 AND source_distance == 0;1.0;0.0;-1.0;0.31746031746031744;behavior_3
Desired_86;candidate;battery >= 10 AND satellite_count >= 7;battery >= 10 AND satellite_count >= 7 AND wind_speed <= 36;0.04761904761904767;1.0;0.9523809523809523;takeoff == 1;takeoff == 1;0.0;1.0;1.0;height >= 30 AND source_distance == 0 AND a > 10;height >= 30 AND source_distance == 0;0.31034482758620685;1.0;0.6896551724137931;0.8806787082649151;behavior_3
Desired_87;candidate;battery >= 10 AND satellite_count >= 7;battery >= 10 AND satellite_count >= 7 AND wind_speed <= 36;0.04761904761904767;1.0;0.9523809523809523;takeoff == 1;takeoff == 1;0.0;1.0;1.0;height >= 30 AND source_distance == 0 AND b > 10;height >= 30 AND source_distance == 0;0.31034482758620685;1.0;0.6896551724137931;0.8806787082649151;behavior_3
Desired_88;candidate;battery >= 10 AND satellite_count >= 7;battery >= 10 AND satellite_count >= 7 AND wind_speed <= 36;0.04761904761904767;1.0;0.9523809523809523;takeoff == 1;takeoff == 1;0.0;1.0;1.0;height >= 30 AND a > 10 AND b > 10;height >= 30 AND source_distance == 0;0.6551724137931034;1.0;0.3448275862068966;0.765736179529283;behavior_3
Desired_89;candidate;battery >= 10 AND satellite_count >= 7;battery >= 10 AND satellite_count >= 7 AND wind_speed <= 36;0.04761904761904767;1.0;0.9523809523809523;takeoff == 1;takeoff == 1;0.0;1.0;1.0;source_distance == 0 AND a > 10 AND b > 10;height >= 30 AND source_distance == 0;0.6551724137931034;1.0;0.3448275862068966;0.765736179529283;behavior_3
Desired_90;candidate;battery >= 10 AND satellite_count >= 7;battery >= 10 AND satellite_count >= 7 AND wind_speed <= 36;0.04761904761904767;1.0;0.9523809523809523;takeoff == 1;takeoff == 1;0.0;1.0;1.0;height >= 30 AND source_distance == 0 AND a > 10 AND b > 10;height >= 30 AND source_distance == 0;0.4736842105263158;1.0;0.5263157894736842;0.8262322472848789;behavior_3
Desired_91;candidate;battery >= 10 AND wind_speed <= 36;battery >= 10 AND satellite_count >= 7 AND wind_speed <= 36;0.04761904761904767;1.0;0.9523809523809523;takeoff == 1;takeoff == 1;0.0;1.0;1.0;height >= 30;height >= 30 AND source_distance == 0;0.09090909090909094;1.0;0.9090909090909091;0.9538239538239538;behavior_3
Desired_92;candidate;battery >= 10 AND wind_speed <= 36;battery >= 10 AND satellite_count >= 7 AND wind_speed <= 36;0.04761904761904767;1.0;0.9523809523809523;takeoff == 1;takeoff == 1;0.0;1.0;1.0;source_distance == 0;height >= 30 AND source_distance == 0;0.09090909090909094;1.0;0.9090909090909091;0.9538239538239538;behavior_3
Desired_93;candidate;battery >= 10 AND wind_speed <= 36;battery >= 10 AND satellite_count >= 7 AND wind_speed <= 36;0.04761904761904767;1.0;0.9523809523809523;takeoff == 1;takeoff == 1;0.0;1.0;1.0;a > 10;height >= 30 AND source_distance == 0;1.0;0.0;-1.0;0.31746031746031744;behavior_3
Desired_94;candidate;battery >= 10 AND wind_speed <= 36;battery >= 10 AND satellite_count >= 7 AND wind_speed <= 36;0.04761904761904767;1.0;0.9523809523809523;takeoff == 1;takeoff == 1;0.0;1.0;1.0;b > 10;height >= 30 AND source_distance == 0;1.0;0.0;-1.0;0.31746031746031744;behavior_3
Desired_95;candidate;battery >= 10 AND wind_speed <= 36;battery >= 10 AND satellite_count >= 7 AND wind_speed <= 36;0.04761904761904767;1.0;0.9523809523809523;takeoff == 1;takeoff == 1;0.0;1.0;1.0;height >= 30 AND source_distance == 0;height >= 30 AND source_distance == 0;0.0;1.0;1.0;0.9841269841269842;behavior_3
Desired_96;candidate;battery >= 10 AND wind_speed <= 36;battery >= 10 AND satellite_count >= 7 AND wind_speed <= 36;0.04761904761904767;1.0;0.9523809523809523;takeoff == 1;takeoff == 1;0.0;1.0;1.0;height >= 30 AND a > 10;height >= 30 AND source_distance == 0;0.5;1.0;0.5;0.8174603174603176;behavior_3
Desired_97;candidate;battery >= 10 AND wind_speed <= 36;battery >= 10 AND satellite_count >= 7 AND wind_speed <= 36;0.04761904761904767;1.0;0.9523809523809523;takeoff == 1;takeoff == 1;0.0;1.0;1.0;height >= 30 AND b > 10;height >= 30 AND source_distance == 0;0.5;1.0;0.5;0.8174603174603176;behavior_3
Desired_98;candidate;battery >= 10 AND wind_speed <= 36;battery >= 10 AND satellite_count >= 7 AND wind_speed <= 36;0.04761904761904767;1.0;0.9523809523809523;takeoff == 1;takeoff == 1;0.0;1.0;1.0;source_distance == 0 AND a > 10;height >= 30 AND source_distance == 0;0.5;1.0;0.5;0.8174603174603176;behavior_3
Desired_99;candidate;battery >= 10 AND wind_speed <= 36;battery >= 10 AND satellite_count >= 7 AND wind_speed <= 36;0.04761904761904767;1.0;0.9523809523809523;takeoff == 1;takeoff == 1;0.0;1.0;1.0;source_distance == 0 AND b > 10;height >= 30 AND source_distance == 0;0.5;1.0;0.5;0.8174603174603176;behavior_3
Desired_100;candidate;battery >= 10 AND wind_speed <= 36;battery >= 10 AND satellite_count >= 7 AND wind_speed <= 36;0.04761904761904767;1.0;0.9523809523809523;takeoff == 1;takeoff == 1;0.0;1.0;1.0;a > 10 AND b > 10;height >= 30 AND source_distance == 0;1.0;0.0;-1.0;0.31746031746031744;behavior_3
Desired_101;candidate;battery >= 10 AND wind_speed <= 36;battery >= 10 AND satellite_count >= 7 AND wind_speed <= 36;0.04761904761904767;1.0;0.9523809523809523;takeoff == 1;takeoff == 1;0.0;1.0;1.0;height >= 30 AND source_distance == 0 AND a > 10;height >= 30 AND source_distance == 0;0.31034482758620685;1.0;0.6896551724137931;0.8806787082649151;behavior_3
Desired_102;candidate;battery >= 10 AND wind_speed <= 36;battery >= 10 AND satellite_count >= 7 AND wind_speed <= 36;0.04761904761904767;1.0;0.9523809523809523;takeoff == 1;takeoff == 1;0.0;1.0;1.0;height >= 30 AND source_distance == 0 AND b > 10;height >= 30 AND source_distance == 0;0.31034482758620685;1.0;0.6896551724137931;0.8806787082649151;behavior_3
Desired_103;candidate;battery >= 10 AND wind_speed <= 36;battery >= 10 AND satellite_count >= 7 AND wind_speed <= 36;0.04761904761904767;1.0;0.9523809523809523;takeoff == 1;takeoff == 1;0.0;1.0;1.0;height >= 30 AND a > 10 AND b > 10;height >= 30 AND source_distance == 0;0.6551724137931034;1.0;0.3448275862068966;0.765736179529283;behavior_3
Desired_104;candidate;battery >= 10 AND wind_speed <= 36;battery >= 10 AND satellite_count >= 7 AND wind_speed <= 36;0.04761904761904767;1.0;0.9523809523809523;takeoff == 1;takeoff == 1;0.0;1.0;1.0;source_distance == 0 AND a > 10 AND b > 10;height >= 30 AND source_distance == 0;0.6551724137931034;1.0;0.3448275862068966;0.765736179529283;behavior_3
Desired_105;candidate;battery >= 10 AND wind_speed <= 36;battery >= 10 AND satellite_count >= 7 AND wind_speed <= 36;0.04761904761904767;1.0;0.9523809523809523;takeoff == 1;takeoff == 1;0.0;1.0;1.0;height >= 30 AND source_distance == 0 AND a > 10 AND b > 10;height >= 30 AND source_distance == 0;0.4736842105263158;1.0;0.5263157894736842;0.8262322472848789;behavior_3
Desired_106;candidate;battery >= 10 AND a > 10;battery >= 10 AND satellite_count >= 7 AND wind_speed <= 36;0.5238095238095238;1.0;0.47619047619047616;takeoff == 1;takeoff == 1;0.0;1.0;1.0;height >= 30;height >= 30 AND source_distance == 0;0.09090909090909094;1.0;0.9090909090909091;0.7950937950937952;behavior_3
Desired_107;candidate;battery >= 10 AND a > 10;battery >= 10 AND satellite_count >= 7 AND wind_speed <= 36;0.5238095238095238;1.0;0.47619047619047616;takeoff == 1;takeoff == 1;0.0;1.0;1.0;source_distance == 0;height >= 30 AND source_distance == 0;0.09090909090909094;1.0;0.9090909090909091;0.7950937950937952;behavior_3
Desired_108;candidate;battery >= 10 AND a > 10;battery >= 10 AND satellite_count >= 7 AND wind_speed <= 36;0.5238095238095238;1.0;0.47619047619047616;takeoff == 1;takeoff == 1;0.0;1.0;1.0;a > 10;height >= 30 AND source_distance == 0;1.0;0.0;-1.0;0.15873015873015875;behavior_3
Desired_109;candidate;battery >= 10 AND a > 10;battery >= 10 AND satellite_count >= 7 AND wind_speed <= 36;0.5238095238095238;1.0;0.47619047619047616;takeoff == 1;takeoff == 1;0.0;1.0;1.0;b > 10;height >= 30 AND source_distance == 0;1.0;0.0;-1.0;0.15873015873015875;behavior_3
Desired_110;candidate;battery >= 10 AND a > 10;battery >= 10 AND satellite_count >= 7 AND wind_speed <= 36;0.5238095238095238;1.0;0.47619047619047616;takeoff == 1;takeoff == 1;0.0;1.0;1.0;height >= 30 AND source_distance == 0;height >= 30 AND source_distance == 0;0.0;1.0;1.0;0.8253968253968255;behavior_3
Desired_111;candidate;battery >= 10 AND a > 10;battery >= 10 AND satellite_count >= 7 AND wind_speed <= 36;0.5238095238095238;1.0;0.47619047619047616;takeoff == 1;takeoff == 1;0.0;1.0;1.0;height >= 30 AND a > 10;height >= 30 AND source_distance == 0;0.5;1.0;0.5;0.6587301587301587;behavior_3
Desired_112;candidate;battery >= 10 AND a > 10;battery >= 10 AND satellite_count >= 7 AND wind_speed <= 36;0.5238095238095238;1.0;0.47619047619047616;takeoff == 1;takeoff == 1;0.0;1.0;1.0;height >= 30 AND b > 10;height >= 30 AND source_distance == 0;0.5;1.0;0.5;0.6587301587301587;behavior_3
Desired_113;candidate;battery >= 10 AND a > 10;battery >= 10 AND satellite_count >= 7 AND wind_speed <= 36;0.5238095238095238;1.0;0.47619047619047616;takeoff == 1;takeoff == 1;0.0;1.0;1.0;source_distance == 0 AND a > 10;height >= 30 AND source_distance == 0;0.5;1.0;0.5;0.6587301587301587;behavior_3
Desired_114;candidate;battery >= 10 AND a > 10;battery >= 10 AND satellite_count >= 7 AND wind_speed <= 36;0.5238095238095238;1.0;0.47619047619047616;takeoff == 1;takeoff == 1;0.0;1.0;1.0;source_distance == 0 AND b > 10;height >= 30 AND source_distance == 0;0.5;1.0;0.5;0.6587301587301587;behavior_3
Desired_115;candidate;battery >= 10 AND a > 10;battery >= 10 AND satellite_count >= 7 AND wind_speed <= 36;0.5238095238095238;1.0;0.47619047619047616;takeoff == 1;takeoff == 1;0.0;1.0;1.0;a > 10 AND b > 10;height >= 30 AND source_distance == 0;1.0;0.0;-1.0;0.15873015873015875;behavior_3
Desired_116;candidate;battery >= 10 AND a > 10;battery >= 10 AND satellite_count >= 7 AND wind_speed <= 36;0.5238095238095238;1.0;0.47619047619047616;takeoff == 1;takeoff == 1;0.0;1.0;1.0;height >= 30 AND source_distance == 0 AND a > 10;height >= 30 AND source_distance == 0;0.31034482758620685;1.0;0.6896551724137931;0.7219485495347565;behavior_3
Desired_117;candidate;battery >= 10 AND a > 10;battery >= 10 AND satellite_count >= 7 AND wind_speed <= 36;0.5238095238095238;1.0;0.47619047619047616;takeoff == 1;takeoff == 1;0.0;1.0;1.0;height >= 30 AND source_distance == 0 AND b > 10;height >= 30 AND source_distance == 0;0.31034482758620685;1.0;0.6896551724137931;0.7219485495347565;behavior_3
Desired_118;candidate;battery >= 10 AND a > 10;battery >= 10 AND satellite_count >= 7 AND wind_speed <= 36;0.5238095238095238;1.0;0.47619047619047616;takeoff == 1;takeoff == 1;0.0;1.0;1.0;height >= 30 AND a > 10 AND b > 10;height >= 30 AND source_distance == 0;0.6551724137931034;1.0;0.3448275862068966;0.6070060207991242;behavior_3
Desired_119;candidate;battery >= 10 AND a > 10;battery >= 10 AND satellite_count >= 7 AND wind_speed <= 36;0.5238095238095238;1.0;0.47619047619047616;takeoff == 1;takeoff == 1;0.0;1.0;1.0;source_distance == 0 AND a > 10 AND b > 10;height >= 30 AND source_distance == 0;0.6551724137931034;1.0;0.3448275862068966;0.6070060207991242;behavior_3
Desired_120;candidate;battery >= 10 AND a > 10;battery >= 10 AND satellite_count >= 7 AND wind_speed <= 36;0.5238095238095238;1.0;0.47619047619047616;takeoff == 1;takeoff == 1;0.0;1.0;1.0;height >= 30 AND source_distance == 0 AND a > 10 AND b > 10;height >= 30 AND source_distance == 0;0.4736842105263158;1.0;0.5263157894736842;0.6675020885547202;behavior_3
Desired_121;candidate;battery >= 10 AND b > 10;battery >= 10 AND satellite_count >= 7 AND wind_speed <= 36;0.5238095238095238;1.0;0.47619047619047616;takeoff == 1;takeoff == 1;0.0;1.0;1.0;height >= 30;height >= 30 AND source_distance == 0;0.09090909090909094;1.0;0.9090909090909091;0.7950937950937952;behavior_3
Desired_122;candidate;battery >= 10 AND b > 10;battery >= 10 AND satellite_count >= 7 AND wind_speed <= 36;0.5238095238095238;1.0;0.47619047619047616;takeoff == 1;takeoff == 1;0.0;1.0;1.0;source_distance == 0;height >= 30 AND source_distance == 0;0.09090909090909094;1.0;0.9090909090909091;0.7950937950937952;behavior_3
Desired_123;candidate;battery >= 10 AND b > 10;battery >= 10 AND satellite_count >= 7 AND wind_speed <= 36;0.5238095238095238;1.0;0.47619047619047616;takeoff == 1;takeoff == 1;0.0;1.0;1.0;a > 10;height >= 30 AND source_distance == 0;1.0;0.0;-1.0;0.15873015873015875;behavior_3
Desired_124;candidate;battery >= 10 AND b > 10;battery >= 10 AND satellite_count >= 7 AND wind_speed <= 36;0.5238095238095238;1.0;0.47619047619047616;takeoff == 1;takeoff == 1;0.0;1.0;1.0;b > 10;height >= 30 AND source_distance == 0;1.0;0.0;-1.0;0.15873015873015875;behavior_3
Desired_125;candidate;battery >= 10 AND b > 10;battery >= 10 AND satellite_count >= 7 AND wind_speed <= 36;0.5238095238095238;1.0;0.47619047619047616;takeoff == 1;takeoff == 1;0.0;1.0;1.0;height >= 30 AND source_distance == 0;height >= 30 AND source_distance == 0;0.0;1.0;1.0;0.8253968253968255;behavior_3
Desired_126;candidate;battery >= 10 AND b > 10;battery >= 10 AND satellite_count >= 7 AND wind_speed <= 36;0.5238095238095238;1.0;0.47619047619047616;takeoff == 1;takeoff == 1;0.0;1.0;1.0;height >= 30 AND a > 10;height >= 30 AND source_distance == 0;0.5;1.0;0.5;0.6587301587301587;behavior_3
Desired_127;candidate;battery >= 10 AND b > 10;battery >= 10 AND satellite_count >= 7 AND wind_speed <= 36;0.5238095238095238;1.0;0.47619047619047616;takeoff == 1;takeoff == 1;0.0;1.0;1.0;height >= 30 AND b > 10;height >= 30 AND source_distance == 0;0.5;1.0;0.5;0.6587301587301587;behavior_3
Desired_128;candidate;battery >= 10 AND b > 10;battery >= 10 AND satellite_count >= 7 AND wind_speed <= 36;0.5238095238095238;1.0;0.47619047619047616;takeoff == 1;takeoff == 1;0.0;1.0;1.0;source_distance == 0 AND a > 10;height >= 30 AND source_distance == 0;0.5;1.0;0.5;0.6587301587301587;behavior_3
Desired_129;candidate;battery >= 10 AND b > 10;battery >= 10 AND satellite_count >= 7 AND wind_speed <= 36;0.5238095238095238;1.0;0.47619047619047616;takeoff == 1;takeoff == 1;0.0;1.0;1.0;source_distance == 0 AND b > 10;height >= 30 AND source_distance == 0;0.5;1.0;0.5;0.6587301587301587;behavior_3
Desired_130;candidate;battery >= 10 AND b > 10;battery >= 10 AND satellite_count >= 7 AND wind_speed <= 36;0.5238095238095238;1.0;0.47619047619047616;takeoff == 1;takeoff == 1;0.0;1.0;1.0;a > 10 AND b > 10;height >= 30 AND source_distance == 0;1.0;0.0;-1.0;0.15873015873015875;behavior_3
Desired_131;candidate;battery >= 10 AND b > 10;battery >= 10 AND satellite_count >= 7 AND wind_speed <= 36;0.5238095238095238;1.0;0.47619047619047616;takeoff == 1;takeoff == 1;0.0;1.0;1.0;height >= 30 AND source_distance == 0 AND a > 10;height >= 30 AND source_distance == 0;0.31034482758620685;1.0;0.6896551724137931;0.7219485495347565;behavior_3
Desired_132;candidate;battery >= 10 AND b > 10;battery >= 10 AND satellite_count >= 7 AND wind_speed <= 36;0.5238095238095238;1.0;0.47619047619047616;takeoff == 1;takeoff == 1;0.0;1.0;1.0;height >= 30 AND source_distance == 0 AND b > 10;height >= 30 AND source_distance == 0;0.31034482758620685;1.0;0.6896551724137931;0.7219485495347565;behavior_3
Desired_133;candidate;battery >= 10 AND b > 10;battery >= 10 AND satellite_count >= 7 AND wind_speed <= 36;0.5238095238095238;1.0;0.47619047619047616;takeoff == 1;takeoff == 1;0.0;1.0;1.0;height >= 30 AND a > 10 AND b > 10;height >= 30 AND source_distance == 0;0.6551724137931034;1.0;0.3448275862068966;0.6070060207991242;behavior_3
Desired_134;candidate;battery >= 10 AND b > 10;battery >= 10 AND satellite_count >= 7 AND wind_speed <= 36;0.5238095238095238;1.0;0.47619047619047616;takeoff == 1;takeoff == 1;0.0;1.0;1.0;source_distance == 0 AND a > 10 AND b > 10;height >= 30 AND source_distance == 0;0.6551724137931034;1.0;0.3448275862068966;0.6070060207991242;behavior_3
Desired_135;candidate;battery >= 10 AND b > 10;battery >= 10 AND satellite_count >= 7 AND wind_speed <= 36;0.5238095238095238;1.0;0.47619047619047616;takeoff == 1;takeoff == 1;0.0;1.0;1.0;height >= 30 AND source_distance == 0 AND a > 10 AND b > 10;height >= 30 AND source_distance == 0;0.4736842105263158;1.0;0.5263157894736842;0.6675020885547202;behavior_3
Desired_136;candidate;satellite_count >= 7 AND wind_speed <= 36;battery >= 10 AND satellite_count >= 7 AND wind_speed <= 36;0.04761904761904767;1.0;0.9523809523809523;takeoff == 1;takeoff == 1;0.0;1.0;1.0;height >= 30;height >= 30 AND source_distance == 0;0.09090909090909094;1.0;0.9090909090909091;0.9538239538239538;behavior_3
Desired_137;candidate;satellite_count >= 7 AND wind_speed <= 36;battery >= 10 AND satellite_count >= 7 AND wind_speed <= 36;0.04761904761904767;1.0;0.9523809523809523;takeoff == 1;takeoff == 1;0.0;1.0;1.0;source_distance == 0;height >= 30 AND source_distance == 0;0.09090909090909094;1.0;0.9090909090909091;0.9538239538239538;behavior_3
Desired_138;candidate;satellite_count >= 7 AND wind_speed <= 36;battery >= 10 AND satellite_count >= 7 AND wind_speed <= 36;0.04761904761904767;1.0;0.9523809523809523;takeoff == 1;takeoff == 1;0.0;1.0;1.0;a > 10;height >= 30 AND source_distance == 0;1.0;0.0;-1.0;0.31746031746031744;behavior_3
Desired_139;candidate;satellite_count >= 7 AND wind_speed <= 36;battery >= 10 AND satellite_count >= 7 AND wind_speed <= 36;0.04761904761904767;1.0;0.9523809523809523;takeoff == 1;takeoff == 1;0.0;1.0;1.0;b > 10;height >= 30 AND source_distance == 0;1.0;0.0;-1.0;0.31746031746031744;behavior_3
Desired_140;candidate;satellite_count >= 7 AND wind_speed <= 36;battery >= 10 AND satellite_count >= 7 AND wind_speed <= 36;0.04761904761904767;1.0;0.9523809523809523;takeoff == 1;takeoff == 1;0.0;1.0;1.0;height >= 30 AND source_distance == 0;height >= 30 AND source_distance == 0;0.0;1.0;1.0;0.9841269841269842;behavior_3
Desired_141;candidate;satellite_count >= 7 AND wind_speed <= 36;battery >= 10 AND satellite_count >= 7 AND wind_speed <= 36;0.04761904761904767;1.0;0.9523809523809523;takeoff == 1;takeoff == 1;0.0;1.0;1.0;height >= 30 AND a > 10;height >= 30 AND source_distance == 0;0.5;1.0;0.5;0.8174603174603176;behavior_3
Desired_142;candidate;satellite_count >= 7 AND wind_speed <= 36;battery >= 10 AND satellite_count >= 7 AND wind_speed <= 36;0.04761904761904767;1.0;0.9523809523809523;takeoff == 1;takeoff == 1;0.0;1.0;1.0;height >= 30 AND b > 10;height >= 30 AND source_distance == 0;0.5;1.0;0.5;0.8174603174603176;behavior_3
Desired_143;candidate;satellite_count >= 7 AND wind_speed <= 36;battery >= 10 AND satellite_count >= 7 AND wind_speed <= 36;0.04761904761904767;1.0;0.9523809523809523;takeoff == 1;takeoff == 1;0.0;1.0;1.0;source_distance == 0 AND a > 10;height >= 30 AND source_distance == 0;0.5;1.0;0.5;0.8174603174603176;behavior_3
Desired_144;candidate;satellite_count >= 7 AND wind_speed <= 36;battery >= 10 AND satellite_count >= 7 AND wind_speed <= 36;0.04761904761904767;1.0;0.9523809523809523;takeoff == 1;takeoff == 1;0.0;1.0;1.0;source_distance == 0 AND b > 10;height >= 30 AND source_distance == 0;0.5;1.0;0.5;0.8174603174603176;behavior_3
Desired_145;candidate;satellite_count >= 7 AND wind_speed <= 36;battery >= 10 AND satellite_count >= 7 AND wind_speed <= 36;0.04761904761904767;1.0;0.9523809523809523;takeoff == 1;takeoff == 1;0.0;1.0;1.0;a > 10 AND b > 10;height >= 30 AND source_distance == 0;1.0;0.0;-1.0;0.31746031746031744;behavior_3
Desired_146;candidate;satellite_count >= 7 AND wind_speed <= 36;battery >= 10 AND satellite_count >= 7 AND wind_speed <= 36;0.04761904761904767;1.0;0.9523809523809523;takeoff == 1;takeoff == 1;0.0;1.0;1.0;height >= 30 AND source_distance == 0 AND a > 10;height >= 30 AND source_distance == 0;0.31034482758620685;1.0;0.6896551724137931;0.8806787082649151;behavior_3
Desired_147;candidate;satellite_count >= 7 AND wind_speed <= 36;battery >= 10 AND satellite_count >= 7 AND wind_speed <= 36;0.04761904761904767;1.0;0.9523809523809523;takeoff == 1;takeoff == 1;0.0;1.0;1.0;height >= 30 AND source_distance == 0 AND b > 10;height >= 30 AND source_distance == 0;0.31034482758620685;1.0;0.6896551724137931;0.8806787082649151;behavior_3
Desired_148;candidate;satellite_count >= 7 AND wind_speed <= 36;battery >= 10 AND satellite_count >= 7 AND wind_speed <= 36;0.04761904761904767;1.0;0.9523809523809523;takeoff == 1;takeoff == 1;0.0;1.0;1.0;height >= 30 AND a > 10 AND b > 10;height >= 30 AND source_distance == 0;0.6551724137931034;1.0;0.3448275862068966;0.765736179529283;behavior_3
Desired_149;candidate;satellite_count >= 7 AND wind_speed <= 36;battery >= 10 AND satellite_count >= 7 AND wind_speed <= 36;0.04761904761904767;1.0;0.9523809523809523;takeoff == 1;takeoff == 1;0.0;1.0;1.0;source_distance == 0 AND a > 10 AND b > 10;height >= 30 AND source_distance == 0;0.6551724137931034;1.0;0.3448275862068966;0.765736179529283;behavior_3
Desired_150;candidate;satellite_count >= 7 AND wind_speed <= 36;battery >= 10 AND satellite_count >= 7 AND wind_speed <= 36;0.04761904761904767;1.0;0.9523809523809523;takeoff == 1;takeoff == 1;0.0;1.0;1.0;height >= 30 AND source_distance == 0 AND a > 10 AND b > 10;height >= 30 AND source_distance == 0;0.4736842105263158;1.0;0.5263157894736842;0.8262322472848789;behavior_3
Desired_151;candidate;satellite_count >= 7 AND a > 10;battery >= 10 AND satellite_count >= 7 AND wind_speed <= 36;0.5238095238095238;1.0;0.47619047619047616;takeoff == 1;takeoff == 1;0.0;1.0;1.0;height >= 30;height >= 30 AND source_distance == 0;0.09090909090909094;1.0;0.9090909090909091;0.7950937950937952;behavior_3
Desired_152;candidate;satellite_count >= 7 AND a > 10;battery >= 10 AND satellite_count >= 7 AND wind_speed <= 36;0.5238095238095238;1.0;0.47619047619047616;takeoff == 1;takeoff == 1;0.0;1.0;1.0;source_distance == 0;height >= 30 AND source_distance == 0;0.09090909090909094;1.0;0.9090909090909091;0.7950937950937952;behavior_3
Desired_153;candidate;satellite_count >= 7 AND a > 10;battery >= 10 AND satellite_count >= 7 AND wind_speed <= 36;0.5238095238095238;1.0;0.47619047619047616;takeoff == 1;takeoff == 1;0.0;1.0;1.0;a > 10;height >= 30 AND source_distance == 0;1.0;0.0;-1.0;0.15873015873015875;behavior_3
Desired_154;candidate;satellite_count >= 7 AND a > 10;battery >= 10 AND satellite_count >= 7 AND wind_speed <= 36;0.5238095238095238;1.0;0.47619047619047616;takeoff == 1;takeoff == 1;0.0;1.0;1.0;b > 10;height >= 30 AND source_distance == 0;1.0;0.0;-1.0;0.15873015873015875;behavior_3
Desired_155;candidate;satellite_count >= 7 AND a > 10;battery >= 10 AND satellite_count >= 7 AND wind_speed <= 36;0.5238095238095238;1.0;0.47619047619047616;takeoff == 1;takeoff == 1;0.0;1.0;1.0;height >= 30 AND source_distance == 0;height >= 30 AND source_distance == 0;0.0;1.0;1.0;0.8253968253968255;behavior_3
Desired_156;candidate;satellite_count >= 7 AND a > 10;battery >= 10 AND satellite_count >= 7 AND wind_speed <= 36;0.5238095238095238;1.0;0.47619047619047616;takeoff == 1;takeoff == 1;0.0;1.0;1.0;height >= 30 AND a > 10;height >= 30 AND source_distance == 0;0.5;1.0;0.5;0.6587301587301587;behavior_3
Desired_157;candidate;satellite_count >= 7 AND a > 10;battery >= 10 AND satellite_count >= 7 AND wind_speed <= 36;0.5238095238095238;1.0;0.47619047619047616;takeoff == 1;takeoff == 1;0.0;1.0;1.0;height >= 30 AND b > 10;height >= 30 AND source_distance == 0;0.5;1.0;0.5;0.6587301587301587;behavior_3
Desired_158;candidate;satellite_count >= 7 AND a > 10;battery >= 10 AND satellite_count >= 7 AND wind_speed <= 36;0.5238095238095238;1.0;0.47619047619047616;takeoff == 1;takeoff == 1;0.0;1.0;1.0;source_distance == 0 AND a > 10;height >= 30 AND source_distance == 0;0.5;1.0;0.5;0.6587301587301587;behavior_3
Desired_159;candidate;satellite_count >= 7 AND a > 10;battery >= 10 AND satellite_count >= 7 AND wind_speed <= 36;0.5238095238095238;1.0;0.47619047619047616;takeoff == 1;takeoff == 1;0.0;1.0;1.0;source_distance == 0 AND b > 10;height >= 30 AND source_distance == 0;0.5;1.0;0.5;0.6587301587301587;behavior_3
Desired_160;candidate;satellite_count >= 7 AND a > 10;battery >= 10 AND satellite_count >= 7 AND wind_speed <= 36;0.5238095238095238;1.0;0.47619047619047616;takeoff == 1;takeoff == 1;0.0;1.0;1.0;a > 10 AND b > 10;height >= 30 AND source_distance == 0;1.0;0.0;-1.0;0.15873015873015875;behavior_3
Desired_161;candidate;satellite_count >= 7 AND a > 10;battery >= 10 AND satellite_count >= 7 AND wind_speed <= 36;0.5238095238095238;1.0;0.47619047619047616;takeoff == 1;takeoff == 1;0.0;1.0;1.0;height >= 30 AND source_distance == 0 AND a > 10;height >= 30 AND source_distance == 0;0.31034482758620685;1.0;0.6896551724137931;0.7219485495347565;behavior_3
Desired_162;candidate;satellite_count >= 7 AND a > 10;battery >= 10 AND satellite_count >= 7 AND wind_speed <= 36;0.5238095238095238;1.0;0.47619047619047616;takeoff == 1;takeoff == 1;0.0;1.0;1.0;height >= 30 AND source_distance == 0 AND b > 10;height >= 30 AND source_distance == 0;0.31034482758620685;1.0;0.6896551724137931;0.7219485495347565;behavior_3
Desired_163;candidate;satellite_count >= 7 AND a > 10;battery >= 10 AND satellite_count >= 7 AND wind_speed <= 36;0.5238095238095238;1.0;0.47619047619047616;takeoff == 1;takeoff == 1;0.0;1.0;1.0;height >= 30 AND a > 10 AND b > 10;height >= 30 AND source_distance == 0;0.6551724137931034;1.0;0.3448275862068966;0.6070060207991242;behavior_3
Desired_164;candidate;satellite_count >= 7 AND a > 10;battery >= 10 AND satellite_count >= 7 AND wind_speed <= 36;0.5238095238095238;1.0;0.47619047619047616;takeoff == 1;takeoff == 1;0.0;1.0;1.0;source_distance == 0 AND a > 10 AND b > 10;height >= 30 AND source_distance == 0;0.6551724137931034;1.0;0.3448275862068966;0.6070060207991242;behavior_3
Desired_165;candidate;satellite_count >= 7 AND a > 10;battery >= 10 AND satellite_count >= 7 AND wind_speed <= 36;0.5238095238095238;1.0;0.47619047619047616;takeoff == 1;takeoff == 1;0.0;1.0;1.0;height >= 30 AND source_distance == 0 AND a > 10 AND b > 10;height >= 30 AND source_distance == 0;0.4736842105263158;1.0;0.5263157894736842;0.6675020885547202;behavior_3
Desired_166;candidate;satellite_count >= 7 AND b > 10;battery >= 10 AND satellite_count >= 7 AND wind_speed <= 36;0.5238095238095238;1.0;0.47619047619047616;takeoff == 1;takeoff == 1;0.0;1.0;1.0;height >= 30;height >= 30 AND source_distance == 0;0.09090909090909094;1.0;0.9090909090909091;0.7950937950937952;behavior_3
Desired_167;candidate;satellite_count >= 7 AND b > 10;battery >= 10 AND satellite_count >= 7 AND wind_speed <= 36;0.5238095238095238;1.0;0.47619047619047616;takeoff == 1;takeoff == 1;0.0;1.0;1.0;source_distance == 0;height >= 30 AND source_distance == 0;0.09090909090909094;1.0;0.9090909090909091;0.7950937950937952;behavior_3
Desired_168;candidate;satellite_count >= 7 AND b > 10;battery >= 10 AND satellite_count >= 7 AND wind_speed <= 36;0.5238095238095238;1.0;0.47619047619047616;takeoff == 1;takeoff == 1;0.0;1.0;1.0;a > 10;height >= 30 AND source_distance == 0;1.0;0.0;-1.0;0.15873015873015875;behavior_3
Desired_169;candidate;satellite_count >= 7 AND b > 10;battery >= 10 AND satellite_count >= 7 AND wind_speed <= 36;0.5238095238095238;1.0;0.47619047619047616;takeoff == 1;takeoff == 1;0.0;1.0;1.0;b > 10;height >= 30 AND source_distance == 0;1.0;0.0;-1.0;0.15873015873015875;behavior_3
Desired_170;candidate;satellite_count >= 7 AND b > 10;battery >= 10 AND satellite_count >= 7 AND wind_speed <= 36;0.5238095238095238;1.0;0.47619047619047616;takeoff == 1;takeoff == 1;0.0;1.0;1.0;height >= 30 AND source_distance == 0;height >= 30 AND source_distance == 0;0.0;1.0;1.0;0.8253968253968255;behavior_3
Desired_171;candidate;satellite_count >= 7 AND b > 10;battery >= 10 AND satellite_count >= 7 AND wind_speed <= 36;0.5238095238095238;1.0;0.47619047619047616;takeoff == 1;takeoff == 1;0.0;1.0;1.0;height >= 30 AND a > 10;height >= 30 AND source_distance == 0;0.5;1.0;0.5;0.6587301587301587;behavior_3
Desired_172;candidate;satellite_count >= 7 AND b > 10;battery >= 10 AND satellite_count >= 7 AND wind_speed <= 36;0.5238095238095238;1.0;0.47619047619047616;takeoff == 1;takeoff == 1;0.0;1.0;1.0;height >= 30 AND b > 10;height >= 30 AND source_distance == 0;0.5;1.0;0.5;0.6587301587301587;behavior_3
Desired_173;candidate;satellite_count >= 7 AND b > 10;battery >= 10 AND satellite_count >= 7 AND wind_speed <= 36;0.5238095238095238;1.0;0.47619047619047616;takeoff == 1;takeoff == 1;0.0;1.0;1.0;source_distance == 0 AND a > 10;height >= 30 AND source_distance == 0;0.5;1.0;0.5;0.6587301587301587;behavior_3
Desired_174;candidate;satellite_count >= 7 AND b > 10;battery >= 10 AND satellite_count >= 7 AND wind_speed <= 36;0.5238095238095238;1.0;0.47619047619047616;takeoff == 1;takeoff == 1;0.0;1.0;1.0;source_distance == 0 AND b > 10;height >= 30 AND source_distance == 0;0.5;1.0;0.5;0.6587301587301587;behavior_3
Desired_175;candidate;satellite_count >= 7 AND b > 10;battery >= 10 AND satellite_count >= 7 AND wind_speed <= 36;0.5238095238095238;1.0;0.47619047619047616;takeoff == 1;takeoff == 1;0.0;1.0;1.0;a > 10 AND b > 10;height >= 30 AND source_distance == 0;1.0;0.0;-1.0;0.15873015873015875;behavior_3
Desired_176;candidate;satellite_count >= 7 AND b > 10;battery >= 10 AND satellite_count >= 7 AND wind_speed <= 36;0.5238095238095238;1.0;0.47619047619047616;takeoff == 1;takeoff == 1;0.0;1.0;1.0;height >= 30 AND source_distance == 0 AND a > 10;height >= 30 AND source_distance == 0;0.31034482758620685;1.0;0.6896551724137931;0.7219485495347565;behavior_3
Desired_177;candidate;satellite_count >= 7 AND b > 10;battery >= 10 AND satellite_count >= 7 AND wind_speed <= 36;0.5238095238095238;1.0;0.47619047619047616;takeoff == 1;takeoff == 1;0.0;1.0;1.0;height >= 30 AND source_distance == 0 AND b > 10;height >= 30 AND source_distance == 0;0.31034482758620685;1.0;0.6896551724137931;0.7219485495347565;behavior_3
Desired_178;candidate;satellite_count >= 7 AND b > 10;battery >= 10 AND satellite_count >= 7 AND wind_speed <= 36;0.5238095238095238;1.0;0.47619047619047616;takeoff == 1;takeoff == 1;0.0;1.0;1.0;height >= 30 AND a > 10 AND b > 10;height >= 30 AND source_distance == 0;0.6551724137931034;1.0;0.3448275862068966;0.6070060207991242;behavior_3
Desired_179;candidate;satellite_count >= 7 AND b > 10;battery >= 10 AND satellite_count >= 7 AND wind_speed <= 36;0.5238095238095238;1.0;0.47619047619047616;takeoff == 1;takeoff == 1;0.0;1.0;1.0;source_distance == 0 AND a > 10 AND b > 10;height >= 30 AND source_distance == 0;0.6551724137931034;1.0;0.3448275862068966;0.6070060207991242;behavior_3
Desired_180;candidate;satellite_count >= 7 AND b > 10;battery >= 10 AND satellite_count >= 7 AND wind_speed <= 36;0.5238095238095238;1.0;0.47619047619047616;takeoff == 1;takeoff == 1;0.0;1.0;1.0;height >= 30 AND source_distance == 0 AND a > 10 AND b > 10;height >= 30 AND source_distance == 0;0.4736842105263158;1.0;0.5263157894736842;0.6675020885547202;behavior_3
Desired_181;candidate;wind_speed <= 36 AND a > 10;battery >= 10 AND satellite_count >= 7 AND wind_speed <= 36;0.5238095238095238;1.0;0.47619047619047616;takeoff == 1;takeoff == 1;0.0;1.0;1.0;height >= 30;height >= 30 AND source_distance == 0;0.09090909090909094;1.0;0.9090909090909091;0.7950937950937952;behavior_3
Desired_182;candidate;wind_speed <= 36 AND a > 10;battery >= 10 AND satellite_count >= 7 AND wind_speed <= 36;0.5238095238095238;1.0;0.47619047619047616;takeoff == 1;takeoff == 1;0.0;1.0;1.0;source_distance == 0;height >= 30 AND source_distance == 0;0.09090909090909094;1.0;0.9090909090909091;0.7950937950937952;behavior_3
Desired_183;candidate;wind_speed <= 36 AND a > 10;battery >= 10 AND satellite_count >= 7 AND wind_speed <= 36;0.5238095238095238;1.0;0.47619047619047616;takeoff == 1;takeoff == 1;0.0;1.0;1.0;a > 10;height >= 30 AND source_distance == 0;1.0;0.0;-1.0;0.15873015873015875;behavior_3
Desired_184;candidate;wind_speed <= 36 AND a > 10;battery >= 10 AND satellite_count >= 7 AND wind_speed <= 36;0.5238095238095238;1.0;0.47619047619047616;takeoff == 1;takeoff == 1;0.0;1.0;1.0;b > 10;height >= 30 AND source_distance == 0;1.0;0.0;-1.0;0.15873015873015875;behavior_3
Desired_185;candidate;wind_speed <= 36 AND a > 10;battery >= 10 AND satellite_count >= 7 AND wind_speed <= 36;0.5238095238095238;1.0;0.47619047619047616;takeoff == 1;takeoff == 1;0.0;1.0;1.0;height >= 30 AND source_distance == 0;height >= 30 AND source_distance == 0;0.0;1.0;1.0;0.8253968253968255;behavior_3
Desired_186;candidate;wind_speed <= 36 AND a > 10;battery >= 10 AND satellite_count >= 7 AND wind_speed <= 36;0.5238095238095238;1.0;0.47619047619047616;takeoff == 1;takeoff == 1;0.0;1.0;1.0;height >= 30 AND a > 10;height >= 30 AND source_distance == 0;0.5;1.0;0.5;0.6587301587301587;behavior_3
Desired_187;candidate;wind_speed <= 36 AND a > 10;battery >= 10 AND satellite_count >= 7 AND wind_speed <= 36;0.5238095238095238;1.0;0.47619047619047616;takeoff == 1;takeoff == 1;0.0;1.0;1.0;height >= 30 AND b > 10;height >= 30 AND source_distance == 0;0.5;1.0;0.5;0.6587301587301587;behavior_3
Desired_188;candidate;wind_speed <= 36 AND a > 10;battery >= 10 AND satellite_count >= 7 AND wind_speed <= 36;0.5238095238095238;1.0;0.47619047619047616;takeoff == 1;takeoff == 1;0.0;1.0;1.0;source_distance == 0 AND a > 10;height >= 30 AND source_distance == 0;0.5;1.0;0.5;0.6587301587301587;behavior_3
Desired_189;candidate;wind_speed <= 36 AND a > 10;battery >= 10 AND satellite_count >= 7 AND wind_speed <= 36;0.5238095238095238;1.0;0.47619047619047616;takeoff == 1;takeoff == 1;0.0;1.0;1.0;source_distance == 0 AND b > 10;height >= 30 AND source_distance == 0;0.5;1.0;0.5;0.6587301587301587;behavior_3
Desired_190;candidate;wind_speed <= 36 AND a > 10;battery >= 10 AND satellite_count >= 7 AND wind_speed <= 36;0.5238095238095238;1.0;0.47619047619047616;takeoff == 1;takeoff == 1;0.0;1.0;1.0;a > 10 AND b > 10;height >= 30 AND source_distance == 0;1.0;0.0;-1.0;0.15873015873015875;behavior_3
Desired_191;candidate;wind_speed <= 36 AND a > 10;battery >= 10 AND satellite_count >= 7 AND wind_speed <= 36;0.5238095238095238;1.0;0.47619047619047616;takeoff == 1;takeoff == 1;0.0;1.0;1.0;height >= 30 AND source_distance == 0 AND a > 10;height >= 30 AND source_distance == 0;0.31034482758620685;1.0;0.6896551724137931;0.7219485495347565;behavior_3
Desired_192;candidate;wind_speed <= 36 AND a > 10;battery >= 10 AND satellite_count >= 7 AND wind_speed <= 36;0.5238095238095238;1.0;0.47619047619047616;takeoff == 1;takeoff == 1;0.0;1.0;1.0;height >= 30 AND source_distance == 0 AND b > 10;height >= 30 AND source_distance == 0;0.31034482758620685;1.0;0.6896551724137931;0.7219485495347565;behavior_3
Desired_193;candidate;wind_speed <= 36 AND a > 10;battery >= 10 AND satellite_count >= 7 AND wind_speed <= 36;0.5238095238095238;1.0;0.47619047619047616;takeoff == 1;takeoff == 1;0.0;1.0;1.0;height >= 30 AND a > 10 AND b > 10;height >= 30 AND source_distance == 0;0.6551724137931034;1.0;0.3448275862068966;0.6070060207991242;behavior_3
Desired_194;candidate;wind_speed <= 36 AND a > 10;battery >= 10 AND satellite_count >= 7 AND wind_speed <= 36;0.5238095238095238;1.0;0.47619047619047616;takeoff == 1;takeoff == 1;0.0;1.0;1.0;source_distance == 0 AND a > 10 AND b > 10;height >= 30 AND source_distance == 0;0.6551724137931034;1.0;0.3448275862068966;0.6070060207991242;behavior_3
Desired_195;candidate;wind_speed <= 36 AND a > 10;battery >= 10 AND satellite_count >= 7 AND wind_speed <= 36;0.5238095238095238;1.0;0.47619047619047616;takeoff == 1;takeoff == 1;0.0;1.0;1.0;height >= 30 AND source_distance == 0 AND a > 10 AND b > 10;height >= 30 AND source_distance == 0;0.4736842105263158;1.0;0.5263157894736842;0.6675020885547202;behavior_3
Desired_196;candidate;wind_speed <= 36 AND b > 10;battery >= 10 AND satellite_count >= 7 AND wind_speed <= 36;0.5238095238095238;1.0;0.47619047619047616;takeoff == 1;takeoff == 1;0.0;1.0;1.0;height >= 30;height >= 30 AND source_distance == 0;0.09090909090909094;1.0;0.9090909090909091;0.7950937950937952;behavior_3
Desired_197;candidate;wind_speed <= 36 AND b > 10;battery >= 10 AND satellite_count >= 7 AND wind_speed <= 36;0.5238095238095238;1.0;0.47619047619047616;takeoff == 1;takeoff == 1;0.0;1.0;1.0;source_distance == 0;height >= 30 AND source_distance == 0;0.09090909090909094;1.0;0.9090909090909091;0.7950937950937952;behavior_3
Desired_198;candidate;wind_speed <= 36 AND b > 10;battery >= 10 AND satellite_count >= 7 AND wind_speed <= 36;0.5238095238095238;1.0;0.47619047619047616;takeoff == 1;takeoff == 1;0.0;1.0;1.0;a > 10;height >= 30 AND source_distance == 0;1.0;0.0;-1.0;0.15873015873015875;behavior_3
Desired_199;candidate;wind_speed <= 36 AND b > 10;battery >= 10 AND satellite_count >= 7 AND wind_speed <= 36;0.5238095238095238;1.0;0.47619047619047616;takeoff == 1;takeoff == 1;0.0;1.0;1.0;b > 10;height >= 30 AND source_distance == 0;1.0;0.0;-1.0;0.15873015873015875;behavior_3
Desired_200;candidate;wind_speed <= 36 AND b > 10;battery >= 10 AND satellite_count >= 7 AND wind_speed <= 36;0.5238095238095238;1.0;0.47619047619047616;takeoff == 1;takeoff == 1;0.0;1.0;1.0;height >= 30 AND source_distance == 0;height >= 30 AND source_distance == 0;0.0;1.0;1.0;0.8253968253968255;behavior_3
Desired_201;candidate;wind_speed <= 36 AND b > 10;battery >= 10 AND satellite_count >= 7 AND wind_speed <= 36;0.5238095238095238;1.0;0.47619047619047616;takeoff == 1;takeoff == 1;0.0;1.0;1.0;height >= 30 AND a > 10;height >= 30 AND source_distance == 0;0.5;1.0;0.5;0.6587301587301587;behavior_3
Desired_202;candidate;wind_speed <= 36 AND b > 10;battery >= 10 AND satellite_count >= 7 AND wind_speed <= 36;0.5238095238095238;1.0;0.47619047619047616;takeoff == 1;takeoff == 1;0.0;1.0;1.0;height >= 30 AND b > 10;height >= 30 AND source_distance == 0;0.5;1.0;0.5;0.6587301587301587;behavior_3
Desired_203;candidate;wind_speed <= 36 AND b > 10;battery >= 10 AND satellite_count >= 7 AND wind_speed <= 36;0.5238095238095238;1.0;0.47619047619047616;takeoff == 1;takeoff == 1;0.0;1.0;1.0;source_distance == 0 AND a > 10;height >= 30 AND source_distance == 0;0.5;1.0;0.5;0.6587301587301587;behavior_3
Desired_204;candidate;wind_speed <= 36 AND b > 10;battery >= 10 AND satellite_count >= 7 AND wind_speed <= 36;0.5238095238095238;1.0;0.47619047619047616;takeoff == 1;takeoff == 1;0.0;1.0;1.0;source_distance == 0 AND b > 10;height >= 30 AND source_distance == 0;0.5;1.0;0.5;0.6587301587301587;behavior_3
Desired_205;candidate;wind_speed <= 36 AND b > 10;battery >= 10 AND satellite_count >= 7 AND wind_speed <= 36;0.5238095238095238;1.0;0.47619047619047616;takeoff == 1;takeoff == 1;0.0;1.0;1.0;a > 10 AND b > 10;height >= 30 AND source_distance == 0;1.0;0.0;-1.0;0.15873015873015875;behavior_3
Desired_206;candidate;wind_speed <= 36 AND b > 10;battery >= 10 AND satellite_count >= 7 AND wind_speed <= 36;0.5238095238095238;1.0;0.47619047619047616;takeoff == 1;takeoff == 1;0.0;1.0;1.0;height >= 30 AND source_distance == 0 AND a > 10;height >= 30 AND source_distance == 0;0.31034482758620685;1.0;0.6896551724137931;0.7219485495347565;behavior_3
Desired_207;candidate;wind_speed <= 36 AND b > 10;battery >= 10 AND satellite_count >= 7 AND wind_speed <= 36;0.5238095238095238;1.0;0.47619047619047616;takeoff == 1;takeoff == 1;0.0;1.0;1.0;height >= 30 AND source_distance == 0 AND b > 10;height >= 30 AND source_distance == 0;0.31034482758620685;1.0;0.6896551724137931;0.7219485495347565;behavior_3
Desired_208;candidate;wind_speed <= 36 AND b > 10;battery >= 10 AND satellite_count >= 7 AND wind_speed <= 36;0.5238095238095238;1.0;0.47619047619047616;takeoff == 1;takeoff == 1;0.0;1.0;1.0;height >= 30 AND a > 10 AND b > 10;height >= 30 AND source_distance == 0;0.6551724137931034;1.0;0.3448275862068966;0.6070060207991242;behavior_3
Desired_209;candidate;wind_speed <= 36 AND b > 10;battery >= 10 AND satellite_count >= 7 AND wind_speed <= 36;0.5238095238095238;1.0;0.47619047619047616;takeoff == 1;takeoff == 1;0.0;1.0;1.0;source_distance == 0 AND a > 10 AND b > 10;height >= 30 AND source_distance == 0;0.6551724137931034;1.0;0.3448275862068966;0.6070060207991242;behavior_3
Desired_210;candidate;wind_speed <= 36 AND b > 10;battery >= 10 AND satellite_count >= 7 AND wind_speed <= 36;0.5238095238095238;1.0;0.47619047619047616;takeoff == 1;takeoff == 1;0.0;1.0;1.0;height >= 30 AND source_distance == 0 AND a > 10 AND b > 10;height >= 30 AND source_distance == 0;0.4736842105263158;1.0;0.5263157894736842;0.6675020885547202;behavior_3
Desired_211;candidate;a > 10 AND b > 10;battery >= 10 AND satellite_count >= 7 AND wind_speed <= 36;1.0;0.0;-1.0;takeoff == 1;takeoff == 1;0.0;1.0;1.0;height >= 30;height >= 30 AND source_distance == 0;0.09090909090909094;1.0;0.9090909090909091;0.30303030303030304;behavior_3
Desired_212;candidate;a > 10 AND b > 10;battery >= 10 AND satellite_count >= 7 AND wind_speed <= 36;1.0;0.0;-1.0;takeoff == 1;takeoff == 1;0.0;1.0;1.0;source_distance == 0;height >= 30 AND source_distance == 0;0.09090909090909094;1.0;0.9090909090909091;0.30303030303030304;behavior_3
Desired_213;candidate;a > 10 AND b > 10;battery >= 10 AND satellite_count >= 7 AND wind_speed <= 36;1.0;0.0;-1.0;takeoff == 1;takeoff == 1;0.0;1.0;1.0;a > 10;height >= 30 AND source_distance == 0;1.0;0.0;-1.0;-0.3333333333333333;behavior_3
Desired_214;candidate;a > 10 AND b > 10;battery >= 10 AND satellite_count >= 7 AND wind_speed <= 36;1.0;0.0;-1.0;takeoff == 1;takeoff == 1;0.0;1.0;1.0;b > 10;height >= 30 AND source_distance == 0;1.0;0.0;-1.0;-0.3333333333333333;behavior_3
Desired_215;candidate;a > 10 AND b > 10;battery >= 10 AND satellite_count >= 7 AND wind_speed <= 36;1.0;0.0;-1.0;takeoff == 1;takeoff == 1;0.0;1.0;1.0;height >= 30 AND source_distance == 0;height >= 30 AND source_distance == 0;0.0;1.0;1.0;0.3333333333333333;behavior_3
Desired_216;candidate;a > 10 AND b > 10;battery >= 10 AND satellite_count >= 7 AND wind_speed <= 36;1.0;0.0;-1.0;takeoff == 1;takeoff == 1;0.0;1.0;1.0;height >= 30 AND a > 10;height >= 30 AND source_distance == 0;0.5;1.0;0.5;0.16666666666666666;behavior_3
Desired_217;candidate;a > 10 AND b > 10;battery >= 10 AND satellite_count >= 7 AND wind_speed <= 36;1.0;0.0;-1.0;takeoff == 1;takeoff == 1;0.0;1.0;1.0;height >= 30 AND b > 10;height >= 30 AND source_distance == 0;0.5;1.0;0.5;0.16666666666666666;behavior_3
Desired_218;candidate;a > 10 AND b > 10;battery >= 10 AND satellite_count >= 7 AND wind_speed <= 36;1.0;0.0;-1.0;takeoff == 1;takeoff == 1;0.0;1.0;1.0;source_distance == 0 AND a > 10;height >= 30 AND source_distance == 0;0.5;1.0;0.5;0.16666666666666666;behavior_3
Desired_219;candidate;a > 10 AND b > 10;battery >= 10 AND satellite_count >= 7 AND wind_speed <= 36;1.0;0.0;-1.0;takeoff == 1;takeoff == 1;0.0;1.0;1.0;source_distance == 0 AND b > 10;height >= 30 AND source_distance == 0;0.5;1.0;0.5;0.16666666666666666;behavior_3
Desired_220;candidate;a > 10 AND b > 10;battery >= 10 AND satellite_count >= 7 AND wind_speed <= 36;1.0;0.0;-1.0;takeoff == 1;takeoff == 1;0.0;1.0;1.0;a > 10 AND b > 10;height >= 30 AND source_distance == 0;1.0;0.0;-1.0;-0.3333333333333333;behavior_3
Desired_221;candidate;a > 10 AND b > 10;battery >= 10 AND satellite_count >= 7 AND wind_speed <= 36;1.0;0.0;-1.0;takeoff == 1;takeoff == 1;0.0;1.0;1.0;height >= 30 AND source_distance == 0 AND a > 10;height >= 30 AND source_distance == 0;0.31034482758620685;1.0;0.6896551724137931;0.2298850574712644;behavior_3
Desired_222;candidate;a > 10 AND b > 10;battery >= 10 AND satellite_count >= 7 AND wind_speed <= 36;1.0;0.0;-1.0;takeoff == 1;takeoff == 1;0.0;1.0;1.0;height >= 30 AND source_distance == 0 AND b > 10;height >= 30 AND source_distance == 0;0.31034482758620685;1.0;0.6896551724137931;0.2298850574712644;behavior_3
Desired_223;candidate;a > 10 AND b > 10;battery >= 10 AND satellite_count >= 7 AND wind_speed <= 36;1.0;0.0;-1.0;takeoff == 1;takeoff == 1;0.0;1.0;1.0;height >= 30 AND a > 10 AND b > 10;height >= 30 AND source_distance == 0;0.6551724137931034;1.0;0.3448275862068966;0.1149425287356322;behavior_3
Desired_224;candidate;a > 10 AND b > 10;battery >= 10 AND satellite_count >= 7 AND wind_speed <= 36;1.0;0.0;-1.0;takeoff == 1;takeoff == 1;0.0;1.0;1.0;source_distance == 0 AND a > 10 AND b > 10;height >= 30 AND source_distance == 0;0.6551724137931034;1.0;0.3448275862068966;0.1149425287356322;behavior_3
Desired_225;candidate;a > 10 AND b > 10;battery >= 10 AND satellite_count >= 7 AND wind_speed <= 36;1.0;0.0;-1.0;takeoff == 1;takeoff == 1;0.0;1.0;1.0;height >= 30 AND source_distance == 0 AND a > 10 AND b > 10;height >= 30 AND source_distance == 0;0.4736842105263158;1.0;0.5263157894736842;0.17543859649122806;behavior_3
Desired_226;candidate;battery >= 10 AND satellite_count >= 7 AND wind_speed <= 36;battery >= 10 AND satellite_count >= 7 AND wind_speed <= 36;0.0;1.0;1.0;takeoff == 1;takeoff == 1;0.0;1.0;1.0;height >= 30;height >= 30 AND source_distance == 0;0.09090909090909094;1.0;0.9090909090909091;0.9696969696969697;behavior_3
Desired_227;candidate;battery >= 10 AND satellite_count >= 7 AND wind_speed <= 36;battery >= 10 AND satellite_count >= 7 AND wind_speed <= 36;0.0;1.0;1.0;takeoff == 1;takeoff == 1;0.0;1.0;1.0;source_distance == 0;height >= 30 AND source_distance == 0;0.09090909090909094;1.0;0.9090909090909091;0.9696969696969697;behavior_3
Desired_228;candidate;battery >= 10 AND satellite_count >= 7 AND wind_speed <= 36;battery >= 10 AND satellite_count >= 7 AND wind_speed <= 36;0.0;1.0;1.0;takeoff == 1;takeoff == 1;0.0;1.0;1.0;a > 10;height >= 30 AND source_distance == 0;1.0;0.0;-1.0;0.3333333333333333;behavior_3
Desired_229;candidate;battery >= 10 AND satellite_count >= 7 AND wind_speed <= 36;battery >= 10 AND satellite_count >= 7 AND wind_speed <= 36;0.0;1.0;1.0;takeoff == 1;takeoff == 1;0.0;1.0;1.0;b > 10;height >= 30 AND source_distance == 0;1.0;0.0;-1.0;0.3333333333333333;behavior_3
Desired_230;candidate;battery >= 10 AND satellite_count >= 7 AND wind_speed <= 36;battery >= 10 AND satellite_count >= 7 AND wind_speed <= 36;0.0;1.0;1.0;takeoff == 1;takeoff == 1;0.0;1.0;1.0;height >= 30 AND source_distance == 0;height >= 30 AND source_distance == 0;0.0;1.0;1.0;1.0;behavior_3
Desired_231;candidate;battery >= 10 AND satellite_count >= 7 AND wind_speed <= 36;battery >= 10 AND satellite_count >= 7 AND wind_speed <= 36;0.0;1.0;1.0;takeoff == 1;takeoff == 1;0.0;1.0;1.0;height >= 30 AND a > 10;height >= 30 AND source_distance == 0;0.5;1.0;0.5;0.8333333333333334;behavior_3
Desired_232;candidate;battery >= 10 AND satellite_count >= 7 AND wind_speed <= 36;battery >= 10 AND satellite_count >= 7 AND wind_speed <= 36;0.0;1.0;1.0;takeoff == 1;takeoff == 1;0.0;1.0;1.0;height >= 30 AND b > 10;height >= 30 AND source_distance == 0;0.5;1.0;0.5;0.8333333333333334;behavior_3
Desired_233;candidate;battery >= 10 AND satellite_count >= 7 AND wind_speed <= 36;battery >= 10 AND satellite_count >= 7 AND wind_speed <= 36;0.0;1.0;1.0;takeoff == 1;takeoff == 1;0.0;1.0;1.0;source_distance == 0 AND a > 10;height >= 30 AND source_distance == 0;0.5;1.0;0.5;0.8333333333333334;behavior_3
Desired_234;candidate;battery >= 10 AND satellite_count >= 7 AND wind_speed <= 36;battery >= 10 AND satellite_count >= 7 AND wind_speed <= 36;0.0;1.0;1.0;takeoff == 1;takeoff == 1;0.0;1.0;1.0;source_distance == 0 AND b > 10;height >= 30 AND source_distance == 0;0.5;1.0;0.5;0.8333333333333334;behavior_3
Desired_235;candidate;battery >= 10 AND satellite_count >= 7 AND wind_speed <= 36;battery >= 10 AND satellite_count >= 7 AND wind_speed <= 36;0.0;1.0;1.0;takeoff == 1;takeoff == 1;0.0;1.0;1.0;a > 10 AND b > 10;height >= 30 AND source_distance == 0;1.0;0.0;-1.0;0.3333333333333333;behavior_3
Desired_236;candidate;battery >= 10 AND satellite_count >= 7 AND wind_speed <= 36;battery >= 10 AND satellite_count >= 7 AND wind_speed <= 36;0.0;1.0;1.0;takeoff == 1;takeoff == 1;0.0;1.0;1.0;height >= 30 AND source_distance == 0 AND a > 10;height >= 30 AND source_distance == 0;0.31034482758620685;1.0;0.6896551724137931;0.896551724137931;behavior_3
Desired_237;candidate;battery >= 10 AND satellite_count >= 7 AND wind_speed <= 36;battery >= 10 AND satellite_count >= 7 AND wind_speed <= 36;0.0;1.0;1.0;takeoff == 1;takeoff == 1;0.0;1.0;1.0;height >= 30 AND source_distance == 0 AND b > 10;height >= 30 AND source_distance == 0;0.31034482758620685;1.0;0.6896551724137931;0.896551724137931;behavior_3
Desired_238;candidate;battery >= 10 AND satellite_count >= 7 AND wind_speed <= 36;battery >= 10 AND satellite_count >= 7 AND wind_speed <= 36;0.0;1.0;1.0;takeoff == 1;takeoff == 1;0.0;1.0;1.0;height >= 30 AND a > 10 AND b > 10;height >= 30 AND source_distance == 0;0.6551724137931034;1.0;0.3448275862068966;0.7816091954022989;behavior_3
Desired_239;candidate;battery >= 10 AND satellite_count >= 7 AND wind_speed <= 36;battery >= 10 AND satellite_count >= 7 AND wind_speed <= 36;0.0;1.0;1.0;takeoff == 1;takeoff == 1;0.0;1.0;1.0;source_distance == 0 AND a > 10 AND b > 10;height >= 30 AND source_distance == 0;0.6551724137931034;1.0;0.3448275862068966;0.7816091954022989;behavior_3
Desired_240;candidate;battery >= 10 AND satellite_count >= 7 AND wind_speed <= 36;battery >= 10 AND satellite_count >= 7 AND wind_speed <= 36;0.0;1.0;1.0;takeoff == 1;takeoff == 1;0.0;1.0;1.0;height >= 30 AND source_distance == 0 AND a > 10 AND b > 10;height >= 30 AND source_distance == 0;0.4736842105263158;1.0;0.5263157894736842;0.8421052631578947;behavior_3
Desired_241;candidate;battery >= 10 AND satellite_count >= 7 AND a > 10;battery >= 10 AND satellite_count >= 7 AND wind_speed <= 36;0.33333333333333337;1.0;0.6666666666666666;takeoff == 1;takeoff == 1;0.0;1.0;1.0;height >= 30;height >= 30 AND source_distance == 0;0.09090909090909094;1.0;0.9090909090909091;0.8585858585858586;behavior_3
Desired_242;candidate;battery >= 10 AND satellite_count >= 7 AND a > 10;battery >= 10 AND satellite_count >= 7 AND wind_speed <= 36;0.33333333333333337;1.0;0.6666666666666666;takeoff == 1;takeoff == 1;0.0;1.0;1.0;source_distance == 0;height >= 30 AND source_distance == 0;0.09090909090909094;1.0;0.9090909090909091;0.8585858585858586;behavior_3
Desired_243;candidate;battery >= 10 AND satellite_count >= 7 AND a > 10;battery >= 10 AND satellite_count >= 7 AND wind_speed <= 36;0.33333333333333337;1.0;0.6666666666666666;takeoff == 1;takeoff == 1;0.0;1.0;1.0;a > 10;height >= 30 AND source_distance == 0;1.0;0.0;-1.0;0.22222222222222218;behavior_3
Desired_244;candidate;battery >= 10 AND satellite_count >= 7 AND a > 10;battery >= 10 AND satellite_count >= 7 AND wind_speed <= 36;0.33333333333333337;1.0;0.6666666666666666;takeoff == 1;takeoff == 1;0.0;1.0;1.0;b > 10;height >= 30 AND source_distance == 0;1.0;0.0;-1.0;0.22222222222222218;behavior_3
Desired_245;candidate;battery >= 10 AND satellite_count >= 7 AND a > 10;battery >= 10 AND satellite_count >= 7 AND wind_speed <= 36;0.33333333333333337;1.0;0.6666666666666666;takeoff == 1;takeoff == 1;0.0;1.0;1.0;height >= 30 AND source_distance == 0;height >= 30 AND source_distance == 0;0.0;1.0;1.0;0.8888888888888888;behavior_3
Desired_246;candidate;battery >= 10 AND satellite_count >= 7 AND a > 10;battery >= 10 AND satellite_count >= 7 AND wind_speed <= 36;0.33333333333333337;1.0;0.6666666666666666;takeoff == 1;takeoff == 1;0.0;1.0;1.0;height >= 30 AND a > 10;height >= 30 AND source_distance == 0;0.5;1.0;0.5;0.7222222222222222;behavior_3
Desired_247;candidate;battery >= 10 AND satellite_count >= 7 AND a > 10;battery >= 10 AND satellite_count >= 7 AND wind_speed <= 36;0.33333333333333337;1.0;0.6666666666666666;takeoff == 1;takeoff == 1;0.0;1.0;1.0;height >= 30 AND b > 10;height >= 30 AND source_distance == 0;0.5;1.0;0.5;0.7222222222222222;behavior_3
Desired_248;candidate;battery >= 10 AND satellite_count >= 7 AND a > 10;battery >= 10 AND satellite_count >= 7 AND wind_speed <= 36;0.33333333333333337;1.0;0.6666666666666666;takeoff == 1;takeoff == 1;0.0;1.0;1.0;source_distance == 0 AND a > 10;height >= 30 AND source_distance == 0;0.5;1.0;0.5;0.7222222222222222;behavior_3
Desired_249;candidate;battery >= 10 AND satellite_count >= 7 AND a > 10;battery >= 10 AND satellite_count >= 7 AND wind_speed <= 36;0.33333333333333337;1.0;0.6666666666666666;takeoff == 1;takeoff == 1;0.0;1.0;1.0;source_distance == 0 AND b > 10;height >= 30 AND source_distance == 0;0.5;1.0;0.5;0.7222222222222222;behavior_3
Desired_250;candidate;battery >= 10 AND satellite_count >= 7 AND a > 10;battery >= 10 AND satellite_count >= 7 AND wind_speed <= 36;0.33333333333333337;1.0;0.6666666666666666;takeoff == 1;takeoff == 1;0.0;1.0;1.0;a > 10 AND b > 10;height >= 30 AND source_distance == 0;1.0;0.0;-1.0;0.22222222222222218;behavior_3
Desired_251;candidate;battery >= 10 AND satellite_count >= 7 AND a > 10;battery >= 10 AND satellite_count >= 7 AND wind_speed <= 36;0.33333333333333337;1.0;0.6666666666666666;takeoff == 1;takeoff == 1;0.0;1.0;1.0;height >= 30 AND source_distance == 0 AND a > 10;height >= 30 AND source_distance == 0;0.31034482758620685;1.0;0.6896551724137931;0.7854406130268199;behavior_3
Desired_252;candidate;battery >= 10 AND satellite_count >= 7 AND a > 10;battery >= 10 AND satellite_count >= 7 AND wind_speed <= 36;0.33333333333333337;1.0;0.6666666666666666;takeoff == 1;takeoff == 1;0.0;1.0;1.0;height >= 30 AND source_distance == 0 AND b > 10;height >= 30 AND source_distance == 0;0.31034482758620685;1.0;0.6896551724137931;0.7854406130268199;behavior_3
Desired_253;candidate;battery >= 10 AND satellite_count >= 7 AND a > 10;battery >= 10 AND satellite_count >= 7 AND wind_speed <= 36;0.33333333333333337;1.0;0.6666666666666666;takeoff == 1;takeoff == 1;0.0;1.0;1.0;height >= 30 AND a > 10 AND b > 10;height >= 30 AND source_distance == 0;0.6551724137931034;1.0;0.3448275862068966;0.6704980842911876;behavior_3
Desired_254;candidate;battery >= 10 AND satellite_count >= 7 AND a > 10;battery >= 10 AND satellite_count >= 7 AND wind_speed <= 36;0.33333333333333337;1.0;0.6666666666666666;takeoff == 1;takeoff == 1;0.0;1.0;1.0;source_distance == 0 AND a > 10 AND b > 10;height >= 30 AND source_distance == 0;0.6551724137931034;1.0;0.3448275862068966;0.6704980842911876;behavior_3
Desired_255;candidate;battery >= 10 AND satellite_count >= 7 AND a > 10;battery >= 10 AND satellite_count >= 7 AND wind_speed <= 36;0.33333333333333337;1.0;0.6666666666666666;takeoff == 1;takeoff == 1;0.0;1.0;1.0;height >= 30 AND source_distance == 0 AND a > 10 AND b > 10;height >= 30 AND source_distance == 0;0.4736842105263158;1.0;0.5263157894736842;0.7309941520467835;behavior_3
Desired_256;candidate;battery >= 10 AND satellite_count >= 7 AND b > 10;battery >= 10 AND satellite_count >= 7 AND wind_speed <= 36;0.33333333333333337;1.0;0.6666666666666666;takeoff == 1;takeoff == 1;0.0;1.0;1.0;height >= 30;height >= 30 AND source_distance == 0;0.09090909090909094;1.0;0.9090909090909091;0.8585858585858586;behavior_3
Desired_257;candidate;battery >= 10 AND satellite_count >= 7 AND b > 10;battery >= 10 AND satellite_count >= 7 AND wind_speed <= 36;0.33333333333333337;1.0;0.6666666666666666;takeoff == 1;takeoff == 1;0.0;1.0;1.0;source_distance == 0;height >= 30 AND source_distance == 0;0.09090909090909094;1.0;0.9090909090909091;0.8585858585858586;behavior_3
Desired_258;candidate;battery >= 10 AND satellite_count >= 7 AND b > 10;battery >= 10 AND satellite_count >= 7 AND wind_speed <= 36;0.33333333333333337;1.0;0.6666666666666666;takeoff == 1;takeoff == 1;0.0;1.0;1.0;a > 10;height >= 30 AND source_distance == 0;1.0;0.0;-1.0;0.22222222222222218;behavior_3
Desired_259;candidate;battery >= 10 AND satellite_count >= 7 AND b > 10;battery >= 10 AND satellite_count >= 7 AND wind_speed <= 36;0.33333333333333337;1.0;0.6666666666666666;takeoff == 1;takeoff == 1;0.0;1.0;1.0;b > 10;height >= 30 AND source_distance == 0;1.0;0.0;-1.0;0.22222222222222218;behavior_3
Desired_260;candidate;battery >= 10 AND satellite_count >= 7 AND b > 10;battery >= 10 AND satellite_count >= 7 AND wind_speed <= 36;0.33333333333333337;1.0;0.6666666666666666;takeoff == 1;takeoff == 1;0.0;1.0;1.0;height >= 30 AND source_distance == 0;height >= 30 AND source_distance == 0;0.0;1.0;1.0;0.8888888888888888;behavior_3
Desired_261;candidate;battery >= 10 AND satellite_count >= 7 AND b > 10;battery >= 10 AND satellite_count >= 7 AND wind_speed <= 36;0.33333333333333337;1.0;0.6666666666666666;takeoff == 1;takeoff == 1;0.0;1.0;1.0;height >= 30 AND a > 10;height >= 30 AND source_distance == 0;0.5;1.0;0.5;0.7222222222222222;behavior_3
Desired_262;candidate;battery >= 10 AND satellite_count >= 7 AND b > 10;battery >= 10 AND satellite_count >= 7 AND wind_speed <= 36;0.33333333333333337;1.0;0.6666666666666666;takeoff == 1;takeoff == 1;0.0;1.0;1.0;height >= 30 AND b > 10;height >= 30 AND source_distance == 0;0.5;1.0;0.5;0.7222222222222222;behavior_3
Desired_263;candidate;battery >= 10 AND satellite_count >= 7 AND b > 10;battery >= 10 AND satellite_count >= 7 AND wind_speed <= 36;0.33333333333333337;1.0;0.6666666666666666;takeoff == 1;takeoff == 1;0.0;1.0;1.0;source_distance == 0 AND a > 10;height >= 30 AND source_distance == 0;0.5;1.0;0.5;0.7222222222222222;behavior_3
Desired_264;candidate;battery >= 10 AND satellite_count >= 7 AND b > 10;battery >= 10 AND satellite_count >= 7 AND wind_speed <= 36;0.33333333333333337;1.0;0.6666666666666666;takeoff == 1;takeoff == 1;0.0;1.0;1.0;source_distance == 0 AND b > 10;height >= 30 AND source_distance == 0;0.5;1.0;0.5;0.7222222222222222;behavior_3
Desired_265;candidate;battery >= 10 AND satellite_count >= 7 AND b > 10;battery >= 10 AND satellite_count >= 7 AND wind_speed <= 36;0.33333333333333337;1.0;0.6666666666666666;takeoff == 1;takeoff == 1;0.0;1.0;1.0;a > 10 AND b > 10;height >= 30 AND source_distance == 0;1.0;0.0;-1.0;0.22222222222222218;behavior_3
Desired_266;candidate;battery >= 10 AND satellite_count >= 7 AND b > 10;battery >= 10 AND satellite_count >= 7 AND wind_speed <= 36;0.33333333333333337;1.0;0.6666666666666666;takeoff == 1;takeoff == 1;0.0;1.0;1.0;height >= 30 AND source_distance == 0 AND a > 10;height >= 30 AND source_distance == 0;0.31034482758620685;1.0;0.6896551724137931;0.7854406130268199;behavior_3
Desired_267;candidate;battery >= 10 AND satellite_count >= 7 AND b > 10;battery >= 10 AND satellite_count >= 7 AND wind_speed <= 36;0.33333333333333337;1.0;0.6666666666666666;takeoff == 1;takeoff == 1;0.0;1.0;1.0;height >= 30 AND source_distance == 0 AND b > 10;height >= 30 AND source_distance == 0;0.31034482758620685;1.0;0.6896551724137931;0.7854406130268199;behavior_3
Desired_268;candidate;battery >= 10 AND satellite_count >= 7 AND b > 10;battery >= 10 AND satellite_count >= 7 AND wind_speed <= 36;0.33333333333333337;1.0;0.6666666666666666;takeoff == 1;takeoff == 1;0.0;1.0;1.0;height >= 30 AND a > 10 AND b > 10;height >= 30 AND source_distance == 0;0.6551724137931034;1.0;0.3448275862068966;0.6704980842911876;behavior_3
Desired_269;candidate;battery >= 10 AND satellite_count >= 7 AND b > 10;battery >= 10 AND satellite_count >= 7 AND wind_speed <= 36;0.33333333333333337;1.0;0.6666666666666666;takeoff == 1;takeoff == 1;0.0;1.0;1.0;source_distance == 0 AND a > 10 AND b > 10;height >= 30 AND source_distance == 0;0.6551724137931034;1.0;0.3448275862068966;0.6704980842911876;behavior_3
Desired_270;candidate;battery >= 10 AND satellite_count >= 7 AND b > 10;battery >= 10 AND satellite_count >= 7 AND wind_speed <= 36;0.33333333333333337;1.0;0.6666666666666666;takeoff == 1;takeoff == 1;0.0;1.0;1.0;height >= 30 AND source_distance == 0 AND a > 10 AND b > 10;height >= 30 AND source_distance == 0;0.4736842105263158;1.0;0.5263157894736842;0.7309941520467835;behavior_3
Desired_271;candidate;battery >= 10 AND wind_speed <= 36 AND a > 10;battery >= 10 AND satellite_count >= 7 AND wind_speed <= 36;0.33333333333333337;1.0;0.6666666666666666;takeoff == 1;takeoff == 1;0.0;1.0;1.0;height >= 30;height >= 30 AND source_distance == 0;0.09090909090909094;1.0;0.9090909090909091;0.8585858585858586;behavior_3
Desired_272;candidate;battery >= 10 AND wind_speed <= 36 AND a > 10;battery >= 10 AND satellite_count >= 7 AND wind_speed <= 36;0.33333333333333337;1.0;0.6666666666666666;takeoff == 1;takeoff == 1;0.0;1.0;1.0;source_distance == 0;height >= 30 AND source_distance == 0;0.09090909090909094;1.0;0.9090909090909091;0.8585858585858586;behavior_3
Desired_273;candidate;battery >= 10 AND wind_speed <= 36 AND a > 10;battery >= 10 AND satellite_count >= 7 AND wind_speed <= 36;0.33333333333333337;1.0;0.6666666666666666;takeoff == 1;takeoff == 1;0.0;1.0;1.0;a > 10;height >= 30 AND source_distance == 0;1.0;0.0;-1.0;0.22222222222222218;behavior_3
Desired_274;candidate;battery >= 10 AND wind_speed <= 36 AND a > 10;battery >= 10 AND satellite_count >= 7 AND wind_speed <= 36;0.33333333333333337;1.0;0.6666666666666666;takeoff == 1;takeoff == 1;0.0;1.0;1.0;b > 10;height >= 30 AND source_distance == 0;1.0;0.0;-1.0;0.22222222222222218;behavior_3
Desired_275;candidate;battery >= 10 AND wind_speed <= 36 AND a > 10;battery >= 10 AND satellite_count >= 7 AND wind_speed <= 36;0.33333333333333337;1.0;0.6666666666666666;takeoff == 1;takeoff == 1;0.0;1.0;1.0;height >= 30 AND source_distance == 0;height >= 30 AND source_distance == 0;0.0;1.0;1.0;0.8888888888888888;behavior_3
Desired_276;candidate;battery >= 10 AND wind_speed <= 36 AND a > 10;battery >= 10 AND satellite_count >= 7 AND wind_speed <= 36;0.33333333333333337;1.0;0.6666666666666666;takeoff == 1;takeoff == 1;0.0;1.0;1.0;height >= 30 AND a > 10;height >= 30 AND source_distance == 0;0.5;1.0;0.5;0.7222222222222222;behavior_3
Desired_277;candidate;battery >= 10 AND wind_speed <= 36 AND a > 10;battery >= 10 AND satellite_count >= 7 AND wind_speed <= 36;0.33333333333333337;1.0;0.6666666666666666;takeoff == 1;takeoff == 1;0.0;1.0;1.0;height >= 30 AND b > 10;height >= 30 AND source_distance == 0;0.5;1.0;0.5;0.7222222222222222;behavior_3
Desired_278;candidate;battery >= 10 AND wind_speed <= 36 AND a > 10;battery >= 10 AND satellite_count >= 7 AND wind_speed <= 36;0.33333333333333337;1.0;0.6666666666666666;takeoff == 1;takeoff == 1;0.0;1.0;1.0;source_distance == 0 AND a > 10;height >= 30 AND source_distance == 0;0.5;1.0;0.5;0.7222222222222222;behavior_3
Desired_279;candidate;battery >= 10 AND wind_speed <= 36 AND a > 10;battery >= 10 AND satellite_count >= 7 AND wind_speed <= 36;0.33333333333333337;1.0;0.6666666666666666;takeoff == 1;takeoff == 1;0.0;1.0;1.0;source_distance == 0 AND b > 10;height >= 30 AND source_distance == 0;0.5;1.0;0.5;0.7222222222222222;behavior_3
Desired_280;candidate;battery >= 10 AND wind_speed <= 36 AND a > 10;battery >= 10 AND satellite_count >= 7 AND wind_speed <= 36;0.33333333333333337;1.0;0.6666666666666666;takeoff == 1;takeoff == 1;0.0;1.0;1.0;a > 10 AND b > 10;height >= 30 AND source_distance == 0;1.0;0.0;-1.0;0.22222222222222218;behavior_3
Desired_281;candidate;battery >= 10 AND wind_speed <= 36 AND a > 10;battery >= 10 AND satellite_count >= 7 AND wind_speed <= 36;0.33333333333333337;1.0;0.6666666666666666;takeoff == 1;takeoff == 1;0.0;1.0;1.0;height >= 30 AND source_distance == 0 AND a > 10;height >= 30 AND source_distance == 0;0.31034482758620685;1.0;0.6896551724137931;0.7854406130268199;behavior_3
Desired_282;candidate;battery >= 10 AND wind_speed <= 36 AND a > 10;battery >= 10 AND satellite_count >= 7 AND wind_speed <= 36;0.33333333333333337;1.0;0.6666666666666666;takeoff == 1;takeoff == 1;0.0;1.0;1.0;height >= 30 AND source_distance == 0 AND b > 10;height >= 30 AND source_distance == 0;0.31034482758620685;1.0;0.6896551724137931;0.7854406130268199;behavior_3
Desired_283;candidate;battery >= 10 AND wind_speed <= 36 AND a > 10;battery >= 10 AND satellite_count >= 7 AND wind_speed <= 36;0.33333333333333337;1.0;0.6666666666666666;takeoff == 1;takeoff == 1;0.0;1.0;1.0;height >= 30 AND a > 10 AND b > 10;height >= 30 AND source_distance == 0;0.6551724137931034;1.0;0.3448275862068966;0.6704980842911876;behavior_3
Desired_284;candidate;battery >= 10 AND wind_speed <= 36 AND a > 10;battery >= 10 AND satellite_count >= 7 AND wind_speed <= 36;0.33333333333333337;1.0;0.6666666666666666;takeoff == 1;takeoff == 1;0.0;1.0;1.0;source_distance == 0 AND a > 10 AND b > 10;height >= 30 AND source_distance == 0;0.6551724137931034;1.0;0.3448275862068966;0.6704980842911876;behavior_3
Desired_285;candidate;battery >= 10 AND wind_speed <= 36 AND a > 10;battery >= 10 AND satellite_count >= 7 AND wind_speed <= 36;0.33333333333333337;1.0;0.6666666666666666;takeoff == 1;takeoff == 1;0.0;1.0;1.0;height >= 30 AND source_distance == 0 AND a > 10 AND b > 10;height >= 30 AND source_distance == 0;0.4736842105263158;1.0;0.5263157894736842;0.7309941520467835;behavior_3
Desired_286;candidate;battery >= 10 AND wind_speed <= 36 AND b > 10;battery >= 10 AND satellite_count >= 7 AND wind_speed <= 36;0.33333333333333337;1.0;0.6666666666666666;takeoff == 1;takeoff == 1;0.0;1.0;1.0;height >= 30;height >= 30 AND source_distance == 0;0.09090909090909094;1.0;0.9090909090909091;0.8585858585858586;behavior_3
Desired_287;candidate;battery >= 10 AND wind_speed <= 36 AND b > 10;battery >= 10 AND satellite_count >= 7 AND wind_speed <= 36;0.33333333333333337;1.0;0.6666666666666666;takeoff == 1;takeoff == 1;0.0;1.0;1.0;source_distance == 0;height >= 30 AND source_distance == 0;0.09090909090909094;1.0;0.9090909090909091;0.8585858585858586;behavior_3
Desired_288;candidate;battery >= 10 AND wind_speed <= 36 AND b > 10;battery >= 10 AND satellite_count >= 7 AND wind_speed <= 36;0.33333333333333337;1.0;0.6666666666666666;takeoff == 1;takeoff == 1;0.0;1.0;1.0;a > 10;height >= 30 AND source_distance == 0;1.0;0.0;-1.0;0.22222222222222218;behavior_3
Desired_289;candidate;battery >= 10 AND wind_speed <= 36 AND b > 10;battery >= 10 AND satellite_count >= 7 AND wind_speed <= 36;0.33333333333333337;1.0;0.6666666666666666;takeoff == 1;takeoff == 1;0.0;1.0;1.0;b > 10;height >= 30 AND source_distance == 0;1.0;0.0;-1.0;0.22222222222222218;behavior_3
Desired_290;candidate;battery >= 10 AND wind_speed <= 36 AND b > 10;battery >= 10 AND satellite_count >= 7 AND wind_speed <= 36;0.33333333333333337;1.0;0.6666666666666666;takeoff == 1;takeoff == 1;0.0;1.0;1.0;height >= 30 AND source_distance == 0;height >= 30 AND source_distance == 0;0.0;1.0;1.0;0.8888888888888888;behavior_3
Desired_291;candidate;battery >= 10 AND wind_speed <= 36 AND b > 10;battery >= 10 AND satellite_count >= 7 AND wind_speed <= 36;0.33333333333333337;1.0;0.6666666666666666;takeoff == 1;takeoff == 1;0.0;1.0;1.0;height >= 30 AND a > 10;height >= 30 AND source_distance == 0;0.5;1.0;0.5;0.7222222222222222;behavior_3
Desired_292;candidate;battery >= 10 AND wind_speed <= 36 AND b > 10;battery >= 10 AND satellite_count >= 7 AND wind_speed <= 36;0.33333333333333337;1.0;0.6666666666666666;takeoff == 1;takeoff == 1;0.0;1.0;1.0;height >= 30 AND b > 10;height >= 30 AND source_distance == 0;0.5;1.0;0.5;0.7222222222222222;behavior_3
Desired_293;candidate;battery >= 10 AND wind_speed <= 36 AND b > 10;battery >= 10 AND satellite_count >= 7 AND wind_speed <= 36;0.33333333333333337;1.0;0.6666666666666666;takeoff == 1;takeoff == 1;0.0;1.0;1.0;source_distance == 0 AND a > 10;height >= 30 AND source_distance == 0;0.5;1.0;0.5;0.7222222222222222;behavior_3
Desired_294;candidate;battery >= 10 AND wind_speed <= 36 AND b > 10;battery >= 10 AND satellite_count >= 7 AND wind_speed <= 36;0.33333333333333337;1.0;0.6666666666666666;takeoff == 1;takeoff == 1;0.0;1.0;1.0;source_distance == 0 AND b > 10;height >= 30 AND source_distance == 0;0.5;1.0;0.5;0.7222222222222222;behavior_3
Desired_295;candidate;battery >= 10 AND wind_speed <= 36 AND b > 10;battery >= 10 AND satellite_count >= 7 AND wind_speed <= 36;0.33333333333333337;1.0;0.6666666666666666;takeoff == 1;takeoff == 1;0.0;1.0;1.0;a > 10 AND b > 10;height >= 30 AND source_distance == 0;1.0;0.0;-1.0;0.22222222222222218;behavior_3
Desired_296;candidate;battery >= 10 AND wind_speed <= 36 AND b > 10;battery >= 10 AND satellite_count >= 7 AND wind_speed <= 36;0.33333333333333337;1.0;0.6666666666666666;takeoff == 1;takeoff == 1;0.0;1.0;1.0;height >= 30 AND source_distance == 0 AND a > 10;height >= 30 AND source_distance == 0;0.31034482758620685;1.0;0.6896551724137931;0.7854406130268199;behavior_3
Desired_297;candidate;battery >= 10 AND wind_speed <= 36 AND b > 10;battery >= 10 AND satellite_count >= 7 AND wind_speed <= 36;0.33333333333333337;1.0;0.6666666666666666;takeoff == 1;takeoff == 1;0.0;1.0;1.0;height >= 30 AND source_distance == 0 AND b > 10;height >= 30 AND source_distance == 0;0.31034482758620685;1.0;0.6896551724137931;0.7854406130268199;behavior_3
Desired_298;candidate;battery >= 10 AND wind_speed <= 36 AND b > 10;battery >= 10 AND satellite_count >= 7 AND wind_speed <= 36;0.33333333333333337;1.0;0.6666666666666666;takeoff == 1;takeoff == 1;0.0;1.0;1.0;height >= 30 AND a > 10 AND b > 10;height >= 30 AND source_distance == 0;0.6551724137931034;1.0;0.3448275862068966;0.6704980842911876;behavior_3
Desired_299;candidate;battery >= 10 AND wind_speed <= 36 AND b > 10;battery >= 10 AND satellite_count >= 7 AND wind_speed <= 36;0.33333333333333337;1.0;0.6666666666666666;takeoff == 1;takeoff == 1;0.0;1.0;1.0;source_distance == 0 AND a > 10 AND b > 10;height >= 30 AND source_distance == 0;0.6551724137931034;1.0;0.3448275862068966;0.6704980842911876;behavior_3
Desired_300;candidate;battery >= 10 AND wind_speed <= 36 AND b > 10;battery >= 10 AND satellite_count >= 7 AND wind_speed <= 36;0.33333333333333337;1.0;0.6666666666666666;takeoff == 1;takeoff == 1;0.0;1.0;1.0;height >= 30 AND source_distance == 0 AND a > 10 AND b > 10;height >= 30 AND source_distance == 0;0.4736842105263158;1.0;0.5263157894736842;0.7309941520467835;behavior_3
Desired_301;candidate;battery >= 10 AND a > 10 AND b > 10;battery >= 10 AND satellite_count >= 7 AND wind_speed <= 36;0.6666666666666667;1.0;0.33333333333333326;takeoff == 1;takeoff == 1;0.0;1.0;1.0;height >= 30;height >= 30 AND source_distance == 0;0.09090909090909094;1.0;0.9090909090909091;0.7474747474747474;behavior_3
Desired_302;candidate;battery >= 10 AND a > 10 AND b > 10;battery >= 10 AND satellite_count >= 7 AND wind_speed <= 36;0.6666666666666667;1.0;0.33333333333333326;takeoff == 1;takeoff == 1;0.0;1.0;1.0;source_distance == 0;height >= 30 AND source_distance == 0;0.09090909090909094;1.0;0.9090909090909091;0.7474747474747474;behavior_3
Desired_303;candidate;battery >= 10 AND a > 10 AND b > 10;battery >= 10 AND satellite_count >= 7 AND wind_speed <= 36;0.6666666666666667;1.0;0.33333333333333326;takeoff == 1;takeoff == 1;0.0;1.0;1.0;a > 10;height >= 30 AND source_distance == 0;1.0;0.0;-1.0;0.11111111111111109;behavior_3
Desired_304;candidate;battery >= 10 AND a > 10 AND b > 10;battery >= 10 AND satellite_count >= 7 AND wind_speed <= 36;0.6666666666666667;1.0;0.33333333333333326;takeoff == 1;takeoff == 1;0.0;1.0;1.0;b > 10;height >= 30 AND source_distance == 0;1.0;0.0;-1.0;0.11111111111111109;behavior_3
Desired_305;candidate;battery >= 10 AND a > 10 AND b > 10;battery >= 10 AND satellite_count >= 7 AND wind_speed <= 36;0.6666666666666667;1.0;0.33333333333333326;takeoff == 1;takeoff == 1;0.0;1.0;1.0;height >= 30 AND source_distance == 0;height >= 30 AND source_distance == 0;0.0;1.0;1.0;0.7777777777777777;behavior_3
Desired_306;candidate;battery >= 10 AND a > 10 AND b > 10;battery >= 10 AND satellite_count >= 7 AND wind_speed <= 36;0.6666666666666667;1.0;0.33333333333333326;takeoff == 1;takeoff == 1;0.0;1.0;1.0;height >= 30 AND a > 10;height >= 30 AND source_distance == 0;0.5;1.0;0.5;0.611111111111111;behavior_3
Desired_307;candidate;battery >= 10 AND a > 10 AND b > 10;battery >= 10 AND satellite_count >= 7 AND wind_speed <= 36;0.6666666666666667;1.0;0.33333333333333326;takeoff == 1;takeoff == 1;0.0;1.0;1.0;height >= 30 AND b > 10;height >= 30 AND source_distance == 0;0.5;1.0;0.5;0.611111111111111;behavior_3
Desired_308;candidate;battery >= 10 AND a > 10 AND b > 10;battery >= 10 AND satellite_count >= 7 AND wind_speed <= 36;0.6666666666666667;1.0;0.33333333333333326;takeoff == 1;takeoff == 1;0.0;1.0;1.0;source_distance == 0 AND a > 10;height >= 30 AND source_distance == 0;0.5;1.0;0.5;0.611111111111111;behavior_3
Desired_309;candidate;battery >= 10 AND a > 10 AND b > 10;battery >= 10 AND satellite_count >= 7 AND wind_speed <= 36;0.6666666666666667;1.0;0.33333333333333326;takeoff == 1;takeoff == 1;0.0;1.0;1.0;source_distance == 0 AND b > 10;height >= 30 AND source_distance == 0;0.5;1.0;0.5;0.611111111111111;behavior_3
Desired_310;candidate;battery >= 10 AND a > 10 AND b > 10;battery >= 10 AND satellite_count >= 7 AND wind_speed <= 36;0.6666666666666667;1.0;0.33333333333333326;takeoff == 1;takeoff == 1;0.0;1.0;1.0;a > 10 AND b > 10;height >= 30 AND source_distance == 0;1.0;0.0;-1.0;0.11111111111111109;behavior_3
Desired_311;candidate;battery >= 10 AND a > 10 AND b > 10;battery >= 10 AND satellite_count >= 7 AND wind_speed <= 36;0.6666666666666667;1.0;0.33333333333333326;takeoff == 1;takeoff == 1;0.0;1.0;1.0;height >= 30 AND source_distance == 0 AND a > 10;height >= 30 AND source_distance == 0;0.31034482758620685;1.0;0.6896551724137931;0.6743295019157088;behavior_3
Desired_312;candidate;battery >= 10 AND a > 10 AND b > 10;battery >= 10 AND satellite_count >= 7 AND wind_speed <= 36;0.6666666666666667;1.0;0.33333333333333326;takeoff == 1;takeoff == 1;0.0;1.0;1.0;height >= 30 AND source_distance == 0 AND b > 10;height >= 30 AND source_distance == 0;0.31034482758620685;1.0;0.6896551724137931;0.6743295019157088;behavior_3
Desired_313;candidate;battery >= 10 AND a > 10 AND b > 10;battery >= 10 AND satellite_count >= 7 AND wind_speed <= 36;0.6666666666666667;1.0;0.33333333333333326;takeoff == 1;takeoff == 1;0.0;1.0;1.0;height >= 30 AND a > 10 AND b > 10;height >= 30 AND source_distance == 0;0.6551724137931034;1.0;0.3448275862068966;0.5593869731800766;behavior_3
Desired_314;candidate;battery >= 10 AND a > 10 AND b > 10;battery >= 10 AND satellite_count >= 7 AND wind_speed <= 36;0.6666666666666667;1.0;0.33333333333333326;takeoff == 1;takeoff == 1;0.0;1.0;1.0;source_distance == 0 AND a > 10 AND b > 10;height >= 30 AND source_distance == 0;0.6551724137931034;1.0;0.3448275862068966;0.5593869731800766;behavior_3
Desired_315;candidate;battery >= 10 AND a > 10 AND b > 10;battery >= 10 AND satellite_count >= 7 AND wind_speed <= 36;0.6666666666666667;1.0;0.33333333333333326;takeoff == 1;takeoff == 1;0.0;1.0;1.0;height >= 30 AND source_distance == 0 AND a > 10 AND b > 10;height >= 30 AND source_distance == 0;0.4736842105263158;1.0;0.5263157894736842;0.6198830409356725;behavior_3
Desired_316;candidate;satellite_count >= 7 AND wind_speed <= 36 AND a > 10;battery >= 10 AND satellite_count >= 7 AND wind_speed <= 36;0.33333333333333337;1.0;0.6666666666666666;takeoff == 1;takeoff == 1;0.0;1.0;1.0;height >= 30;height >= 30 AND source_distance == 0;0.09090909090909094;1.0;0.9090909090909091;0.8585858585858586;behavior_3
Desired_317;candidate;satellite_count >= 7 AND wind_speed <= 36 AND a > 10;battery >= 10 AND satellite_count >= 7 AND wind_speed <= 36;0.33333333333333337;1.0;0.6666666666666666;takeoff == 1;takeoff == 1;0.0;1.0;1.0;source_distance == 0;height >= 30 AND source_distance == 0;0.09090909090909094;1.0;0.9090909090909091;0.8585858585858586;behavior_3
Desired_318;candidate;satellite_count >= 7 AND wind_speed <= 36 AND a > 10;battery >= 10 AND satellite_count >= 7 AND wind_speed <= 36;0.33333333333333337;1.0;0.6666666666666666;takeoff == 1;takeoff == 1;0.0;1.0;1.0;a > 10;height >= 30 AND source_distance == 0;1.0;0.0;-1.0;0.22222222222222218;behavior_3
Desired_319;candidate;satellite_count >= 7 AND wind_speed <= 36 AND a > 10;battery >= 10 AND satellite_count >= 7 AND wind_speed <= 36;0.33333333333333337;1.0;0.6666666666666666;takeoff == 1;takeoff == 1;0.0;1.0;1.0;b > 10;height >= 30 AND source_distance == 0;1.0;0.0;-1.0;0.22222222222222218;behavior_3
Desired_320;candidate;satellite_count >= 7 AND wind_speed <= 36 AND a > 10;battery >= 10 AND satellite_count >= 7 AND wind_speed <= 36;0.33333333333333337;1.0;0.6666666666666666;takeoff == 1;takeoff == 1;0.0;1.0;1.0;height >= 30 AND source_distance == 0;height >= 30 AND source_distance == 0;0.0;1.0;1.0;0.8888888888888888;behavior_3
Desired_321;candidate;satellite_count >= 7 AND wind_speed <= 36 AND a > 10;battery >= 10 AND satellite_count >= 7 AND wind_speed <= 36;0.33333333333333337;1.0;0.6666666666666666;takeoff == 1;takeoff == 1;0.0;1.0;1.0;height >= 30 AND a > 10;height >= 30 AND source_distance == 0;0.5;1.0;0.5;0.7222222222222222;behavior_3
Desired_322;candidate;satellite_count >= 7 AND wind_speed <= 36 AND a > 10;battery >= 10 AND satellite_count >= 7 AND wind_speed <= 36;0.33333333333333337;1.0;0.6666666666666666;takeoff == 1;takeoff == 1;0.0;1.0;1.0;height >= 30 AND b > 10;height >= 30 AND source_distance == 0;0.5;1.0;0.5;0.7222222222222222;behavior_3
Desired_323;candidate;satellite_count >= 7 AND wind_speed <= 36 AND a > 10;battery >= 10 AND satellite_count >= 7 AND wind_speed <= 36;0.33333333333333337;1.0;0.6666666666666666;takeoff == 1;takeoff == 1;0.0;1.0;1.0;source_distance == 0 AND a > 10;height >= 30 AND source_distance == 0;0.5;1.0;0.5;0.7222222222222222;behavior_3
Desired_324;candidate;satellite_count >= 7 AND wind_speed <= 36 AND a > 10;battery >= 10 AND satellite_count >= 7 AND wind_speed <= 36;0.33333333333333337;1.0;0.6666666666666666;takeoff == 1;takeoff == 1;0.0;1.0;1.0;source_distance == 0 AND b > 10;height >= 30 AND source_distance == 0;0.5;1.0;0.5;0.7222222222222222;behavior_3
Desired_325;candidate;satellite_count >= 7 AND wind_speed <= 36 AND a > 10;battery >= 10 AND satellite_count >= 7 AND wind_speed <= 36;0.33333333333333337;1.0;0.6666666666666666;takeoff == 1;takeoff == 1;0.0;1.0;1.0;a > 10 AND b > 10;height >= 30 AND source_distance == 0;1.0;0.0;-1.0;0.22222222222222218;behavior_3
Desired_326;candidate;satellite_count >= 7 AND wind_speed <= 36 AND a > 10;battery >= 10 AND satellite_count >= 7 AND wind_speed <= 36;0.33333333333333337;1.0;0.6666666666666666;takeoff == 1;takeoff == 1;0.0;1.0;1.0;height >= 30 AND source_distance == 0 AND a > 10;height >= 30 AND source_distance == 0;0.31034482758620685;1.0;0.6896551724137931;0.7854406130268199;behavior_3
Desired_327;candidate;satellite_count >= 7 AND wind_speed <= 36 AND a > 10;battery >= 10 AND satellite_count >= 7 AND wind_speed <= 36;0.33333333333333337;1.0;0.6666666666666666;takeoff == 1;takeoff == 1;0.0;1.0;1.0;height >= 30 AND source_distance == 0 AND b > 10;height >= 30 AND source_distance == 0;0.31034482758620685;1.0;0.6896551724137931;0.7854406130268199;behavior_3
Desired_328;candidate;satellite_count >= 7 AND wind_speed <= 36 AND a > 10;battery >= 10 AND satellite_count >= 7 AND wind_speed <= 36;0.33333333333333337;1.0;0.6666666666666666;takeoff == 1;takeoff == 1;0.0;1.0;1.0;height >= 30 AND a > 10 AND b > 10;height >= 30 AND source_distance == 0;0.6551724137931034;1.0;0.3448275862068966;0.6704980842911876;behavior_3
Desired_329;candidate;satellite_count >= 7 AND wind_speed <= 36 AND a > 10;battery >= 10 AND satellite_count >= 7 AND wind_speed <= 36;0.33333333333333337;1.0;0.6666666666666666;takeoff == 1;takeoff == 1;0.0;1.0;1.0;source_distance == 0 AND a > 10 AND b > 10;height >= 30 AND source_distance == 0;0.6551724137931034;1.0;0.3448275862068966;0.6704980842911876;behavior_3
Desired_330;candidate;satellite_count >= 7 AND wind_speed <= 36 AND a > 10;battery >= 10 AND satellite_count >= 7 AND wind_speed <= 36;0.33333333333333337;1.0;0.6666666666666666;takeoff == 1;takeoff == 1;0.0;1.0;1.0;height >= 30 AND source_distance == 0 AND a > 10 AND b > 10;height >= 30 AND source_distance == 0;0.4736842105263158;1.0;0.5263157894736842;0.7309941520467835;behavior_3
Desired_331;candidate;satellite_count >= 7 AND wind_speed <= 36 AND b > 10;battery >= 10 AND satellite_count >= 7 AND wind_speed <= 36;0.33333333333333337;1.0;0.6666666666666666;takeoff == 1;takeoff == 1;0.0;1.0;1.0;height >= 30;height >= 30 AND source_distance == 0;0.09090909090909094;1.0;0.9090909090909091;0.8585858585858586;behavior_3
Desired_332;candidate;satellite_count >= 7 AND wind_speed <= 36 AND b > 10;battery >= 10 AND satellite_count >= 7 AND wind_speed <= 36;0.33333333333333337;1.0;0.6666666666666666;takeoff == 1;takeoff == 1;0.0;1.0;1.0;source_distance == 0;height >= 30 AND source_distance == 0;0.09090909090909094;1.0;0.9090909090909091;0.8585858585858586;behavior_3
Desired_333;candidate;satellite_count >= 7 AND wind_speed <= 36 AND b > 10;battery >= 10 AND satellite_count >= 7 AND wind_speed <= 36;0.33333333333333337;1.0;0.6666666666666666;takeoff == 1;takeoff == 1;0.0;1.0;1.0;a > 10;height >= 30 AND source_distance == 0;1.0;0.0;-1.0;0.22222222222222218;behavior_3
Desired_334;candidate;satellite_count >= 7 AND wind_speed <= 36 AND b > 10;battery >= 10 AND satellite_count >= 7 AND wind_speed <= 36;0.33333333333333337;1.0;0.6666666666666666;takeoff == 1;takeoff == 1;0.0;1.0;1.0;b > 10;height >= 30 AND source_distance == 0;1.0;0.0;-1.0;0.22222222222222218;behavior_3
Desired_335;candidate;satellite_count >= 7 AND wind_speed <= 36 AND b > 10;battery >= 10 AND satellite_count >= 7 AND wind_speed <= 36;0.33333333333333337;1.0;0.6666666666666666;takeoff == 1;takeoff == 1;0.0;1.0;1.0;height >= 30 AND source_distance == 0;height >= 30 AND source_distance == 0;0.0;1.0;1.0;0.8888888888888888;behavior_3
Desired_336;candidate;satellite_count >= 7 AND wind_speed <= 36 AND b > 10;battery >= 10 AND satellite_count >= 7 AND wind_speed <= 36;0.33333333333333337;1.0;0.6666666666666666;takeoff == 1;takeoff == 1;0.0;1.0;1.0;height >= 30 AND a > 10;height >= 30 AND source_distance == 0;0.5;1.0;0.5;0.7222222222222222;behavior_3
Desired_337;candidate;satellite_count >= 7 AND wind_speed <= 36 AND b > 10;battery >= 10 AND satellite_count >= 7 AND wind_speed <= 36;0.33333333333333337;1.0;0.6666666666666666;takeoff == 1;takeoff == 1;0.0;1.0;1.0;height >= 30 AND b > 10;height >= 30 AND source_distance == 0;0.5;1.0;0.5;0.7222222222222222;behavior_3
Desired_338;candidate;satellite_count >= 7 AND wind_speed <= 36 AND b > 10;battery >= 10 AND satellite_count >= 7 AND wind_speed <= 36;0.33333333333333337;1.0;0.6666666666666666;takeoff == 1;takeoff == 1;0.0;1.0;1.0;source_distance == 0 AND a > 10;height >= 30 AND source_distance == 0;0.5;1.0;0.5;0.7222222222222222;behavior_3
Desired_339;candidate;satellite_count >= 7 AND wind_speed <= 36 AND b > 10;battery >= 10 AND satellite_count >= 7 AND wind_speed <= 36;0.33333333333333337;1.0;0.6666666666666666;takeoff == 1;takeoff == 1;0.0;1.0;1.0;source_distance == 0 AND b > 10;height >= 30 AND source_distance == 0;0.5;1.0;0.5;0.7222222222222222;behavior_3
Desired_340;candidate;satellite_count >= 7 AND wind_speed <= 36 AND b > 10;battery >= 10 AND satellite_count >= 7 AND wind_speed <= 36;0.33333333333333337;1.0;0.6666666666666666;takeoff == 1;takeoff == 1;0.0;1.0;1.0;a > 10 AND b > 10;height >= 30 AND source_distance == 0;1.0;0.0;-1.0;0.22222222222222218;behavior_3
Desired_341;candidate;satellite_count >= 7 AND wind_speed <= 36 AND b > 10;battery >= 10 AND satellite_count >= 7 AND wind_speed <= 36;0.33333333333333337;1.0;0.6666666666666666;takeoff == 1;takeoff == 1;0.0;1.0;1.0;height >= 30 AND source_distance == 0 AND a > 10;height >= 30 AND source_distance == 0;0.31034482758620685;1.0;0.6896551724137931;0.7854406130268199;behavior_3
Desired_342;candidate;satellite_count >= 7 AND wind_speed <= 36 AND b > 10;battery >= 10 AND satellite_count >= 7 AND wind_speed <= 36;0.33333333333333337;1.0;0.6666666666666666;takeoff == 1;takeoff == 1;0.0;1.0;1.0;height >= 30 AND source_distance == 0 AND b > 10;height >= 30 AND source_distance == 0;0.31034482758620685;1.0;0.6896551724137931;0.7854406130268199;behavior_3
Desired_343;candidate;satellite_count >= 7 AND wind_speed <= 36 AND b > 10;battery >= 10 AND satellite_count >= 7 AND wind_speed <= 36;0.33333333333333337;1.0;0.6666666666666666;takeoff == 1;takeoff == 1;0.0;1.0;1.0;height >= 30 AND a > 10 AND b > 10;height >= 30 AND source_distance == 0;0.6551724137931034;1.0;0.3448275862068966;0.6704980842911876;behavior_3
Desired_344;candidate;satellite_count >= 7 AND wind_speed <= 36 AND b > 10;battery >= 10 AND satellite_count >= 7 AND wind_speed <= 36;0.33333333333333337;1.0;0.6666666666666666;takeoff == 1;takeoff == 1;0.0;1.0;1.0;source_distance == 0 AND a > 10 AND b > 10;height >= 30 AND source_distance == 0;0.6551724137931034;1.0;0.3448275862068966;0.6704980842911876;behavior_3
Desired_345;candidate;satellite_count >= 7 AND wind_speed <= 36 AND b > 10;battery >= 10 AND satellite_count >= 7 AND wind_speed <= 36;0.33333333333333337;1.0;0.6666666666666666;takeoff == 1;takeoff == 1;0.0;1.0;1.0;height >= 30 AND source_distance == 0 AND a > 10 AND b > 10;height >= 30 AND source_distance == 0;0.4736842105263158;1.0;0.5263157894736842;0.7309941520467835;behavior_3
Desired_346;candidate;satellite_count >= 7 AND a > 10 AND b > 10;battery >= 10 AND satellite_count >= 7 AND wind_speed <= 36;0.6666666666666667;1.0;0.33333333333333326;takeoff == 1;takeoff == 1;0.0;1.0;1.0;height >= 30;height >= 30 AND source_distance == 0;0.09090909090909094;1.0;0.9090909090909091;0.7474747474747474;behavior_3
Desired_347;candidate;satellite_count >= 7 AND a > 10 AND b > 10;battery >= 10 AND satellite_count >= 7 AND wind_speed <= 36;0.6666666666666667;1.0;0.33333333333333326;takeoff == 1;takeoff == 1;0.0;1.0;1.0;source_distance == 0;height >= 30 AND source_distance == 0;0.09090909090909094;1.0;0.9090909090909091;0.7474747474747474;behavior_3
Desired_348;candidate;satellite_count >= 7 AND a > 10 AND b > 10;battery >= 10 AND satellite_count >= 7 AND wind_speed <= 36;0.6666666666666667;1.0;0.33333333333333326;takeoff == 1;takeoff == 1;0.0;1.0;1.0;a > 10;height >= 30 AND source_distance == 0;1.0;0.0;-1.0;0.11111111111111109;behavior_3
Desired_349;candidate;satellite_count >= 7 AND a > 10 AND b > 10;battery >= 10 AND satellite_count >= 7 AND wind_speed <= 36;0.6666666666666667;1.0;0.33333333333333326;takeoff == 1;takeoff == 1;0.0;1.0;1.0;b > 10;height >= 30 AND source_distance == 0;1.0;0.0;-1.0;0.11111111111111109;behavior_3
Desired_350;candidate;satellite_count >= 7 AND a > 10 AND b > 10;battery >= 10 AND satellite_count >= 7 AND wind_speed <= 36;0.6666666666666667;1.0;0.33333333333333326;takeoff == 1;takeoff == 1;0.0;1.0;1.0;height >= 30 AND source_distance == 0;height >= 30 AND source_distance == 0;0.0;1.0;1.0;0.7777777777777777;behavior_3
Desired_351;candidate;satellite_count >= 7 AND a > 10 AND b > 10;battery >= 10 AND satellite_count >= 7 AND wind_speed <= 36;0.6666666666666667;1.0;0.33333333333333326;takeoff == 1;takeoff == 1;0.0;1.0;1.0;height >= 30 AND a > 10;height >= 30 AND source_distance == 0;0.5;1.0;0.5;0.611111111111111;behavior_3
Desired_352;candidate;satellite_count >= 7 AND a > 10 AND b > 10;battery >= 10 AND satellite_count >= 7 AND wind_speed <= 36;0.6666666666666667;1.0;0.33333333333333326;takeoff == 1;takeoff == 1;0.0;1.0;1.0;height >= 30 AND b > 10;height >= 30 AND source_distance == 0;0.5;1.0;0.5;0.611111111111111;behavior_3
Desired_353;candidate;satellite_count >= 7 AND a > 10 AND b > 10;battery >= 10 AND satellite_count >= 7 AND wind_speed <= 36;0.6666666666666667;1.0;0.33333333333333326;takeoff == 1;takeoff == 1;0.0;1.0;1.0;source_distance == 0 AND a > 10;height >= 30 AND source_distance == 0;0.5;1.0;0.5;0.611111111111111;behavior_3
Desired_354;candidate;satellite_count >= 7 AND a > 10 AND b > 10;battery >= 10 AND satellite_count >= 7 AND wind_speed <= 36;0.6666666666666667;1.0;0.33333333333333326;takeoff == 1;takeoff == 1;0.0;1.0;1.0;source_distance == 0 AND b > 10;height >= 30 AND source_distance == 0;0.5;1.0;0.5;0.611111111111111;behavior_3
Desired_355;candidate;satellite_count >= 7 AND a > 10 AND b > 10;battery >= 10 AND satellite_count >= 7 AND wind_speed <= 36;0.6666666666666667;1.0;0.33333333333333326;takeoff == 1;takeoff == 1;0.0;1.0;1.0;a > 10 AND b > 10;height >= 30 AND source_distance == 0;1.0;0.0;-1.0;0.11111111111111109;behavior_3
Desired_356;candidate;satellite_count >= 7 AND a > 10 AND b > 10;battery >= 10 AND satellite_count >= 7 AND wind_speed <= 36;0.6666666666666667;1.0;0.33333333333333326;takeoff == 1;takeoff == 1;0.0;1.0;1.0;height >= 30 AND source_distance == 0 AND a > 10;height >= 30 AND source_distance == 0;0.31034482758620685;1.0;0.6896551724137931;0.6743295019157088;behavior_3
Desired_357;candidate;satellite_count >= 7 AND a > 10 AND b > 10;battery >= 10 AND satellite_count >= 7 AND wind_speed <= 36;0.6666666666666667;1.0;0.33333333333333326;takeoff == 1;takeoff == 1;0.0;1.0;1.0;height >= 30 AND source_distance == 0 AND b > 10;height >= 30 AND source_distance == 0;0.31034482758620685;1.0;0.6896551724137931;0.6743295019157088;behavior_3
Desired_358;candidate;satellite_count >= 7 AND a > 10 AND b > 10;battery >= 10 AND satellite_count >= 7 AND wind_speed <= 36;0.6666666666666667;1.0;0.33333333333333326;takeoff == 1;takeoff == 1;0.0;1.0;1.0;height >= 30 AND a > 10 AND b > 10;height >= 30 AND source_distance == 0;0.6551724137931034;1.0;0.3448275862068966;0.5593869731800766;behavior_3
Desired_359;candidate;satellite_count >= 7 AND a > 10 AND b > 10;battery >= 10 AND satellite_count >= 7 AND wind_speed <= 36;0.6666666666666667;1.0;0.33333333333333326;takeoff == 1;takeoff == 1;0.0;1.0;1.0;source_distance == 0 AND a > 10 AND b > 10;height >= 30 AND source_distance == 0;0.6551724137931034;1.0;0.3448275862068966;0.5593869731800766;behavior_3
Desired_360;candidate;satellite_count >= 7 AND a > 10 AND b > 10;battery >= 10 AND satellite_count >= 7 AND wind_speed <= 36;0.6666666666666667;1.0;0.33333333333333326;takeoff == 1;takeoff == 1;0.0;1.0;1.0;height >= 30 AND source_distance == 0 AND a > 10 AND b > 10;height >= 30 AND source_distance == 0;0.4736842105263158;1.0;0.5263157894736842;0.6198830409356725;behavior_3
Desired_361;candidate;wind_speed <= 36 AND a > 10 AND b > 10;battery >= 10 AND satellite_count >= 7 AND wind_speed <= 36;0.6666666666666667;1.0;0.33333333333333326;takeoff == 1;takeoff == 1;0.0;1.0;1.0;height >= 30;height >= 30 AND source_distance == 0;0.09090909090909094;1.0;0.9090909090909091;0.7474747474747474;behavior_3
Desired_362;candidate;wind_speed <= 36 AND a > 10 AND b > 10;battery >= 10 AND satellite_count >= 7 AND wind_speed <= 36;0.6666666666666667;1.0;0.33333333333333326;takeoff == 1;takeoff == 1;0.0;1.0;1.0;source_distance == 0;height >= 30 AND source_distance == 0;0.09090909090909094;1.0;0.9090909090909091;0.7474747474747474;behavior_3
Desired_363;candidate;wind_speed <= 36 AND a > 10 AND b > 10;battery >= 10 AND satellite_count >= 7 AND wind_speed <= 36;0.6666666666666667;1.0;0.33333333333333326;takeoff == 1;takeoff == 1;0.0;1.0;1.0;a > 10;height >= 30 AND source_distance == 0;1.0;0.0;-1.0;0.11111111111111109;behavior_3
Desired_364;candidate;wind_speed <= 36 AND a > 10 AND b > 10;battery >= 10 AND satellite_count >= 7 AND wind_speed <= 36;0.6666666666666667;1.0;0.33333333333333326;takeoff == 1;takeoff == 1;0.0;1.0;1.0;b > 10;height >= 30 AND source_distance == 0;1.0;0.0;-1.0;0.11111111111111109;behavior_3
Desired_365;candidate;wind_speed <= 36 AND a > 10 AND b > 10;battery >= 10 AND satellite_count >= 7 AND wind_speed <= 36;0.6666666666666667;1.0;0.33333333333333326;takeoff == 1;takeoff == 1;0.0;1.0;1.0;height >= 30 AND source_distance == 0;height >= 30 AND source_distance == 0;0.0;1.0;1.0;0.7777777777777777;behavior_3
Desired_366;candidate;wind_speed <= 36 AND a > 10 AND b > 10;battery >= 10 AND satellite_count >= 7 AND wind_speed <= 36;0.6666666666666667;1.0;0.33333333333333326;takeoff == 1;takeoff == 1;0.0;1.0;1.0;height >= 30 AND a > 10;height >= 30 AND source_distance == 0;0.5;1.0;0.5;0.611111111111111;behavior_3
Desired_367;candidate;wind_speed <= 36 AND a > 10 AND b > 10;battery >= 10 AND satellite_count >= 7 AND wind_speed <= 36;0.6666666666666667;1.0;0.33333333333333326;takeoff == 1;takeoff == 1;0.0;1.0;1.0;height >= 30 AND b > 10;height >= 30 AND source_distance == 0;0.5;1.0;0.5;0.611111111111111;behavior_3
Desired_368;candidate;wind_speed <= 36 AND a > 10 AND b > 10;battery >= 10 AND satellite_count >= 7 AND wind_speed <= 36;0.6666666666666667;1.0;0.33333333333333326;takeoff == 1;takeoff == 1;0.0;1.0;1.0;source_distance == 0 AND a > 10;height >= 30 AND source_distance == 0;0.5;1.0;0.5;0.611111111111111;behavior_3
Desired_369;candidate;wind_speed <= 36 AND a > 10 AND b > 10;battery >= 10 AND satellite_count >= 7 AND wind_speed <= 36;0.6666666666666667;1.0;0.33333333333333326;takeoff == 1;takeoff == 1;0.0;1.0;1.0;source_distance == 0 AND b > 10;height >= 30 AND source_distance == 0;0.5;1.0;0.5;0.611111111111111;behavior_3
Desired_370;candidate;wind_speed <= 36 AND a > 10 AND b > 10;battery >= 10 AND satellite_count >= 7 AND wind_speed <= 36;0.6666666666666667;1.0;0.33333333333333326;takeoff == 1;takeoff == 1;0.0;1.0;1.0;a > 10 AND b > 10;height >= 30 AND source_distance == 0;1.0;0.0;-1.0;0.11111111111111109;behavior_3
Desired_371;candidate;wind_speed <= 36 AND a > 10 AND b > 10;battery >= 10 AND satellite_count >= 7 AND wind_speed <= 36;0.6666666666666667;1.0;0.33333333333333326;takeoff == 1;takeoff == 1;0.0;1.0;1.0;height >= 30 AND source_distance == 0 AND a > 10;height >= 30 AND source_distance == 0;0.31034482758620685;1.0;0.6896551724137931;0.6743295019157088;behavior_3
Desired_372;candidate;wind_speed <= 36 AND a > 10 AND b > 10;battery >= 10 AND satellite_count >= 7 AND wind_speed <= 36;0.6666666666666667;1.0;0.33333333333333326;takeoff == 1;takeoff == 1;0.0;1.0;1.0;height >= 30 AND source_distance == 0 AND b > 10;height >= 30 AND source_distance == 0;0.31034482758620685;1.0;0.6896551724137931;0.6743295019157088;behavior_3
Desired_373;candidate;wind_speed <= 36 AND a > 10 AND b > 10;battery >= 10 AND satellite_count >= 7 AND wind_speed <= 36;0.6666666666666667;1.0;0.33333333333333326;takeoff == 1;takeoff == 1;0.0;1.0;1.0;height >= 30 AND a > 10 AND b > 10;height >= 30 AND source_distance == 0;0.6551724137931034;1.0;0.3448275862068966;0.5593869731800766;behavior_3
Desired_374;candidate;wind_speed <= 36 AND a > 10 AND b > 10;battery >= 10 AND satellite_count >= 7 AND wind_speed <= 36;0.6666666666666667;1.0;0.33333333333333326;takeoff == 1;takeoff == 1;0.0;1.0;1.0;source_distance == 0 AND a > 10 AND b > 10;height >= 30 AND source_distance == 0;0.6551724137931034;1.0;0.3448275862068966;0.5593869731800766;behavior_3
Desired_375;candidate;wind_speed <= 36 AND a > 10 AND b > 10;battery >= 10 AND satellite_count >= 7 AND wind_speed <= 36;0.6666666666666667;1.0;0.33333333333333326;takeoff == 1;takeoff == 1;0.0;1.0;1.0;height >= 30 AND source_distance == 0 AND a > 10 AND b > 10;height >= 30 AND source_distance == 0;0.4736842105263158;1.0;0.5263157894736842;0.6198830409356725;behavior_3
Desired_376;candidate;battery >= 10 AND satellite_count >= 7 AND wind_speed <= 36 AND a > 10;battery >= 10 AND satellite_count >= 7 AND wind_speed <= 36;0.23076923076923073;1.0;0.7692307692307693;takeoff == 1;takeoff == 1;0.0;1.0;1.0;height >= 30;height >= 30 AND source_distance == 0;0.09090909090909094;1.0;0.9090909090909091;0.8927738927738927;behavior_3
Desired_377;candidate;battery >= 10 AND satellite_count >= 7 AND wind_speed <= 36 AND a > 10;battery >= 10 AND satellite_count >= 7 AND wind_speed <= 36;0.23076923076923073;1.0;0.7692307692307693;takeoff == 1;takeoff == 1;0.0;1.0;1.0;source_distance == 0;height >= 30 AND source_distance == 0;0.09090909090909094;1.0;0.9090909090909091;0.8927738927738927;behavior_3
Desired_378;candidate;battery >= 10 AND satellite_count >= 7 AND wind_speed <= 36 AND a > 10;battery >= 10 AND satellite_count >= 7 AND wind_speed <= 36;0.23076923076923073;1.0;0.7692307692307693;takeoff == 1;takeoff == 1;0.0;1.0;1.0;a > 10;height >= 30 AND source_distance == 0;1.0;0.0;-1.0;0.2564102564102564;behavior_3
Desired_379;candidate;battery >= 10 AND satellite_count >= 7 AND wind_speed <= 36 AND a > 10;battery >= 10 AND satellite_count >= 7 AND wind_speed <= 36;0.23076923076923073;1.0;0.7692307692307693;takeoff == 1;takeoff == 1;0.0;1.0;1.0;b > 10;height >= 30 AND source_distance == 0;1.0;0.0;-1.0;0.2564102564102564;behavior_3
Desired_380;candidate;battery >= 10 AND satellite_count >= 7 AND wind_speed <= 36 AND a > 10;battery >= 10 AND satellite_count >= 7 AND wind_speed <= 36;0.23076923076923073;1.0;0.7692307692307693;takeoff == 1;takeoff == 1;0.0;1.0;1.0;height >= 30 AND source_distance == 0;height >= 30 AND source_distance == 0;0.0;1.0;1.0;0.923076923076923;behavior_3
Desired_381;candidate;battery >= 10 AND satellite_count >= 7 AND wind_speed <= 36 AND a > 10;battery >= 10 AND satellite_count >= 7 AND wind_speed <= 36;0.23076923076923073;1.0;0.7692307692307693;takeoff == 1;takeoff == 1;0.0;1.0;1.0;height >= 30 AND a > 10;height >= 30 AND source_distance == 0;0.5;1.0;0.5;0.7564102564102564;behavior_3
Desired_382;candidate;battery >= 10 AND satellite_count >= 7 AND wind_speed <= 36 AND a > 10;battery >= 10 AND satellite_count >= 7 AND wind_speed <= 36;0.23076923076923073;1.0;0.7692307692307693;takeoff == 1;takeoff == 1;0.0;1.0;1.0;height >= 30 AND b > 10;height >= 30 AND source_distance == 0;0.5;1.0;0.5;0.7564102564102564;behavior_3
Desired_383;candidate;battery >= 10 AND satellite_count >= 7 AND wind_speed <= 36 AND a > 10;battery >= 10 AND satellite_count >= 7 AND wind_speed <= 36;0.23076923076923073;1.0;0.7692307692307693;takeoff == 1;takeoff == 1;0.0;1.0;1.0;source_distance == 0 AND a > 10;height >= 30 AND source_distance == 0;0.5;1.0;0.5;0.7564102564102564;behavior_3
Desired_384;candidate;battery >= 10 AND satellite_count >= 7 AND wind_speed <= 36 AND a > 10;battery >= 10 AND satellite_count >= 7 AND wind_speed <= 36;0.23076923076923073;1.0;0.7692307692307693;takeoff == 1;takeoff == 1;0.0;1.0;1.0;source_distance == 0 AND b > 10;height >= 30 AND source_distance == 0;0.5;1.0;0.5;0.7564102564102564;behavior_3
Desired_385;candidate;battery >= 10 AND satellite_count >= 7 AND wind_speed <= 36 AND a > 10;battery >= 10 AND satellite_count >= 7 AND wind_speed <= 36;0.23076923076923073;1.0;0.7692307692307693;takeoff == 1;takeoff == 1;0.0;1.0;1.0;a > 10 AND b > 10;height >= 30 AND source_distance == 0;1.0;0.0;-1.0;0.2564102564102564;behavior_3
Desired_386;candidate;battery >= 10 AND satellite_count >= 7 AND wind_speed <= 36 AND a > 10;battery >= 10 AND satellite_count >= 7 AND wind_speed <= 36;0.23076923076923073;1.0;0.7692307692307693;takeoff == 1;takeoff == 1;0.0;1.0;1.0;height >= 30 AND source_distance == 0 AND a > 10;height >= 30 AND source_distance == 0;0.31034482758620685;1.0;0.6896551724137931;0.8196286472148541;behavior_3
Desired_387;candidate;battery >= 10 AND satellite_count >= 7 AND wind_speed <= 36 AND a > 10;battery >= 10 AND satellite_count >= 7 AND wind_speed <= 36;0.23076923076923073;1.0;0.7692307692307693;takeoff == 1;takeoff == 1;0.0;1.0;1.0;height >= 30 AND source_distance == 0 AND b > 10;height >= 30 AND source_distance == 0;0.31034482758620685;1.0;0.6896551724137931;0.8196286472148541;behavior_3
Desired_388;candidate;battery >= 10 AND satellite_count >= 7 AND wind_speed <= 36 AND a > 10;battery >= 10 AND satellite_count >= 7 AND wind_speed <= 36;0.23076923076923073;1.0;0.7692307692307693;takeoff == 1;takeoff == 1;0.0;1.0;1.0;height >= 30 AND a > 10 AND b > 10;height >= 30 AND source_distance == 0;0.6551724137931034;1.0;0.3448275862068966;0.704686118479222;behavior_3
Desired_389;candidate;battery >= 10 AND satellite_count >= 7 AND wind_speed <= 36 AND a > 10;battery >= 10 AND satellite_count >= 7 AND wind_speed <= 36;0.23076923076923073;1.0;0.7692307692307693;takeoff == 1;takeoff == 1;0.0;1.0;1.0;source_distance == 0 AND a > 10 AND b > 10;height >= 30 AND source_distance == 0;0.6551724137931034;1.0;0.3448275862068966;0.704686118479222;behavior_3
Desired_390;candidate;battery >= 10 AND satellite_count >= 7 AND wind_speed <= 36 AND a > 10;battery >= 10 AND satellite_count >= 7 AND wind_speed <= 36;0.23076923076923073;1.0;0.7692307692307693;takeoff == 1;takeoff == 1;0.0;1.0;1.0;height >= 30 AND source_distance == 0 AND a > 10 AND b > 10;height >= 30 AND source_distance == 0;0.4736842105263158;1.0;0.5263157894736842;0.7651821862348177;behavior_3
Desired_391;candidate;battery >= 10 AND satellite_count >= 7 AND wind_speed <= 36 AND b > 10;battery >= 10 AND satellite_count >= 7 AND wind_speed <= 36;0.23076923076923073;1.0;0.7692307692307693;takeoff == 1;takeoff == 1;0.0;1.0;1.0;height >= 30;height >= 30 AND source_distance == 0;0.09090909090909094;1.0;0.9090909090909091;0.8927738927738927;behavior_3
Desired_392;candidate;battery >= 10 AND satellite_count >= 7 AND wind_speed <= 36 AND b > 10;battery >= 10 AND satellite_count >= 7 AND wind_speed <= 36;0.23076923076923073;1.0;0.7692307692307693;takeoff == 1;takeoff == 1;0.0;1.0;1.0;source_distance == 0;height >= 30 AND source_distance == 0;0.09090909090909094;1.0;0.9090909090909091;0.8927738927738927;behavior_3
Desired_393;candidate;battery >= 10 AND satellite_count >= 7 AND wind_speed <= 36 AND b > 10;battery >= 10 AND satellite_count >= 7 AND wind_speed <= 36;0.23076923076923073;1.0;0.7692307692307693;takeoff == 1;takeoff == 1;0.0;1.0;1.0;a > 10;height >= 30 AND source_distance == 0;1.0;0.0;-1.0;0.2564102564102564;behavior_3
Desired_394;candidate;battery >= 10 AND satellite_count >= 7 AND wind_speed <= 36 AND b > 10;battery >= 10 AND satellite_count >= 7 AND wind_speed <= 36;0.23076923076923073;1.0;0.7692307692307693;takeoff == 1;takeoff == 1;0.0;1.0;1.0;b > 10;height >= 30 AND source_distance == 0;1.0;0.0;-1.0;0.2564102564102564;behavior_3
Desired_395;candidate;battery >= 10 AND satellite_count >= 7 AND wind_speed <= 36 AND b > 10;battery >= 10 AND satellite_count >= 7 AND wind_speed <= 36;0.23076923076923073;1.0;0.7692307692307693;takeoff == 1;takeoff == 1;0.0;1.0;1.0;height >= 30 AND source_distance == 0;height >= 30 AND source_distance == 0;0.0;1.0;1.0;0.923076923076923;behavior_3
Desired_396;candidate;battery >= 10 AND satellite_count >= 7 AND wind_speed <= 36 AND b > 10;battery >= 10 AND satellite_count >= 7 AND wind_speed <= 36;0.23076923076923073;1.0;0.7692307692307693;takeoff == 1;takeoff == 1;0.0;1.0;1.0;height >= 30 AND a > 10;height >= 30 AND source_distance == 0;0.5;1.0;0.5;0.7564102564102564;behavior_3
Desired_397;candidate;battery >= 10 AND satellite_count >= 7 AND wind_speed <= 36 AND b > 10;battery >= 10 AND satellite_count >= 7 AND wind_speed <= 36;0.23076923076923073;1.0;0.7692307692307693;takeoff == 1;takeoff == 1;0.0;1.0;1.0;height >= 30 AND b > 10;height >= 30 AND source_distance == 0;0.5;1.0;0.5;0.7564102564102564;behavior_3
Desired_398;candidate;battery >= 10 AND satellite_count >= 7 AND wind_speed <= 36 AND b > 10;battery >= 10 AND satellite_count >= 7 AND wind_speed <= 36;0.23076923076923073;1.0;0.7692307692307693;takeoff == 1;takeoff == 1;0.0;1.0;1.0;source_distance == 0 AND a > 10;height >= 30 AND source_distance == 0;0.5;1.0;0.5;0.7564102564102564;behavior_3
Desired_399;candidate;battery >= 10 AND satellite_count >= 7 AND wind_speed <= 36 AND b > 10;battery >= 10 AND satellite_count >= 7 AND wind_speed <= 36;0.23076923076923073;1.0;0.7692307692307693;takeoff == 1;takeoff == 1;0.0;1.0;1.0;source_distance == 0 AND b > 10;height >= 30 AND source_distance == 0;0.5;1.0;0.5;0.7564102564102564;behavior_3
Desired_400;candidate;battery >= 10 AND satellite_count >= 7 AND wind_speed <= 36 AND b > 10;battery >= 10 AND satellite_count >= 7 AND wind_speed <= 36;0.23076923076923073;1.0;0.7692307692307693;takeoff == 1;takeoff == 1;0.0;1.0;1.0;a > 10 AND b > 10;height >= 30 AND source_distance == 0;1.0;0.0;-1.0;0.2564102564102564;behavior_3
Desired_401;candidate;battery >= 10 AND satellite_count >= 7 AND wind_speed <= 36 AND b > 10;battery >= 10 AND satellite_count >= 7 AND wind_speed <= 36;0.23076923076923073;1.0;0.7692307692307693;takeoff == 1;takeoff == 1;0.0;1.0;1.0;height >= 30 AND source_distance == 0 AND a > 10;height >= 30 AND source_distance == 0;0.31034482758620685;1.0;0.6896551724137931;0.8196286472148541;behavior_3
Desired_402;candidate;battery >= 10 AND satellite_count >= 7 AND wind_speed <= 36 AND b > 10;battery >= 10 AND satellite_count >= 7 AND wind_speed <= 36;0.23076923076923073;1.0;0.7692307692307693;takeoff == 1;takeoff == 1;0.0;1.0;1.0;height >= 30 AND source_distance == 0 AND b > 10;height >= 30 AND source_distance == 0;0.31034482758620685;1.0;0.6896551724137931;0.8196286472148541;behavior_3
Desired_403;candidate;battery >= 10 AND satellite_count >= 7 AND wind_speed <= 36 AND b > 10;battery >= 10 AND satellite_count >= 7 AND wind_speed <= 36;0.23076923076923073;1.0;0.7692307692307693;takeoff == 1;takeoff == 1;0.0;1.0;1.0;height >= 30 AND a > 10 AND b > 10;height >= 30 AND source_distance == 0;0.6551724137931034;1.0;0.3448275862068966;0.704686118479222;behavior_3
Desired_404;candidate;battery >= 10 AND satellite_count >= 7 AND wind_speed <= 36 AND b > 10;battery >= 10 AND satellite_count >= 7 AND wind_speed <= 36;0.23076923076923073;1.0;0.7692307692307693;takeoff == 1;takeoff == 1;0.0;1.0;1.0;source_distance == 0 AND a > 10 AND b > 10;height >= 30 AND source_distance == 0;0.6551724137931034;1.0;0.3448275862068966;0.704686118479222;behavior_3
Desired_405;candidate;battery >= 10 AND satellite_count >= 7 AND wind_speed <= 36 AND b > 10;battery >= 10 AND satellite_count >= 7 AND wind_speed <= 36;0.23076923076923073;1.0;0.7692307692307693;takeoff == 1;takeoff == 1;0.0;1.0;1.0;height >= 30 AND source_distance == 0 AND a > 10 AND b > 10;height >= 30 AND source_distance == 0;0.4736842105263158;1.0;0.5263157894736842;0.7651821862348177;behavior_3
Desired_406;candidate;battery >= 10 AND satellite_count >= 7 AND a > 10 AND b > 10;battery >= 10 AND satellite_count >= 7 AND wind_speed <= 36;0.4871794871794871;1.0;0.5128205128205129;takeoff == 1;takeoff == 1;0.0;1.0;1.0;height >= 30;height >= 30 AND source_distance == 0;0.09090909090909094;1.0;0.9090909090909091;0.8073038073038074;behavior_3
Desired_407;candidate;battery >= 10 AND satellite_count >= 7 AND a > 10 AND b > 10;battery >= 10 AND satellite_count >= 7 AND wind_speed <= 36;0.4871794871794871;1.0;0.5128205128205129;takeoff == 1;takeoff == 1;0.0;1.0;1.0;source_distance == 0;height >= 30 AND source_distance == 0;0.09090909090909094;1.0;0.9090909090909091;0.8073038073038074;behavior_3
Desired_408;candidate;battery >= 10 AND satellite_count >= 7 AND a > 10 AND b > 10;battery >= 10 AND satellite_count >= 7 AND wind_speed <= 36;0.4871794871794871;1.0;0.5128205128205129;takeoff == 1;takeoff == 1;0.0;1.0;1.0;a > 10;height >= 30 AND source_distance == 0;1.0;0.0;-1.0;0.17094017094017092;behavior_3
Desired_409;candidate;battery >= 10 AND satellite_count >= 7 AND a > 10 AND b > 10;battery >= 10 AND satellite_count >= 7 AND wind_speed <= 36;0.4871794871794871;1.0;0.5128205128205129;takeoff == 1;takeoff == 1;0.0;1.0;1.0;b > 10;height >= 30 AND source_distance == 0;1.0;0.0;-1.0;0.17094017094017092;behavior_3
Desired_410;candidate;battery >= 10 AND satellite_count >= 7 AND a > 10 AND b > 10;battery >= 10 AND satellite_count >= 7 AND wind_speed <= 36;0.4871794871794871;1.0;0.5128205128205129;takeoff == 1;takeoff == 1;0.0;1.0;1.0;height >= 30 AND source_distance == 0;height >= 30 AND source_distance == 0;0.0;1.0;1.0;0.8376068376068376;behavior_3
Desired_411;candidate;battery >= 10 AND satellite_count >= 7 AND a > 10 AND b > 10;battery >= 10 AND satellite_count >= 7 AND wind_speed <= 36;0.4871794871794871;1.0;0.5128205128205129;takeoff == 1;takeoff == 1;0.0;1.0;1.0;height >= 30 AND a > 10;height >= 30 AND source_distance == 0;0.5;1.0;0.5;0.6709401709401709;behavior_3
Desired_412;candidate;battery >= 10 AND satellite_count >= 7 AND a > 10 AND b > 10;battery >= 10 AND satellite_count >= 7 AND wind_speed <= 36;0.4871794871794871;1.0;0.5128205128205129;takeoff == 1;takeoff == 1;0.0;1.0;1.0;height >= 30 AND b > 10;height >= 30 AND source_distance == 0;0.5;1.0;0.5;0.6709401709401709;behavior_3
Desired_413;candidate;battery >= 10 AND satellite_count >= 7 AND a > 10 AND b > 10;battery >= 10 AND satellite_count >= 7 AND wind_speed <= 36;0.4871794871794871;1.0;0.5128205128205129;takeoff == 1;takeoff == 1;0.0;1.0;1.0;source_distance == 0 AND a > 10;height >= 30 AND source_distance == 0;0.5;1.0;0.5;0.6709401709401709;behavior_3
Desired_414;candidate;battery >= 10 AND satellite_count >= 7 AND a > 10 AND b > 10;battery >= 10 AND satellite_count >= 7 AND wind_speed <= 36;0.4871794871794871;1.0;0.5128205128205129;takeoff == 1;takeoff == 1;0.0;1.0;1.0;source_distance == 0 AND b > 10;height >= 30 AND source_distance == 0;0.5;1.0;0.5;0.6709401709401709;behavior_3
Desired_415;candidate;battery >= 10 AND satellite_count >= 7 AND a > 10 AND b > 10;battery >= 10 AND satellite_count >= 7 AND wind_speed <= 36;0.4871794871794871;1.0;0.5128205128205129;takeoff == 1;takeoff == 1;0.0;1.0;1.0;a > 10 AND b > 10;height >= 30 AND source_distance == 0;1.0;0.0;-1.0;0.17094017094017092;behavior_3
Desired_416;candidate;battery >= 10 AND satellite_count >= 7 AND a > 10 AND b > 10;battery >= 10 AND satellite_count >= 7 AND wind_speed <= 36;0.4871794871794871;1.0;0.5128205128205129;takeoff == 1;takeoff == 1;0.0;1.0;1.0;height >= 30 AND source_distance == 0 AND a > 10;height >= 30 AND source_distance == 0;0.31034482758620685;1.0;0.6896551724137931;0.7341585617447687;behavior_3
Desired_417;candidate;battery >= 10 AND satellite_count >= 7 AND a > 10 AND b > 10;battery >= 10 AND satellite_count >= 7 AND wind_speed <= 36;0.4871794871794871;1.0;0.5128205128205129;takeoff == 1;takeoff == 1;0.0;1.0;1.0;height >= 30 AND source_distance == 0 AND b > 10;height >= 30 AND source_distance == 0;0.31034482758620685;1.0;0.6896551724137931;0.7341585617447687;behavior_3
Desired_418;candidate;battery >= 10 AND satellite_count >= 7 AND a > 10 AND b > 10;battery >= 10 AND satellite_count >= 7 AND wind_speed <= 36;0.4871794871794871;1.0;0.5128205128205129;takeoff == 1;takeoff == 1;0.0;1.0;1.0;height >= 30 AND a > 10 AND b > 10;height >= 30 AND source_distance == 0;0.6551724137931034;1.0;0.3448275862068966;0.6192160330091364;behavior_3
Desired_419;candidate;battery >= 10 AND satellite_count >= 7 AND a > 10 AND b > 10;battery >= 10 AND satellite_count >= 7 AND wind_speed <= 36;0.4871794871794871;1.0;0.5128205128205129;takeoff == 1;takeoff == 1;0.0;1.0;1.0;source_distance == 0 AND a > 10 AND b > 10;height >= 30 AND source_distance == 0;0.6551724137931034;1.0;0.3448275862068966;0.6192160330091364;behavior_3
Desired_420;candidate;battery >= 10 AND satellite_count >= 7 AND a > 10 AND b > 10;battery >= 10 AND satellite_count >= 7 AND wind_speed <= 36;0.4871794871794871;1.0;0.5128205128205129;takeoff == 1;takeoff == 1;0.0;1.0;1.0;height >= 30 AND source_distance == 0 AND a > 10 AND b > 10;height >= 30 AND source_distance == 0;0.4736842105263158;1.0;0.5263157894736842;0.6797121007647323;behavior_3
Desired_421;candidate;battery >= 10 AND wind_speed <= 36 AND a > 10 AND b > 10;battery >= 10 AND satellite_count >= 7 AND wind_speed <= 36;0.4871794871794871;1.0;0.5128205128205129;takeoff == 1;takeoff == 1;0.0;1.0;1.0;height >= 30;height >= 30 AND source_distance == 0;0.09090909090909094;1.0;0.9090909090909091;0.8073038073038074;behavior_3
Desired_422;candidate;battery >= 10 AND wind_speed <= 36 AND a > 10 AND b > 10;battery >= 10 AND satellite_count >= 7 AND wind_speed <= 36;0.4871794871794871;1.0;0.5128205128205129;takeoff == 1;takeoff == 1;0.0;1.0;1.0;source_distance == 0;height >= 30 AND source_distance == 0;0.09090909090909094;1.0;0.9090909090909091;0.8073038073038074;behavior_3
Desired_423;candidate;battery >= 10 AND wind_speed <= 36 AND a > 10 AND b > 10;battery >= 10 AND satellite_count >= 7 AND wind_speed <= 36;0.4871794871794871;1.0;0.5128205128205129;takeoff == 1;takeoff == 1;0.0;1.0;1.0;a > 10;height >= 30 AND source_distance == 0;1.0;0.0;-1.0;0.17094017094017092;behavior_3
Desired_424;candidate;battery >= 10 AND wind_speed <= 36 AND a > 10 AND b > 10;battery >= 10 AND satellite_count >= 7 AND wind_speed <= 36;0.4871794871794871;1.0;0.5128205128205129;takeoff == 1;takeoff == 1;0.0;1.0;1.0;b > 10;height >= 30 AND source_distance == 0;1.0;0.0;-1.0;0.17094017094017092;behavior_3
Desired_425;candidate;battery >= 10 AND wind_speed <= 36 AND a > 10 AND b > 10;battery >= 10 AND satellite_count >= 7 AND wind_speed <= 36;0.4871794871794871;1.0;0.5128205128205129;takeoff == 1;takeoff == 1;0.0;1.0;1.0;height >= 30 AND source_distance == 0;height >= 30 AND source_distance == 0;0.0;1.0;1.0;0.8376068376068376;behavior_3
Desired_426;candidate;battery >= 10 AND wind_speed <= 36 AND a > 10 AND b > 10;battery >= 10 AND satellite_count >= 7 AND wind_speed <= 36;0.4871794871794871;1.0;0.5128205128205129;takeoff == 1;takeoff == 1;0.0;1.0;1.0;height >= 30 AND a > 10;height >= 30 AND source_distance == 0;0.5;1.0;0.5;0.6709401709401709;behavior_3
Desired_427;candidate;battery >= 10 AND wind_speed <= 36 AND a > 10 AND b > 10;battery >= 10 AND satellite_count >= 7 AND wind_speed <= 36;0.4871794871794871;1.0;0.5128205128205129;takeoff == 1;takeoff == 1;0.0;1.0;1.0;height >= 30 AND b > 10;height >= 30 AND source_distance == 0;0.5;1.0;0.5;0.6709401709401709;behavior_3
Desired_428;candidate;battery >= 10 AND wind_speed <= 36 AND a > 10 AND b > 10;battery >= 10 AND satellite_count >= 7 AND wind_speed <= 36;0.4871794871794871;1.0;0.5128205128205129;takeoff == 1;takeoff == 1;0.0;1.0;1.0;source_distance == 0 AND a > 10;height >= 30 AND source_distance == 0;0.5;1.0;0.5;0.6709401709401709;behavior_3
Desired_429;candidate;battery >= 10 AND wind_speed <= 36 AND a > 10 AND b > 10;battery >= 10 AND satellite_count >= 7 AND wind_speed <= 36;0.4871794871794871;1.0;0.5128205128205129;takeoff == 1;takeoff == 1;0.0;1.0;1.0;source_distance == 0 AND b > 10;height >= 30 AND source_distance == 0;0.5;1.0;0.5;0.6709401709401709;behavior_3
Desired_430;candidate;battery >= 10 AND wind_speed <= 36 AND a > 10 AND b > 10;battery >= 10 AND satellite_count >= 7 AND wind_speed <= 36;0.4871794871794871;1.0;0.5128205128205129;takeoff == 1;takeoff == 1;0.0;1.0;1.0;a > 10 AND b > 10;height >= 30 AND source_distance == 0;1.0;0.0;-1.0;0.17094017094017092;behavior_3
Desired_431;candidate;battery >= 10 AND wind_speed <= 36 AND a > 10 AND b > 10;battery >= 10 AND satellite_count >= 7 AND wind_speed <= 36;0.4871794871794871;1.0;0.5128205128205129;takeoff == 1;takeoff == 1;0.0;1.0;1.0;height >= 30 AND source_distance == 0 AND a > 10;height >= 30 AND source_distance == 0;0.31034482758620685;1.0;0.6896551724137931;0.7341585617447687;behavior_3
Desired_432;candidate;battery >= 10 AND wind_speed <= 36 AND a > 10 AND b > 10;battery >= 10 AND satellite_count >= 7 AND wind_speed <= 36;0.4871794871794871;1.0;0.5128205128205129;takeoff == 1;takeoff == 1;0.0;1.0;1.0;height >= 30 AND source_distance == 0 AND b > 10;height >= 30 AND source_distance == 0;0.31034482758620685;1.0;0.6896551724137931;0.7341585617447687;behavior_3
Desired_433;candidate;battery >= 10 AND wind_speed <= 36 AND a > 10 AND b > 10;battery >= 10 AND satellite_count >= 7 AND wind_speed <= 36;0.4871794871794871;1.0;0.5128205128205129;takeoff == 1;takeoff == 1;0.0;1.0;1.0;height >= 30 AND a > 10 AND b > 10;height >= 30 AND source_distance == 0;0.6551724137931034;1.0;0.3448275862068966;0.6192160330091364;behavior_3
Desired_434;candidate;battery >= 10 AND wind_speed <= 36 AND a > 10 AND b > 10;battery >= 10 AND satellite_count >= 7 AND wind_speed <= 36;0.4871794871794871;1.0;0.5128205128205129;takeoff == 1;takeoff == 1;0.0;1.0;1.0;source_distance == 0 AND a > 10 AND b > 10;height >= 30 AND source_distance == 0;0.6551724137931034;1.0;0.3448275862068966;0.6192160330091364;behavior_3
Desired_435;candidate;battery >= 10 AND wind_speed <= 36 AND a > 10 AND b > 10;battery >= 10 AND satellite_count >= 7 AND wind_speed <= 36;0.4871794871794871;1.0;0.5128205128205129;takeoff == 1;takeoff == 1;0.0;1.0;1.0;height >= 30 AND source_distance == 0 AND a > 10 AND b > 10;height >= 30 AND source_distance == 0;0.4736842105263158;1.0;0.5263157894736842;0.6797121007647323;behavior_3
Desired_436;candidate;satellite_count >= 7 AND wind_speed <= 36 AND a > 10 AND b > 10;battery >= 10 AND satellite_count >= 7 AND wind_speed <= 36;0.4871794871794871;1.0;0.5128205128205129;takeoff == 1;takeoff == 1;0.0;1.0;1.0;height >= 30;height >= 30 AND source_distance == 0;0.09090909090909094;1.0;0.9090909090909091;0.8073038073038074;behavior_3
Desired_437;candidate;satellite_count >= 7 AND wind_speed <= 36 AND a > 10 AND b > 10;battery >= 10 AND satellite_count >= 7 AND wind_speed <= 36;0.4871794871794871;1.0;0.5128205128205129;takeoff == 1;takeoff == 1;0.0;1.0;1.0;source_distance == 0;height >= 30 AND source_distance == 0;0.09090909090909094;1.0;0.9090909090909091;0.8073038073038074;behavior_3
Desired_438;candidate;satellite_count >= 7 AND wind_speed <= 36 AND a > 10 AND b > 10;battery >= 10 AND satellite_count >= 7 AND wind_speed <= 36;0.4871794871794871;1.0;0.5128205128205129;takeoff == 1;takeoff == 1;0.0;1.0;1.0;a > 10;height >= 30 AND source_distance == 0;1.0;0.0;-1.0;0.17094017094017092;behavior_3
Desired_439;candidate;satellite_count >= 7 AND wind_speed <= 36 AND a > 10 AND b > 10;battery >= 10 AND satellite_count >= 7 AND wind_speed <= 36;0.4871794871794871;1.0;0.5128205128205129;takeoff == 1;takeoff == 1;0.0;1.0;1.0;b > 10;height >= 30 AND source_distance == 0;1.0;0.0;-1.0;0.17094017094017092;behavior_3
Desired_440;candidate;satellite_count >= 7 AND wind_speed <= 36 AND a > 10 AND b > 10;battery >= 10 AND satellite_count >= 7 AND wind_speed <= 36;0.4871794871794871;1.0;0.5128205128205129;takeoff == 1;takeoff == 1;0.0;1.0;1.0;height >= 30 AND source_distance == 0;height >= 30 AND source_distance == 0;0.0;1.0;1.0;0.8376068376068376;behavior_3
Desired_441;candidate;satellite_count >= 7 AND wind_speed <= 36 AND a > 10 AND b > 10;battery >= 10 AND satellite_count >= 7 AND wind_speed <= 36;0.4871794871794871;1.0;0.5128205128205129;takeoff == 1;takeoff == 1;0.0;1.0;1.0;height >= 30 AND a > 10;height >= 30 AND source_distance == 0;0.5;1.0;0.5;0.6709401709401709;behavior_3
Desired_442;candidate;satellite_count >= 7 AND wind_speed <= 36 AND a > 10 AND b > 10;battery >= 10 AND satellite_count >= 7 AND wind_speed <= 36;0.4871794871794871;1.0;0.5128205128205129;takeoff == 1;takeoff == 1;0.0;1.0;1.0;height >= 30 AND b > 10;height >= 30 AND source_distance == 0;0.5;1.0;0.5;0.6709401709401709;behavior_3
Desired_443;candidate;satellite_count >= 7 AND wind_speed <= 36 AND a > 10 AND b > 10;battery >= 10 AND satellite_count >= 7 AND wind_speed <= 36;0.4871794871794871;1.0;0.5128205128205129;takeoff == 1;takeoff == 1;0.0;1.0;1.0;source_distance == 0 AND a > 10;height >= 30 AND source_distance == 0;0.5;1.0;0.5;0.6709401709401709;behavior_3
Desired_444;candidate;satellite_count >= 7 AND wind_speed <= 36 AND a > 10 AND b > 10;battery >= 10 AND satellite_count >= 7 AND wind_speed <= 36;0.4871794871794871;1.0;0.5128205128205129;takeoff == 1;takeoff == 1;0.0;1.0;1.0;source_distance == 0 AND b > 10;height >= 30 AND source_distance == 0;0.5;1.0;0.5;0.6709401709401709;behavior_3
Desired_445;candidate;satellite_count >= 7 AND wind_speed <= 36 AND a > 10 AND b > 10;battery >= 10 AND satellite_count >= 7 AND wind_speed <= 36;0.4871794871794871;1.0;0.5128205128205129;takeoff == 1;takeoff == 1;0.0;1.0;1.0;a > 10 AND b > 10;height >= 30 AND source_distance == 0;1.0;0.0;-1.0;0.17094017094017092;behavior_3
Desired_446;candidate;satellite_count >= 7 AND wind_speed <= 36 AND a > 10 AND b > 10;battery >= 10 AND satellite_count >= 7 AND wind_speed <= 36;0.4871794871794871;1.0;0.5128205128205129;takeoff == 1;takeoff == 1;0.0;1.0;1.0;height >= 30 AND source_distance == 0 AND a > 10;height >= 30 AND source_distance == 0;0.31034482758620685;1.0;0.6896551724137931;0.7341585617447687;behavior_3
Desired_447;candidate;satellite_count >= 7 AND wind_speed <= 36 AND a > 10 AND b > 10;battery >= 10 AND satellite_count >= 7 AND wind_speed <= 36;0.4871794871794871;1.0;0.5128205128205129;takeoff == 1;takeoff == 1;0.0;1.0;1.0;height >= 30 AND source_distance == 0 AND b > 10;height >= 30 AND source_distance == 0;0.31034482758620685;1.0;0.6896551724137931;0.7341585617447687;behavior_3
Desired_448;candidate;satellite_count >= 7 AND wind_speed <= 36 AND a > 10 AND b > 10;battery >= 10 AND satellite_count >= 7 AND wind_speed <= 36;0.4871794871794871;1.0;0.5128205128205129;takeoff == 1;takeoff == 1;0.0;1.0;1.0;height >= 30 AND a > 10 AND b > 10;height >= 30 AND source_distance == 0;0.6551724137931034;1.0;0.3448275862068966;0.6192160330091364;behavior_3
Desired_449;candidate;satellite_count >= 7 AND wind_speed <= 36 AND a > 10 AND b > 10;battery >= 10 AND satellite_count >= 7 AND wind_speed <= 36;0.4871794871794871;1.0;0.5128205128205129;takeoff == 1;takeoff == 1;0.0;1.0;1.0;source_distance == 0 AND a > 10 AND b > 10;height >= 30 AND source_distance == 0;0.6551724137931034;1.0;0.3448275862068966;0.6192160330091364;behavior_3
Desired_450;candidate;satellite_count >= 7 AND wind_speed <= 36 AND a > 10 AND b > 10;battery >= 10 AND satellite_count >= 7 AND wind_speed <= 36;0.4871794871794871;1.0;0.5128205128205129;takeoff == 1;takeoff == 1;0.0;1.0;1.0;height >= 30 AND source_distance == 0 AND a > 10 AND b > 10;height >= 30 AND source_distance == 0;0.4736842105263158;1.0;0.5263157894736842;0.6797121007647323;behavior_3
Desired_451;candidate;battery >= 10 AND satellite_count >= 7 AND wind_speed <= 36 AND a > 10 AND b > 10;battery >= 10 AND satellite_count >= 7 AND wind_speed <= 36;0.375;1.0;0.625;takeoff == 1;takeoff == 1;0.0;1.0;1.0;height >= 30;height >= 30 AND source_distance == 0;0.09090909090909094;1.0;0.9090909090909091;0.8446969696969697;behavior_3
Desired_452;candidate;battery >= 10 AND satellite_count >= 7 AND wind_speed <= 36 AND a > 10 AND b > 10;battery >= 10 AND satellite_count >= 7 AND wind_speed <= 36;0.375;1.0;0.625;takeoff == 1;takeoff == 1;0.0;1.0;1.0;source_distance == 0;height >= 30 AND source_distance == 0;0.09090909090909094;1.0;0.9090909090909091;0.8446969696969697;behavior_3
Desired_453;candidate;battery >= 10 AND satellite_count >= 7 AND wind_speed <= 36 AND a > 10 AND b > 10;battery >= 10 AND satellite_count >= 7 AND wind_speed <= 36;0.375;1.0;0.625;takeoff == 1;takeoff == 1;0.0;1.0;1.0;a > 10;height >= 30 AND source_distance == 0;1.0;0.0;-1.0;0.20833333333333334;behavior_3
Desired_454;candidate;battery >= 10 AND satellite_count >= 7 AND wind_speed <= 36 AND a > 10 AND b > 10;battery >= 10 AND satellite_count >= 7 AND wind_speed <= 36;0.375;1.0;0.625;takeoff == 1;takeoff == 1;0.0;1.0;1.0;b > 10;height >= 30 AND source_distance == 0;1.0;0.0;-1.0;0.20833333333333334;behavior_3
Desired_455;candidate;battery >= 10 AND satellite_count >= 7 AND wind_speed <= 36 AND a > 10 AND b > 10;battery >= 10 AND satellite_count >= 7 AND wind_speed <= 36;0.375;1.0;0.625;takeoff == 1;takeoff == 1;0.0;1.0;1.0;height >= 30 AND source_distance == 0;height >= 30 AND source_distance == 0;0.0;1.0;1.0;0.875;behavior_3
Desired_456;candidate;battery >= 10 AND satellite_count >= 7 AND wind_speed <= 36 AND a > 10 AND b > 10;battery >= 10 AND satellite_count >= 7 AND wind_speed <= 36;0.375;1.0;0.625;takeoff == 1;takeoff == 1;0.0;1.0;1.0;height >= 30 AND a > 10;height >= 30 AND source_distance == 0;0.5;1.0;0.5;0.7083333333333334;behavior_3
Desired_457;candidate;battery >= 10 AND satellite_count >= 7 AND wind_speed <= 36 AND a > 10 AND b > 10;battery >= 10 AND satellite_count >= 7 AND wind_speed <= 36;0.375;1.0;0.625;takeoff == 1;takeoff == 1;0.0;1.0;1.0;height >= 30 AND b > 10;height >= 30 AND source_distance == 0;0.5;1.0;0.5;0.7083333333333334;behavior_3
Desired_458;candidate;battery >= 10 AND satellite_count >= 7 AND wind_speed <= 36 AND a > 10 AND b > 10;battery >= 10 AND satellite_count >= 7 AND wind_speed <= 36;0.375;1.0;0.625;takeoff == 1;takeoff == 1;0.0;1.0;1.0;source_distance == 0 AND a > 10;height >= 30 AND source_distance == 0;0.5;1.0;0.5;0.7083333333333334;behavior_3
Desired_459;candidate;battery >= 10 AND satellite_count >= 7 AND wind_speed <= 36 AND a > 10 AND b > 10;battery >= 10 AND satellite_count >= 7 AND wind_speed <= 36;0.375;1.0;0.625;takeoff == 1;takeoff == 1;0.0;1.0;1.0;source_distance == 0 AND b > 10;height >= 30 AND source_distance == 0;0.5;1.0;0.5;0.7083333333333334;behavior_3
Desired_460;candidate;battery >= 10 AND satellite_count >= 7 AND wind_speed <= 36 AND a > 10 AND b > 10;battery >= 10 AND satellite_count >= 7 AND wind_speed <= 36;0.375;1.0;0.625;takeoff == 1;takeoff == 1;0.0;1.0;1.0;a > 10 AND b > 10;height >= 30 AND source_distance == 0;1.0;0.0;-1.0;0.20833333333333334;behavior_3
Desired_461;candidate;battery >= 10 AND satellite_count >= 7 AND wind_speed <= 36 AND a > 10 AND b > 10;battery >= 10 AND satellite_count >= 7 AND wind_speed <= 36;0.375;1.0;0.625;takeoff == 1;takeoff == 1;0.0;1.0;1.0;height >= 30 AND source_distance == 0 AND a > 10;height >= 30 AND source_distance == 0;0.31034482758620685;1.0;0.6896551724137931;0.771551724137931;behavior_3
Desired_462;candidate;battery >= 10 AND satellite_count >= 7 AND wind_speed <= 36 AND a > 10 AND b > 10;battery >= 10 AND satellite_count >= 7 AND wind_speed <= 36;0.375;1.0;0.625;takeoff == 1;takeoff == 1;0.0;1.0;1.0;height >= 30 AND source_distance == 0 AND b > 10;height >= 30 AND source_distance == 0;0.31034482758620685;1.0;0.6896551724137931;0.771551724137931;behavior_3
Desired_463;candidate;battery >= 10 AND satellite_count >= 7 AND wind_speed <= 36 AND a > 10 AND b > 10;battery >= 10 AND satellite_count >= 7 AND wind_speed <= 36;0.375;1.0;0.625;takeoff == 1;takeoff == 1;0.0;1.0;1.0;height >= 30 AND a > 10 AND b > 10;height >= 30 AND source_distance == 0;0.6551724137931034;1.0;0.3448275862068966;0.6566091954022989;behavior_3
Desired_464;candidate;battery >= 10 AND satellite_count >= 7 AND wind_speed <= 36 AND a > 10 AND b > 10;battery >= 10 AND satellite_count >= 7 AND wind_speed <= 36;0.375;1.0;0.625;takeoff == 1;takeoff == 1;0.0;1.0;1.0;source_distance == 0 AND a > 10 AND b > 10;height >= 30 AND source_distance == 0;0.6551724137931034;1.0;0.3448275862068966;0.6566091954022989;behavior_3
Desired_465;candidate;battery >= 10 AND satellite_count >= 7 AND wind_speed <= 36 AND a > 10 AND b > 10;battery >= 10 AND satellite_count >= 7 AND wind_speed <= 36;0.375;1.0;0.625;takeoff == 1;takeoff == 1;0.0;1.0;1.0;height >= 30 AND source_distance == 0 AND a > 10 AND b > 10;height >= 30 AND source_distance == 0;0.4736842105263158;1.0;0.5263157894736842;0.7171052631578947;behavior_3
